+ rm -rf build
+ cmake -S . -B build -DPICO_BOARD=pico2 -DCMAKE_VERBOSE_MAKEFILE=ON
PICO_SDK_PATH is /home/gpu/het68/pico-sdk
Target board (PICO_BOARD) is 'pico2'.
Using board configuration from /home/gpu/het68/pico-sdk/src/boards/include/boards/pico2.h
Auto-converting non-specific PICO_PLATFORM='rp2350' to 'rp2350-arm-s'
Defaulting platform (PICO_PLATFORM) to 'rp2350-arm-s' based on PICO_BOARD setting.
-- Defaulting build type to 'Release' since not specified.
Defaulting compiler (PICO_COMPILER) to 'pico_arm_cortex_m33_gcc' since not specified.
Configuring toolchain based on PICO_COMPILER 'pico_arm_cortex_m33_gcc'
Defaulting PICO_GCC_TRIPLE to 'arm-none-eabi'
-- The C compiler identification is GNU 13.2.1
-- The CXX compiler identification is GNU 13.2.1
-- The ASM compiler identification is GNU
-- Found assembler: /usr/bin/arm-none-eabi-gcc
-- Detecting C compiler ABI info
-- Detecting C compiler ABI info - done
-- Check for working C compiler: /usr/bin/arm-none-eabi-gcc - skipped
-- Detecting C compile features
-- Detecting C compile features - done
-- Detecting CXX compiler ABI info
-- Detecting CXX compiler ABI info - done
-- Check for working CXX compiler: /usr/bin/arm-none-eabi-g++ - skipped
-- Detecting CXX compile features
-- Detecting CXX compile features - done
Build type is Release
CMake Warning at pico-sdk/tools/Findpicotool.cmake:30 (message):
  No installed picotool with version 2.1.1 found - building from source

  It is recommended to build and install picotool separately, or to set
  PICOTOOL_FETCH_FROM_GIT_PATH to a common directory for all your SDK
  projects
Call Stack (most recent call first):
  pico-sdk/tools/CMakeLists.txt:168 (find_package)
  pico-sdk/src/cmake/on_device.cmake:54 (pico_init_picotool)
  pico-sdk/src/rp2350/boot_stage2/CMakeLists.txt:63 (pico_add_dis_output)
  pico-sdk/src/rp2350/boot_stage2/CMakeLists.txt:104 (pico_define_boot_stage2)


Downloading Picotool
Using picotool from /home/gpu/het68/build/_deps/picotool/picotool
-- Found Python3: /usr/bin/python3 (found version "3.12.3") found components: Interpreter 
TinyUSB available at /home/gpu/het68/pico-sdk/lib/tinyusb/hw/bsp/rp2040; enabling build support for USB.
BTstack available at /home/gpu/het68/pico-sdk/lib/btstack
cyw43-driver available at /home/gpu/het68/pico-sdk/lib/cyw43-driver
mbedtls available at /home/gpu/het68/pico-sdk/lib/mbedtls
lwIP available at /home/gpu/het68/pico-sdk/lib/lwip
-- Configuring done (2.5s)
-- Generating done (0.1s)
-- Build files have been written to: /home/gpu/het68/build
+ cmake --build build --parallel --verbose
Change Dir: '/home/gpu/het68/build'

Run Build Command(s): /usr/bin/cmake -E env VERBOSE=1 /usr/bin/gmake -f Makefile -j
/usr/bin/cmake -S/home/gpu/het68 -B/home/gpu/het68/build --check-build-system CMakeFiles/Makefile.cmake 0
/usr/bin/cmake -E cmake_progress_start /home/gpu/het68/build/CMakeFiles /home/gpu/het68/build//CMakeFiles/progress.marks
/usr/bin/gmake  -f CMakeFiles/Makefile2 all
gmake[1]: Entering directory '/home/gpu/het68/build'
/usr/bin/gmake  -f pico-sdk/src/rp2350/boot_stage2/CMakeFiles/picotoolForceReconfigure.dir/build.make pico-sdk/src/rp2350/boot_stage2/CMakeFiles/picotoolForceReconfigure.dir/depend
/usr/bin/gmake  -f pico-sdk/src/rp2_common/pico_cyw43_driver/CMakeFiles/pioasmBuild.dir/build.make pico-sdk/src/rp2_common/pico_cyw43_driver/CMakeFiles/pioasmBuild.dir/depend
gmake[2]: Entering directory '/home/gpu/het68/build'
cd /home/gpu/het68/build && /usr/bin/cmake -E cmake_depends "Unix Makefiles" /home/gpu/het68 /home/gpu/het68/pico-sdk/src/rp2350/boot_stage2 /home/gpu/het68/build /home/gpu/het68/build/pico-sdk/src/rp2350/boot_stage2 /home/gpu/het68/build/pico-sdk/src/rp2350/boot_stage2/CMakeFiles/picotoolForceReconfigure.dir/DependInfo.cmake "--color="
gmake[2]: Entering directory '/home/gpu/het68/build'
cd /home/gpu/het68/build && /usr/bin/cmake -E cmake_depends "Unix Makefiles" /home/gpu/het68 /home/gpu/het68/pico-sdk/src/rp2_common/pico_cyw43_driver /home/gpu/het68/build /home/gpu/het68/build/pico-sdk/src/rp2_common/pico_cyw43_driver /home/gpu/het68/build/pico-sdk/src/rp2_common/pico_cyw43_driver/CMakeFiles/pioasmBuild.dir/DependInfo.cmake "--color="
gmake[2]: Leaving directory '/home/gpu/het68/build'
gmake[2]: Leaving directory '/home/gpu/het68/build'
/usr/bin/gmake  -f pico-sdk/src/rp2350/boot_stage2/CMakeFiles/picotoolForceReconfigure.dir/build.make pico-sdk/src/rp2350/boot_stage2/CMakeFiles/picotoolForceReconfigure.dir/build
/usr/bin/gmake  -f pico-sdk/src/rp2_common/pico_cyw43_driver/CMakeFiles/pioasmBuild.dir/build.make pico-sdk/src/rp2_common/pico_cyw43_driver/CMakeFiles/pioasmBuild.dir/build
gmake[2]: Entering directory '/home/gpu/het68/build'
cd /home/gpu/het68/build/pico-sdk/src/rp2350/boot_stage2 && /usr/bin/cmake -E touch_nocreate /home/gpu/het68/CMakeLists.txt
gmake[2]: Entering directory '/home/gpu/het68/build'
[  1%] Creating directories for 'pioasmBuild'
gmake[2]: Leaving directory '/home/gpu/het68/build'
cd /home/gpu/het68/build/pico-sdk/src/rp2_common/pico_cyw43_driver && /usr/bin/cmake -Dcfgdir= -P /home/gpu/het68/build/pico-sdk/src/rp2_common/pico_cyw43_driver/pioasm/tmp/pioasmBuild-mkdirs.cmake
[  1%] Built target picotoolForceReconfigure
/usr/bin/gmake  -f pico-sdk/src/rp2350/boot_stage2/CMakeFiles/picotoolBuild.dir/build.make pico-sdk/src/rp2350/boot_stage2/CMakeFiles/picotoolBuild.dir/depend
cd /home/gpu/het68/build/pico-sdk/src/rp2_common/pico_cyw43_driver && /usr/bin/cmake -E touch /home/gpu/het68/build/pico-sdk/src/rp2_common/pico_cyw43_driver/pioasm/src/pioasmBuild-stamp/pioasmBuild-mkdir
gmake[2]: Entering directory '/home/gpu/het68/build'
cd /home/gpu/het68/build && /usr/bin/cmake -E cmake_depends "Unix Makefiles" /home/gpu/het68 /home/gpu/het68/pico-sdk/src/rp2350/boot_stage2 /home/gpu/het68/build /home/gpu/het68/build/pico-sdk/src/rp2350/boot_stage2 /home/gpu/het68/build/pico-sdk/src/rp2350/boot_stage2/CMakeFiles/picotoolBuild.dir/DependInfo.cmake "--color="
gmake[2]: Leaving directory '/home/gpu/het68/build'
/usr/bin/gmake  -f pico-sdk/src/rp2350/boot_stage2/CMakeFiles/picotoolBuild.dir/build.make pico-sdk/src/rp2350/boot_stage2/CMakeFiles/picotoolBuild.dir/build
gmake[2]: Entering directory '/home/gpu/het68/build'
[  2%] No download step for 'pioasmBuild'
[  3%] Creating directories for 'picotoolBuild'
cd /home/gpu/het68/build/pico-sdk/src/rp2_common/pico_cyw43_driver && /usr/bin/cmake -E echo_append
cd /home/gpu/het68/build/pico-sdk/src/rp2350/boot_stage2 && /usr/bin/cmake -Dcfgdir= -P /home/gpu/het68/build/pico-sdk/src/rp2350/boot_stage2/picotool/tmp/picotoolBuild-mkdirs.cmake
cd /home/gpu/het68/build/pico-sdk/src/rp2_common/pico_cyw43_driver && /usr/bin/cmake -E touch /home/gpu/het68/build/pico-sdk/src/rp2_common/pico_cyw43_driver/pioasm/src/pioasmBuild-stamp/pioasmBuild-download
cd /home/gpu/het68/build/pico-sdk/src/rp2350/boot_stage2 && /usr/bin/cmake -E touch /home/gpu/het68/build/pico-sdk/src/rp2350/boot_stage2/picotool/src/picotoolBuild-stamp/picotoolBuild-mkdir
[  4%] No update step for 'pioasmBuild'
cd /home/gpu/het68/build/pico-sdk/src/rp2_common/pico_cyw43_driver && /usr/bin/cmake -E echo_append
[  5%] No download step for 'picotoolBuild'
cd /home/gpu/het68/build/pico-sdk/src/rp2350/boot_stage2 && /usr/bin/cmake -E echo_append
cd /home/gpu/het68/build/pico-sdk/src/rp2_common/pico_cyw43_driver && /usr/bin/cmake -E touch /home/gpu/het68/build/pico-sdk/src/rp2_common/pico_cyw43_driver/pioasm/src/pioasmBuild-stamp/pioasmBuild-update
cd /home/gpu/het68/build/pico-sdk/src/rp2350/boot_stage2 && /usr/bin/cmake -E touch /home/gpu/het68/build/pico-sdk/src/rp2350/boot_stage2/picotool/src/picotoolBuild-stamp/picotoolBuild-download
[  6%] No patch step for 'pioasmBuild'
cd /home/gpu/het68/build/pico-sdk/src/rp2_common/pico_cyw43_driver && /usr/bin/cmake -E echo_append
[  7%] No update step for 'picotoolBuild'
cd /home/gpu/het68/build/pico-sdk/src/rp2350/boot_stage2 && /usr/bin/cmake -E echo_append
cd /home/gpu/het68/build/pico-sdk/src/rp2_common/pico_cyw43_driver && /usr/bin/cmake -E touch /home/gpu/het68/build/pico-sdk/src/rp2_common/pico_cyw43_driver/pioasm/src/pioasmBuild-stamp/pioasmBuild-patch
cd /home/gpu/het68/build/pico-sdk/src/rp2350/boot_stage2 && /usr/bin/cmake -E touch /home/gpu/het68/build/pico-sdk/src/rp2350/boot_stage2/picotool/src/picotoolBuild-stamp/picotoolBuild-update
[  8%] Performing configure step for 'pioasmBuild'
[  9%] No patch step for 'picotoolBuild'
cd /home/gpu/het68/build/pioasm && /usr/bin/cmake --no-warn-unused-cli -DCMAKE_MAKE_PROGRAM:FILEPATH=/usr/bin/gmake -DPIOASM_FLAT_INSTALL=1 -DCMAKE_INSTALL_PREFIX=/home/gpu/het68/build/pioasm-install -DCMAKE_RULE_MESSAGES=OFF -DCMAKE_INSTALL_MESSAGE=NEVER "-GUnix Makefiles" -C/home/gpu/het68/build/pico-sdk/src/rp2_common/pico_cyw43_driver/pioasm/tmp/pioasmBuild-cache-Release.cmake -S /home/gpu/het68/pico-sdk/tools/pioasm -B /home/gpu/het68/build/pioasm
cd /home/gpu/het68/build/pico-sdk/src/rp2350/boot_stage2 && /usr/bin/cmake -E echo_append
Not searching for unused variables given on the command line.
loading initial cache file /home/gpu/het68/build/pico-sdk/src/rp2_common/pico_cyw43_driver/pioasm/tmp/pioasmBuild-cache-Release.cmake
Re-run cmake no build system arguments
cd /home/gpu/het68/build/pico-sdk/src/rp2350/boot_stage2 && /usr/bin/cmake -E touch /home/gpu/het68/build/pico-sdk/src/rp2350/boot_stage2/picotool/src/picotoolBuild-stamp/picotoolBuild-patch
[ 10%] Performing configure step for 'picotoolBuild'
cd /home/gpu/het68/build/_deps/picotool-build && /usr/bin/cmake --no-warn-unused-cli -DCMAKE_MAKE_PROGRAM:FILEPATH=/usr/bin/gmake -DPICO_SDK_PATH:FILEPATH=/home/gpu/het68/pico-sdk -DPICOTOOL_NO_LIBUSB=1 -DPICOTOOL_FLAT_INSTALL=1 -DCMAKE_INSTALL_PREFIX=/home/gpu/het68/build/_deps -DCMAKE_RULE_MESSAGES=OFF -DCMAKE_INSTALL_MESSAGE=NEVER "-GUnix Makefiles" -S /home/gpu/het68/build/_deps/picotool-src -B /home/gpu/het68/build/_deps/picotool-build
Not searching for unused variables given on the command line.
Re-run cmake no build system arguments
-- The CXX compiler identification is GNU 13.3.0
-- Detecting CXX compiler ABI info
-- The C compiler identification is GNU 13.3.0
-- The CXX compiler identification is GNU 13.3.0
-- Detecting C compiler ABI info
-- Detecting CXX compiler ABI info - done
-- Check for working CXX compiler: /usr/bin/c++ - skipped
-- Detecting CXX compile features
-- Detecting CXX compile features - done
-- Configuring done (0.3s)
-- Generating done (0.0s)
-- Build files have been written to: /home/gpu/het68/build/pioasm
cd /home/gpu/het68/build/pioasm && /usr/bin/cmake -E touch /home/gpu/het68/build/pico-sdk/src/rp2_common/pico_cyw43_driver/pioasm/src/pioasmBuild-stamp/pioasmBuild-configure
[ 11%] Performing build step for 'pioasmBuild'
cd /home/gpu/het68/build/pioasm && /usr/bin/gmake
gmake[3]: Entering directory '/home/gpu/het68/build/pioasm'
/usr/bin/cmake -S/home/gpu/het68/pico-sdk/tools/pioasm -B/home/gpu/het68/build/pioasm --check-build-system CMakeFiles/Makefile.cmake 0
/usr/bin/cmake -E cmake_progress_start /home/gpu/het68/build/pioasm/CMakeFiles /home/gpu/het68/build/pioasm//CMakeFiles/progress.marks
-- Detecting C compiler ABI info - done
/usr/bin/gmake  -f CMakeFiles/Makefile2 all
gmake[4]: Entering directory '/home/gpu/het68/build/pioasm'
/usr/bin/gmake  -f CMakeFiles/pioasm.dir/build.make CMakeFiles/pioasm.dir/depend
gmake[5]: Entering directory '/home/gpu/het68/build/pioasm'
cd /home/gpu/het68/build/pioasm && /usr/bin/cmake -E cmake_depends "Unix Makefiles" /home/gpu/het68/pico-sdk/tools/pioasm /home/gpu/het68/pico-sdk/tools/pioasm /home/gpu/het68/build/pioasm /home/gpu/het68/build/pioasm /home/gpu/het68/build/pioasm/CMakeFiles/pioasm.dir/DependInfo.cmake "--color="
-- Check for working C compiler: /usr/bin/cc - skipped
-- Detecting C compile features
-- Detecting C compile features - done
gmake[5]: Leaving directory '/home/gpu/het68/build/pioasm'
/usr/bin/gmake  -f CMakeFiles/pioasm.dir/build.make CMakeFiles/pioasm.dir/build
gmake[5]: Entering directory '/home/gpu/het68/build/pioasm'
/usr/bin/c++  -I/home/gpu/het68/pico-sdk/tools/pioasm -I/home/gpu/het68/pico-sdk/tools/pioasm/gen -I/home/gpu/het68/build/pioasm -O3 -DNDEBUG -std=gnu++11 -MD -MT CMakeFiles/pioasm.dir/main.cpp.o -MF CMakeFiles/pioasm.dir/main.cpp.o.d -o CMakeFiles/pioasm.dir/main.cpp.o -c /home/gpu/het68/pico-sdk/tools/pioasm/main.cpp
/usr/bin/c++  -I/home/gpu/het68/pico-sdk/tools/pioasm -I/home/gpu/het68/pico-sdk/tools/pioasm/gen -I/home/gpu/het68/build/pioasm -O3 -DNDEBUG -std=gnu++11 -MD -MT CMakeFiles/pioasm.dir/pio_assembler.cpp.o -MF CMakeFiles/pioasm.dir/pio_assembler.cpp.o.d -o CMakeFiles/pioasm.dir/pio_assembler.cpp.o -c /home/gpu/het68/pico-sdk/tools/pioasm/pio_assembler.cpp
/usr/bin/c++  -I/home/gpu/het68/pico-sdk/tools/pioasm -I/home/gpu/het68/pico-sdk/tools/pioasm/gen -I/home/gpu/het68/build/pioasm -O3 -DNDEBUG -std=gnu++11 -MD -MT CMakeFiles/pioasm.dir/pio_disassembler.cpp.o -MF CMakeFiles/pioasm.dir/pio_disassembler.cpp.o.d -o CMakeFiles/pioasm.dir/pio_disassembler.cpp.o -c /home/gpu/het68/pico-sdk/tools/pioasm/pio_disassembler.cpp
/usr/bin/c++  -I/home/gpu/het68/pico-sdk/tools/pioasm -I/home/gpu/het68/pico-sdk/tools/pioasm/gen -I/home/gpu/het68/build/pioasm -O3 -DNDEBUG -std=gnu++11 -MD -MT CMakeFiles/pioasm.dir/gen/lexer.cpp.o -MF CMakeFiles/pioasm.dir/gen/lexer.cpp.o.d -o CMakeFiles/pioasm.dir/gen/lexer.cpp.o -c /home/gpu/het68/pico-sdk/tools/pioasm/gen/lexer.cpp
/usr/bin/c++  -I/home/gpu/het68/pico-sdk/tools/pioasm -I/home/gpu/het68/pico-sdk/tools/pioasm/gen -I/home/gpu/het68/build/pioasm -O3 -DNDEBUG -std=gnu++11 -MD -MT CMakeFiles/pioasm.dir/gen/parser.cpp.o -MF CMakeFiles/pioasm.dir/gen/parser.cpp.o.d -o CMakeFiles/pioasm.dir/gen/parser.cpp.o -c /home/gpu/het68/pico-sdk/tools/pioasm/gen/parser.cpp
/usr/bin/c++  -I/home/gpu/het68/pico-sdk/tools/pioasm -I/home/gpu/het68/pico-sdk/tools/pioasm/gen -I/home/gpu/het68/build/pioasm -O3 -DNDEBUG -std=gnu++11 -MD -MT CMakeFiles/pioasm.dir/c_sdk_output.cpp.o -MF CMakeFiles/pioasm.dir/c_sdk_output.cpp.o.d -o CMakeFiles/pioasm.dir/c_sdk_output.cpp.o -c /home/gpu/het68/pico-sdk/tools/pioasm/c_sdk_output.cpp
/usr/bin/c++  -I/home/gpu/het68/pico-sdk/tools/pioasm -I/home/gpu/het68/pico-sdk/tools/pioasm/gen -I/home/gpu/het68/build/pioasm -O3 -DNDEBUG -std=gnu++11 -MD -MT CMakeFiles/pioasm.dir/python_output.cpp.o -MF CMakeFiles/pioasm.dir/python_output.cpp.o.d -o CMakeFiles/pioasm.dir/python_output.cpp.o -c /home/gpu/het68/pico-sdk/tools/pioasm/python_output.cpp
/usr/bin/c++  -I/home/gpu/het68/pico-sdk/tools/pioasm -I/home/gpu/het68/pico-sdk/tools/pioasm/gen -I/home/gpu/het68/build/pioasm -O3 -DNDEBUG -std=gnu++11 -MD -MT CMakeFiles/pioasm.dir/hex_output.cpp.o -MF CMakeFiles/pioasm.dir/hex_output.cpp.o.d -o CMakeFiles/pioasm.dir/hex_output.cpp.o -c /home/gpu/het68/pico-sdk/tools/pioasm/hex_output.cpp
/usr/bin/c++  -I/home/gpu/het68/pico-sdk/tools/pioasm -I/home/gpu/het68/pico-sdk/tools/pioasm/gen -I/home/gpu/het68/build/pioasm -O3 -DNDEBUG -std=gnu++11 -MD -MT CMakeFiles/pioasm.dir/json_output.cpp.o -MF CMakeFiles/pioasm.dir/json_output.cpp.o.d -o CMakeFiles/pioasm.dir/json_output.cpp.o -c /home/gpu/het68/pico-sdk/tools/pioasm/json_output.cpp
/usr/bin/c++  -I/home/gpu/het68/pico-sdk/tools/pioasm -I/home/gpu/het68/pico-sdk/tools/pioasm/gen -I/home/gpu/het68/build/pioasm -O3 -DNDEBUG -std=gnu++11 -MD -MT CMakeFiles/pioasm.dir/ada_output.cpp.o -MF CMakeFiles/pioasm.dir/ada_output.cpp.o.d -o CMakeFiles/pioasm.dir/ada_output.cpp.o -c /home/gpu/het68/pico-sdk/tools/pioasm/ada_output.cpp
/usr/bin/c++  -I/home/gpu/het68/pico-sdk/tools/pioasm -I/home/gpu/het68/pico-sdk/tools/pioasm/gen -I/home/gpu/het68/build/pioasm -O3 -DNDEBUG -std=gnu++11 -MD -MT CMakeFiles/pioasm.dir/go_output.cpp.o -MF CMakeFiles/pioasm.dir/go_output.cpp.o.d -o CMakeFiles/pioasm.dir/go_output.cpp.o -c /home/gpu/het68/pico-sdk/tools/pioasm/go_output.cpp
-- Detecting CXX compiler ABI info
-- Detecting CXX compiler ABI info - done
-- Check for working CXX compiler: /usr/bin/c++ - skipped
-- Detecting CXX compile features
-- Detecting CXX compile features - done
-- Using the single-header code from /home/gpu/het68/build/_deps/picotool-src/lib/nlohmann_json/single_include/
PICOTOOL_NO_LIBUSB is set - no USB support will be built
-- Configuring done (1.2s)
-- Generating done (0.2s)
-- Build files have been written to: /home/gpu/het68/build/_deps/picotool-build
cd /home/gpu/het68/build/_deps/picotool-build && /usr/bin/cmake -E touch /home/gpu/het68/build/pico-sdk/src/rp2350/boot_stage2/picotool/src/picotoolBuild-stamp/picotoolBuild-configure
[ 12%] Performing build step for 'picotoolBuild'
cd /home/gpu/het68/build/_deps/picotool-build && /usr/bin/gmake
gmake[3]: Entering directory '/home/gpu/het68/build/_deps/picotool-build'
/usr/bin/cmake -S/home/gpu/het68/build/_deps/picotool-src -B/home/gpu/het68/build/_deps/picotool-build --check-build-system CMakeFiles/Makefile.cmake 0
/usr/bin/cmake -E cmake_progress_start /home/gpu/het68/build/_deps/picotool-build/CMakeFiles /home/gpu/het68/build/_deps/picotool-build//CMakeFiles/progress.marks
/usr/bin/gmake  -f CMakeFiles/Makefile2 all
gmake[4]: Entering directory '/home/gpu/het68/build/_deps/picotool-build'
/usr/bin/gmake  -f CMakeFiles/enc_bootloader.dir/build.make CMakeFiles/enc_bootloader.dir/depend
/usr/bin/gmake  -f CMakeFiles/enc_bootloader_mbedtls.dir/build.make CMakeFiles/enc_bootloader_mbedtls.dir/depend
/usr/bin/gmake  -f errors/CMakeFiles/errors.dir/build.make errors/CMakeFiles/errors.dir/depend
/usr/bin/gmake  -f lib/CMakeFiles/mbedtls.dir/build.make lib/CMakeFiles/mbedtls.dir/depend
gmake[5]: Entering directory '/home/gpu/het68/build/_deps/picotool-build'
cd /home/gpu/het68/build/_deps/picotool-build && /usr/bin/cmake -E cmake_depends "Unix Makefiles" /home/gpu/het68/build/_deps/picotool-src /home/gpu/het68/build/_deps/picotool-src /home/gpu/het68/build/_deps/picotool-build /home/gpu/het68/build/_deps/picotool-build /home/gpu/het68/build/_deps/picotool-build/CMakeFiles/enc_bootloader.dir/DependInfo.cmake "--color="
gmake[5]: Entering directory '/home/gpu/het68/build/_deps/picotool-build'
cd /home/gpu/het68/build/_deps/picotool-build && /usr/bin/cmake -E cmake_depends "Unix Makefiles" /home/gpu/het68/build/_deps/picotool-src /home/gpu/het68/build/_deps/picotool-src/errors /home/gpu/het68/build/_deps/picotool-build /home/gpu/het68/build/_deps/picotool-build/errors /home/gpu/het68/build/_deps/picotool-build/errors/CMakeFiles/errors.dir/DependInfo.cmake "--color="
gmake[5]: Entering directory '/home/gpu/het68/build/_deps/picotool-build'
cd /home/gpu/het68/build/_deps/picotool-build && /usr/bin/cmake -E cmake_depends "Unix Makefiles" /home/gpu/het68/build/_deps/picotool-src /home/gpu/het68/build/_deps/picotool-src /home/gpu/het68/build/_deps/picotool-build /home/gpu/het68/build/_deps/picotool-build /home/gpu/het68/build/_deps/picotool-build/CMakeFiles/enc_bootloader_mbedtls.dir/DependInfo.cmake "--color="
gmake[5]: Entering directory '/home/gpu/het68/build/_deps/picotool-build'
cd /home/gpu/het68/build/_deps/picotool-build && /usr/bin/cmake -E cmake_depends "Unix Makefiles" /home/gpu/het68/build/_deps/picotool-src /home/gpu/het68/build/_deps/picotool-src/lib /home/gpu/het68/build/_deps/picotool-build /home/gpu/het68/build/_deps/picotool-build/lib /home/gpu/het68/build/_deps/picotool-build/lib/CMakeFiles/mbedtls.dir/DependInfo.cmake "--color="
gmake[5]: Leaving directory '/home/gpu/het68/build/_deps/picotool-build'
/usr/bin/gmake  -f CMakeFiles/enc_bootloader.dir/build.make CMakeFiles/enc_bootloader.dir/build
gmake[5]: Entering directory '/home/gpu/het68/build/_deps/picotool-build'
/usr/bin/cmake -Dcfgdir= -P /home/gpu/het68/build/_deps/picotool-build/enc_bootloader/tmp/enc_bootloader-mkdirs.cmake
gmake[5]: Leaving directory '/home/gpu/het68/build/_deps/picotool-build'
/usr/bin/gmake  -f CMakeFiles/enc_bootloader_mbedtls.dir/build.make CMakeFiles/enc_bootloader_mbedtls.dir/build
gmake[5]: Leaving directory '/home/gpu/het68/build/_deps/picotool-build'
/usr/bin/gmake  -f lib/CMakeFiles/mbedtls.dir/build.make lib/CMakeFiles/mbedtls.dir/build
gmake[5]: Entering directory '/home/gpu/het68/build/_deps/picotool-build'
/usr/bin/cmake -Dcfgdir= -P /home/gpu/het68/build/_deps/picotool-build/enc_bootloader_mbedtls/tmp/enc_bootloader_mbedtls-mkdirs.cmake
gmake[5]: Entering directory '/home/gpu/het68/build/_deps/picotool-build'
gmake[5]: Leaving directory '/home/gpu/het68/build/_deps/picotool-build'
/usr/bin/gmake  -f errors/CMakeFiles/errors.dir/build.make errors/CMakeFiles/errors.dir/build
cd /home/gpu/het68/build/_deps/picotool-build/lib && /usr/bin/cc -DMBEDTLS_CONFIG_FILE=\"picotool_mbedtls_config.h\" -I/home/gpu/het68/build/_deps/picotool-src/lib/include -isystem /home/gpu/het68/pico-sdk/lib/mbedtls/include -O3 -DNDEBUG -MD -MT lib/CMakeFiles/mbedtls.dir/home/gpu/het68/pico-sdk/lib/mbedtls/library/aes.c.o -MF CMakeFiles/mbedtls.dir/home/gpu/het68/pico-sdk/lib/mbedtls/library/aes.c.o.d -o CMakeFiles/mbedtls.dir/home/gpu/het68/pico-sdk/lib/mbedtls/library/aes.c.o -c /home/gpu/het68/pico-sdk/lib/mbedtls/library/aes.c
cd /home/gpu/het68/build/_deps/picotool-build/lib && /usr/bin/cc -DMBEDTLS_CONFIG_FILE=\"picotool_mbedtls_config.h\" -I/home/gpu/het68/build/_deps/picotool-src/lib/include -isystem /home/gpu/het68/pico-sdk/lib/mbedtls/include -O3 -DNDEBUG -MD -MT lib/CMakeFiles/mbedtls.dir/home/gpu/het68/pico-sdk/lib/mbedtls/library/aesni.c.o -MF CMakeFiles/mbedtls.dir/home/gpu/het68/pico-sdk/lib/mbedtls/library/aesni.c.o.d -o CMakeFiles/mbedtls.dir/home/gpu/het68/pico-sdk/lib/mbedtls/library/aesni.c.o -c /home/gpu/het68/pico-sdk/lib/mbedtls/library/aesni.c
gmake[5]: Entering directory '/home/gpu/het68/build/_deps/picotool-build'
cd /home/gpu/het68/build/_deps/picotool-build/lib && /usr/bin/cc -DMBEDTLS_CONFIG_FILE=\"picotool_mbedtls_config.h\" -I/home/gpu/het68/build/_deps/picotool-src/lib/include -isystem /home/gpu/het68/pico-sdk/lib/mbedtls/include -O3 -DNDEBUG -MD -MT lib/CMakeFiles/mbedtls.dir/home/gpu/het68/pico-sdk/lib/mbedtls/library/aria.c.o -MF CMakeFiles/mbedtls.dir/home/gpu/het68/pico-sdk/lib/mbedtls/library/aria.c.o.d -o CMakeFiles/mbedtls.dir/home/gpu/het68/pico-sdk/lib/mbedtls/library/aria.c.o -c /home/gpu/het68/pico-sdk/lib/mbedtls/library/aria.c
cd /home/gpu/het68/build/_deps/picotool-build/lib && /usr/bin/cc -DMBEDTLS_CONFIG_FILE=\"picotool_mbedtls_config.h\" -I/home/gpu/het68/build/_deps/picotool-src/lib/include -isystem /home/gpu/het68/pico-sdk/lib/mbedtls/include -O3 -DNDEBUG -MD -MT lib/CMakeFiles/mbedtls.dir/home/gpu/het68/pico-sdk/lib/mbedtls/library/asn1parse.c.o -MF CMakeFiles/mbedtls.dir/home/gpu/het68/pico-sdk/lib/mbedtls/library/asn1parse.c.o.d -o CMakeFiles/mbedtls.dir/home/gpu/het68/pico-sdk/lib/mbedtls/library/asn1parse.c.o -c /home/gpu/het68/pico-sdk/lib/mbedtls/library/asn1parse.c
cd /home/gpu/het68/build/_deps/picotool-build/errors && /usr/bin/c++  -I/home/gpu/het68/build/_deps/picotool-src/errors -O3 -DNDEBUG -std=gnu++14 -MD -MT errors/CMakeFiles/errors.dir/errors.cpp.o -MF CMakeFiles/errors.dir/errors.cpp.o.d -o CMakeFiles/errors.dir/errors.cpp.o -c /home/gpu/het68/build/_deps/picotool-src/errors/errors.cpp
cd /home/gpu/het68/build/_deps/picotool-build/lib && /usr/bin/cc -DMBEDTLS_CONFIG_FILE=\"picotool_mbedtls_config.h\" -I/home/gpu/het68/build/_deps/picotool-src/lib/include -isystem /home/gpu/het68/pico-sdk/lib/mbedtls/include -O3 -DNDEBUG -MD -MT lib/CMakeFiles/mbedtls.dir/home/gpu/het68/pico-sdk/lib/mbedtls/library/asn1write.c.o -MF CMakeFiles/mbedtls.dir/home/gpu/het68/pico-sdk/lib/mbedtls/library/asn1write.c.o.d -o CMakeFiles/mbedtls.dir/home/gpu/het68/pico-sdk/lib/mbedtls/library/asn1write.c.o -c /home/gpu/het68/pico-sdk/lib/mbedtls/library/asn1write.c
/usr/bin/cmake -E touch /home/gpu/het68/build/_deps/picotool-build/enc_bootloader/src/enc_bootloader-stamp/enc_bootloader-mkdir
cd /home/gpu/het68/build/_deps/picotool-build/lib && /usr/bin/cc -DMBEDTLS_CONFIG_FILE=\"picotool_mbedtls_config.h\" -I/home/gpu/het68/build/_deps/picotool-src/lib/include -isystem /home/gpu/het68/pico-sdk/lib/mbedtls/include -O3 -DNDEBUG -MD -MT lib/CMakeFiles/mbedtls.dir/home/gpu/het68/pico-sdk/lib/mbedtls/library/base64.c.o -MF CMakeFiles/mbedtls.dir/home/gpu/het68/pico-sdk/lib/mbedtls/library/base64.c.o.d -o CMakeFiles/mbedtls.dir/home/gpu/het68/pico-sdk/lib/mbedtls/library/base64.c.o -c /home/gpu/het68/pico-sdk/lib/mbedtls/library/base64.c
cd /home/gpu/het68/build/_deps/picotool-build/lib && /usr/bin/cc -DMBEDTLS_CONFIG_FILE=\"picotool_mbedtls_config.h\" -I/home/gpu/het68/build/_deps/picotool-src/lib/include -isystem /home/gpu/het68/pico-sdk/lib/mbedtls/include -O3 -DNDEBUG -MD -MT lib/CMakeFiles/mbedtls.dir/home/gpu/het68/pico-sdk/lib/mbedtls/library/bignum.c.o -MF CMakeFiles/mbedtls.dir/home/gpu/het68/pico-sdk/lib/mbedtls/library/bignum.c.o.d -o CMakeFiles/mbedtls.dir/home/gpu/het68/pico-sdk/lib/mbedtls/library/bignum.c.o -c /home/gpu/het68/pico-sdk/lib/mbedtls/library/bignum.c
cd /home/gpu/het68/build/_deps/picotool-build/lib && /usr/bin/cc -DMBEDTLS_CONFIG_FILE=\"picotool_mbedtls_config.h\" -I/home/gpu/het68/build/_deps/picotool-src/lib/include -isystem /home/gpu/het68/pico-sdk/lib/mbedtls/include -O3 -DNDEBUG -MD -MT lib/CMakeFiles/mbedtls.dir/home/gpu/het68/pico-sdk/lib/mbedtls/library/camellia.c.o -MF CMakeFiles/mbedtls.dir/home/gpu/het68/pico-sdk/lib/mbedtls/library/camellia.c.o.d -o CMakeFiles/mbedtls.dir/home/gpu/het68/pico-sdk/lib/mbedtls/library/camellia.c.o -c /home/gpu/het68/pico-sdk/lib/mbedtls/library/camellia.c
cd /home/gpu/het68/build/_deps/picotool-build/lib && /usr/bin/cc -DMBEDTLS_CONFIG_FILE=\"picotool_mbedtls_config.h\" -I/home/gpu/het68/build/_deps/picotool-src/lib/include -isystem /home/gpu/het68/pico-sdk/lib/mbedtls/include -O3 -DNDEBUG -MD -MT lib/CMakeFiles/mbedtls.dir/home/gpu/het68/pico-sdk/lib/mbedtls/library/ccm.c.o -MF CMakeFiles/mbedtls.dir/home/gpu/het68/pico-sdk/lib/mbedtls/library/ccm.c.o.d -o CMakeFiles/mbedtls.dir/home/gpu/het68/pico-sdk/lib/mbedtls/library/ccm.c.o -c /home/gpu/het68/pico-sdk/lib/mbedtls/library/ccm.c
cd /home/gpu/het68/build/_deps/picotool-build/lib && /usr/bin/cc -DMBEDTLS_CONFIG_FILE=\"picotool_mbedtls_config.h\" -I/home/gpu/het68/build/_deps/picotool-src/lib/include -isystem /home/gpu/het68/pico-sdk/lib/mbedtls/include -O3 -DNDEBUG -MD -MT lib/CMakeFiles/mbedtls.dir/home/gpu/het68/pico-sdk/lib/mbedtls/library/chacha20.c.o -MF CMakeFiles/mbedtls.dir/home/gpu/het68/pico-sdk/lib/mbedtls/library/chacha20.c.o.d -o CMakeFiles/mbedtls.dir/home/gpu/het68/pico-sdk/lib/mbedtls/library/chacha20.c.o -c /home/gpu/het68/pico-sdk/lib/mbedtls/library/chacha20.c
cd /home/gpu/het68/build/_deps/picotool-build/lib && /usr/bin/cc -DMBEDTLS_CONFIG_FILE=\"picotool_mbedtls_config.h\" -I/home/gpu/het68/build/_deps/picotool-src/lib/include -isystem /home/gpu/het68/pico-sdk/lib/mbedtls/include -O3 -DNDEBUG -MD -MT lib/CMakeFiles/mbedtls.dir/home/gpu/het68/pico-sdk/lib/mbedtls/library/chachapoly.c.o -MF CMakeFiles/mbedtls.dir/home/gpu/het68/pico-sdk/lib/mbedtls/library/chachapoly.c.o.d -o CMakeFiles/mbedtls.dir/home/gpu/het68/pico-sdk/lib/mbedtls/library/chachapoly.c.o -c /home/gpu/het68/pico-sdk/lib/mbedtls/library/chachapoly.c
cd /home/gpu/het68/build/_deps/picotool-build/lib && /usr/bin/cc -DMBEDTLS_CONFIG_FILE=\"picotool_mbedtls_config.h\" -I/home/gpu/het68/build/_deps/picotool-src/lib/include -isystem /home/gpu/het68/pico-sdk/lib/mbedtls/include -O3 -DNDEBUG -MD -MT lib/CMakeFiles/mbedtls.dir/home/gpu/het68/pico-sdk/lib/mbedtls/library/cipher.c.o -MF CMakeFiles/mbedtls.dir/home/gpu/het68/pico-sdk/lib/mbedtls/library/cipher.c.o.d -o CMakeFiles/mbedtls.dir/home/gpu/het68/pico-sdk/lib/mbedtls/library/cipher.c.o -c /home/gpu/het68/pico-sdk/lib/mbedtls/library/cipher.c
cd /home/gpu/het68/build/_deps/picotool-build/lib && /usr/bin/cc -DMBEDTLS_CONFIG_FILE=\"picotool_mbedtls_config.h\" -I/home/gpu/het68/build/_deps/picotool-src/lib/include -isystem /home/gpu/het68/pico-sdk/lib/mbedtls/include -O3 -DNDEBUG -MD -MT lib/CMakeFiles/mbedtls.dir/home/gpu/het68/pico-sdk/lib/mbedtls/library/cipher_wrap.c.o -MF CMakeFiles/mbedtls.dir/home/gpu/het68/pico-sdk/lib/mbedtls/library/cipher_wrap.c.o.d -o CMakeFiles/mbedtls.dir/home/gpu/het68/pico-sdk/lib/mbedtls/library/cipher_wrap.c.o -c /home/gpu/het68/pico-sdk/lib/mbedtls/library/cipher_wrap.c
cd /home/gpu/het68/build/_deps/picotool-build/lib && /usr/bin/cc -DMBEDTLS_CONFIG_FILE=\"picotool_mbedtls_config.h\" -I/home/gpu/het68/build/_deps/picotool-src/lib/include -isystem /home/gpu/het68/pico-sdk/lib/mbedtls/include -O3 -DNDEBUG -MD -MT lib/CMakeFiles/mbedtls.dir/home/gpu/het68/pico-sdk/lib/mbedtls/library/constant_time.c.o -MF CMakeFiles/mbedtls.dir/home/gpu/het68/pico-sdk/lib/mbedtls/library/constant_time.c.o.d -o CMakeFiles/mbedtls.dir/home/gpu/het68/pico-sdk/lib/mbedtls/library/constant_time.c.o -c /home/gpu/het68/pico-sdk/lib/mbedtls/library/constant_time.c
cd /home/gpu/het68/build/_deps/picotool-build/lib && /usr/bin/cc -DMBEDTLS_CONFIG_FILE=\"picotool_mbedtls_config.h\" -I/home/gpu/het68/build/_deps/picotool-src/lib/include -isystem /home/gpu/het68/pico-sdk/lib/mbedtls/include -O3 -DNDEBUG -MD -MT lib/CMakeFiles/mbedtls.dir/home/gpu/het68/pico-sdk/lib/mbedtls/library/cmac.c.o -MF CMakeFiles/mbedtls.dir/home/gpu/het68/pico-sdk/lib/mbedtls/library/cmac.c.o.d -o CMakeFiles/mbedtls.dir/home/gpu/het68/pico-sdk/lib/mbedtls/library/cmac.c.o -c /home/gpu/het68/pico-sdk/lib/mbedtls/library/cmac.c
cd /home/gpu/het68/build/_deps/picotool-build/lib && /usr/bin/cc -DMBEDTLS_CONFIG_FILE=\"picotool_mbedtls_config.h\" -I/home/gpu/het68/build/_deps/picotool-src/lib/include -isystem /home/gpu/het68/pico-sdk/lib/mbedtls/include -O3 -DNDEBUG -MD -MT lib/CMakeFiles/mbedtls.dir/home/gpu/het68/pico-sdk/lib/mbedtls/library/ctr_drbg.c.o -MF CMakeFiles/mbedtls.dir/home/gpu/het68/pico-sdk/lib/mbedtls/library/ctr_drbg.c.o.d -o CMakeFiles/mbedtls.dir/home/gpu/het68/pico-sdk/lib/mbedtls/library/ctr_drbg.c.o -c /home/gpu/het68/pico-sdk/lib/mbedtls/library/ctr_drbg.c
cd /home/gpu/het68/build/_deps/picotool-build/lib && /usr/bin/cc -DMBEDTLS_CONFIG_FILE=\"picotool_mbedtls_config.h\" -I/home/gpu/het68/build/_deps/picotool-src/lib/include -isystem /home/gpu/het68/pico-sdk/lib/mbedtls/include -O3 -DNDEBUG -MD -MT lib/CMakeFiles/mbedtls.dir/home/gpu/het68/pico-sdk/lib/mbedtls/library/des.c.o -MF CMakeFiles/mbedtls.dir/home/gpu/het68/pico-sdk/lib/mbedtls/library/des.c.o.d -o CMakeFiles/mbedtls.dir/home/gpu/het68/pico-sdk/lib/mbedtls/library/des.c.o -c /home/gpu/het68/pico-sdk/lib/mbedtls/library/des.c
cd /home/gpu/het68/build/_deps/picotool-build/lib && /usr/bin/cc -DMBEDTLS_CONFIG_FILE=\"picotool_mbedtls_config.h\" -I/home/gpu/het68/build/_deps/picotool-src/lib/include -isystem /home/gpu/het68/pico-sdk/lib/mbedtls/include -O3 -DNDEBUG -MD -MT lib/CMakeFiles/mbedtls.dir/home/gpu/het68/pico-sdk/lib/mbedtls/library/dhm.c.o -MF CMakeFiles/mbedtls.dir/home/gpu/het68/pico-sdk/lib/mbedtls/library/dhm.c.o.d -o CMakeFiles/mbedtls.dir/home/gpu/het68/pico-sdk/lib/mbedtls/library/dhm.c.o -c /home/gpu/het68/pico-sdk/lib/mbedtls/library/dhm.c
cd /home/gpu/het68/build/_deps/picotool-build/lib && /usr/bin/cc -DMBEDTLS_CONFIG_FILE=\"picotool_mbedtls_config.h\" -I/home/gpu/het68/build/_deps/picotool-src/lib/include -isystem /home/gpu/het68/pico-sdk/lib/mbedtls/include -O3 -DNDEBUG -MD -MT lib/CMakeFiles/mbedtls.dir/home/gpu/het68/pico-sdk/lib/mbedtls/library/ecdh.c.o -MF CMakeFiles/mbedtls.dir/home/gpu/het68/pico-sdk/lib/mbedtls/library/ecdh.c.o.d -o CMakeFiles/mbedtls.dir/home/gpu/het68/pico-sdk/lib/mbedtls/library/ecdh.c.o -c /home/gpu/het68/pico-sdk/lib/mbedtls/library/ecdh.c
/usr/bin/cmake -E touch /home/gpu/het68/build/_deps/picotool-build/enc_bootloader_mbedtls/src/enc_bootloader_mbedtls-stamp/enc_bootloader_mbedtls-mkdir
cd /home/gpu/het68/build/_deps/picotool-build/lib && /usr/bin/cc -DMBEDTLS_CONFIG_FILE=\"picotool_mbedtls_config.h\" -I/home/gpu/het68/build/_deps/picotool-src/lib/include -isystem /home/gpu/het68/pico-sdk/lib/mbedtls/include -O3 -DNDEBUG -MD -MT lib/CMakeFiles/mbedtls.dir/home/gpu/het68/pico-sdk/lib/mbedtls/library/ecdsa.c.o -MF CMakeFiles/mbedtls.dir/home/gpu/het68/pico-sdk/lib/mbedtls/library/ecdsa.c.o.d -o CMakeFiles/mbedtls.dir/home/gpu/het68/pico-sdk/lib/mbedtls/library/ecdsa.c.o -c /home/gpu/het68/pico-sdk/lib/mbedtls/library/ecdsa.c
cd /home/gpu/het68/build/_deps/picotool-build/lib && /usr/bin/cc -DMBEDTLS_CONFIG_FILE=\"picotool_mbedtls_config.h\" -I/home/gpu/het68/build/_deps/picotool-src/lib/include -isystem /home/gpu/het68/pico-sdk/lib/mbedtls/include -O3 -DNDEBUG -MD -MT lib/CMakeFiles/mbedtls.dir/home/gpu/het68/pico-sdk/lib/mbedtls/library/ecjpake.c.o -MF CMakeFiles/mbedtls.dir/home/gpu/het68/pico-sdk/lib/mbedtls/library/ecjpake.c.o.d -o CMakeFiles/mbedtls.dir/home/gpu/het68/pico-sdk/lib/mbedtls/library/ecjpake.c.o -c /home/gpu/het68/pico-sdk/lib/mbedtls/library/ecjpake.c
cd /home/gpu/het68/build/_deps/picotool-build/lib && /usr/bin/cc -DMBEDTLS_CONFIG_FILE=\"picotool_mbedtls_config.h\" -I/home/gpu/het68/build/_deps/picotool-src/lib/include -isystem /home/gpu/het68/pico-sdk/lib/mbedtls/include -O3 -DNDEBUG -MD -MT lib/CMakeFiles/mbedtls.dir/home/gpu/het68/pico-sdk/lib/mbedtls/library/ecp.c.o -MF CMakeFiles/mbedtls.dir/home/gpu/het68/pico-sdk/lib/mbedtls/library/ecp.c.o.d -o CMakeFiles/mbedtls.dir/home/gpu/het68/pico-sdk/lib/mbedtls/library/ecp.c.o -c /home/gpu/het68/pico-sdk/lib/mbedtls/library/ecp.c
cd /home/gpu/het68/build/_deps/picotool-build/lib && /usr/bin/cc -DMBEDTLS_CONFIG_FILE=\"picotool_mbedtls_config.h\" -I/home/gpu/het68/build/_deps/picotool-src/lib/include -isystem /home/gpu/het68/pico-sdk/lib/mbedtls/include -O3 -DNDEBUG -MD -MT lib/CMakeFiles/mbedtls.dir/home/gpu/het68/pico-sdk/lib/mbedtls/library/ecp_curves.c.o -MF CMakeFiles/mbedtls.dir/home/gpu/het68/pico-sdk/lib/mbedtls/library/ecp_curves.c.o.d -o CMakeFiles/mbedtls.dir/home/gpu/het68/pico-sdk/lib/mbedtls/library/ecp_curves.c.o -c /home/gpu/het68/pico-sdk/lib/mbedtls/library/ecp_curves.c
cd /home/gpu/het68/build/_deps/picotool-build/lib && /usr/bin/cc -DMBEDTLS_CONFIG_FILE=\"picotool_mbedtls_config.h\" -I/home/gpu/het68/build/_deps/picotool-src/lib/include -isystem /home/gpu/het68/pico-sdk/lib/mbedtls/include -O3 -DNDEBUG -MD -MT lib/CMakeFiles/mbedtls.dir/home/gpu/het68/pico-sdk/lib/mbedtls/library/entropy.c.o -MF CMakeFiles/mbedtls.dir/home/gpu/het68/pico-sdk/lib/mbedtls/library/entropy.c.o.d -o CMakeFiles/mbedtls.dir/home/gpu/het68/pico-sdk/lib/mbedtls/library/entropy.c.o -c /home/gpu/het68/pico-sdk/lib/mbedtls/library/entropy.c
cd /home/gpu/het68/build/_deps/picotool-build/lib && /usr/bin/cc -DMBEDTLS_CONFIG_FILE=\"picotool_mbedtls_config.h\" -I/home/gpu/het68/build/_deps/picotool-src/lib/include -isystem /home/gpu/het68/pico-sdk/lib/mbedtls/include -O3 -DNDEBUG -MD -MT lib/CMakeFiles/mbedtls.dir/home/gpu/het68/pico-sdk/lib/mbedtls/library/entropy_poll.c.o -MF CMakeFiles/mbedtls.dir/home/gpu/het68/pico-sdk/lib/mbedtls/library/entropy_poll.c.o.d -o CMakeFiles/mbedtls.dir/home/gpu/het68/pico-sdk/lib/mbedtls/library/entropy_poll.c.o -c /home/gpu/het68/pico-sdk/lib/mbedtls/library/entropy_poll.c
cd /home/gpu/het68/build/_deps/picotool-build/lib && /usr/bin/cc -DMBEDTLS_CONFIG_FILE=\"picotool_mbedtls_config.h\" -I/home/gpu/het68/build/_deps/picotool-src/lib/include -isystem /home/gpu/het68/pico-sdk/lib/mbedtls/include -O3 -DNDEBUG -MD -MT lib/CMakeFiles/mbedtls.dir/home/gpu/het68/pico-sdk/lib/mbedtls/library/error.c.o -MF CMakeFiles/mbedtls.dir/home/gpu/het68/pico-sdk/lib/mbedtls/library/error.c.o.d -o CMakeFiles/mbedtls.dir/home/gpu/het68/pico-sdk/lib/mbedtls/library/error.c.o -c /home/gpu/het68/pico-sdk/lib/mbedtls/library/error.c
cd /home/gpu/het68/build/_deps/picotool-build/lib && /usr/bin/cc -DMBEDTLS_CONFIG_FILE=\"picotool_mbedtls_config.h\" -I/home/gpu/het68/build/_deps/picotool-src/lib/include -isystem /home/gpu/het68/pico-sdk/lib/mbedtls/include -O3 -DNDEBUG -MD -MT lib/CMakeFiles/mbedtls.dir/home/gpu/het68/pico-sdk/lib/mbedtls/library/gcm.c.o -MF CMakeFiles/mbedtls.dir/home/gpu/het68/pico-sdk/lib/mbedtls/library/gcm.c.o.d -o CMakeFiles/mbedtls.dir/home/gpu/het68/pico-sdk/lib/mbedtls/library/gcm.c.o -c /home/gpu/het68/pico-sdk/lib/mbedtls/library/gcm.c
cd /home/gpu/het68/build/_deps/picotool-build/lib && /usr/bin/cc -DMBEDTLS_CONFIG_FILE=\"picotool_mbedtls_config.h\" -I/home/gpu/het68/build/_deps/picotool-src/lib/include -isystem /home/gpu/het68/pico-sdk/lib/mbedtls/include -O3 -DNDEBUG -MD -MT lib/CMakeFiles/mbedtls.dir/home/gpu/het68/pico-sdk/lib/mbedtls/library/hkdf.c.o -MF CMakeFiles/mbedtls.dir/home/gpu/het68/pico-sdk/lib/mbedtls/library/hkdf.c.o.d -o CMakeFiles/mbedtls.dir/home/gpu/het68/pico-sdk/lib/mbedtls/library/hkdf.c.o -c /home/gpu/het68/pico-sdk/lib/mbedtls/library/hkdf.c
cd /home/gpu/het68/build/_deps/picotool-build/lib && /usr/bin/cc -DMBEDTLS_CONFIG_FILE=\"picotool_mbedtls_config.h\" -I/home/gpu/het68/build/_deps/picotool-src/lib/include -isystem /home/gpu/het68/pico-sdk/lib/mbedtls/include -O3 -DNDEBUG -MD -MT lib/CMakeFiles/mbedtls.dir/home/gpu/het68/pico-sdk/lib/mbedtls/library/hmac_drbg.c.o -MF CMakeFiles/mbedtls.dir/home/gpu/het68/pico-sdk/lib/mbedtls/library/hmac_drbg.c.o.d -o CMakeFiles/mbedtls.dir/home/gpu/het68/pico-sdk/lib/mbedtls/library/hmac_drbg.c.o -c /home/gpu/het68/pico-sdk/lib/mbedtls/library/hmac_drbg.c
cd /home/gpu/het68/build/_deps/picotool-build/lib && /usr/bin/cc -DMBEDTLS_CONFIG_FILE=\"picotool_mbedtls_config.h\" -I/home/gpu/het68/build/_deps/picotool-src/lib/include -isystem /home/gpu/het68/pico-sdk/lib/mbedtls/include -O3 -DNDEBUG -MD -MT lib/CMakeFiles/mbedtls.dir/home/gpu/het68/pico-sdk/lib/mbedtls/library/md.c.o -MF CMakeFiles/mbedtls.dir/home/gpu/het68/pico-sdk/lib/mbedtls/library/md.c.o.d -o CMakeFiles/mbedtls.dir/home/gpu/het68/pico-sdk/lib/mbedtls/library/md.c.o -c /home/gpu/het68/pico-sdk/lib/mbedtls/library/md.c
cd /home/gpu/het68/build/_deps/picotool-build/lib && /usr/bin/cc -DMBEDTLS_CONFIG_FILE=\"picotool_mbedtls_config.h\" -I/home/gpu/het68/build/_deps/picotool-src/lib/include -isystem /home/gpu/het68/pico-sdk/lib/mbedtls/include -O3 -DNDEBUG -MD -MT lib/CMakeFiles/mbedtls.dir/home/gpu/het68/pico-sdk/lib/mbedtls/library/md5.c.o -MF CMakeFiles/mbedtls.dir/home/gpu/het68/pico-sdk/lib/mbedtls/library/md5.c.o.d -o CMakeFiles/mbedtls.dir/home/gpu/het68/pico-sdk/lib/mbedtls/library/md5.c.o -c /home/gpu/het68/pico-sdk/lib/mbedtls/library/md5.c
cd /home/gpu/het68/build/_deps/picotool-build/lib && /usr/bin/cc -DMBEDTLS_CONFIG_FILE=\"picotool_mbedtls_config.h\" -I/home/gpu/het68/build/_deps/picotool-src/lib/include -isystem /home/gpu/het68/pico-sdk/lib/mbedtls/include -O3 -DNDEBUG -MD -MT lib/CMakeFiles/mbedtls.dir/home/gpu/het68/pico-sdk/lib/mbedtls/library/memory_buffer_alloc.c.o -MF CMakeFiles/mbedtls.dir/home/gpu/het68/pico-sdk/lib/mbedtls/library/memory_buffer_alloc.c.o.d -o CMakeFiles/mbedtls.dir/home/gpu/het68/pico-sdk/lib/mbedtls/library/memory_buffer_alloc.c.o -c /home/gpu/het68/pico-sdk/lib/mbedtls/library/memory_buffer_alloc.c
/usr/bin/cmake -E echo_append
cd /home/gpu/het68/build/_deps/picotool-build/lib && /usr/bin/cc -DMBEDTLS_CONFIG_FILE=\"picotool_mbedtls_config.h\" -I/home/gpu/het68/build/_deps/picotool-src/lib/include -isystem /home/gpu/het68/pico-sdk/lib/mbedtls/include -O3 -DNDEBUG -MD -MT lib/CMakeFiles/mbedtls.dir/home/gpu/het68/pico-sdk/lib/mbedtls/library/mps_reader.c.o -MF CMakeFiles/mbedtls.dir/home/gpu/het68/pico-sdk/lib/mbedtls/library/mps_reader.c.o.d -o CMakeFiles/mbedtls.dir/home/gpu/het68/pico-sdk/lib/mbedtls/library/mps_reader.c.o -c /home/gpu/het68/pico-sdk/lib/mbedtls/library/mps_reader.c
cd /home/gpu/het68/build/_deps/picotool-build/lib && /usr/bin/cc -DMBEDTLS_CONFIG_FILE=\"picotool_mbedtls_config.h\" -I/home/gpu/het68/build/_deps/picotool-src/lib/include -isystem /home/gpu/het68/pico-sdk/lib/mbedtls/include -O3 -DNDEBUG -MD -MT lib/CMakeFiles/mbedtls.dir/home/gpu/het68/pico-sdk/lib/mbedtls/library/mps_trace.c.o -MF CMakeFiles/mbedtls.dir/home/gpu/het68/pico-sdk/lib/mbedtls/library/mps_trace.c.o.d -o CMakeFiles/mbedtls.dir/home/gpu/het68/pico-sdk/lib/mbedtls/library/mps_trace.c.o -c /home/gpu/het68/pico-sdk/lib/mbedtls/library/mps_trace.c
cd /home/gpu/het68/build/_deps/picotool-build/lib && /usr/bin/cc -DMBEDTLS_CONFIG_FILE=\"picotool_mbedtls_config.h\" -I/home/gpu/het68/build/_deps/picotool-src/lib/include -isystem /home/gpu/het68/pico-sdk/lib/mbedtls/include -O3 -DNDEBUG -MD -MT lib/CMakeFiles/mbedtls.dir/home/gpu/het68/pico-sdk/lib/mbedtls/library/nist_kw.c.o -MF CMakeFiles/mbedtls.dir/home/gpu/het68/pico-sdk/lib/mbedtls/library/nist_kw.c.o.d -o CMakeFiles/mbedtls.dir/home/gpu/het68/pico-sdk/lib/mbedtls/library/nist_kw.c.o -c /home/gpu/het68/pico-sdk/lib/mbedtls/library/nist_kw.c
cd /home/gpu/het68/build/_deps/picotool-build/lib && /usr/bin/cc -DMBEDTLS_CONFIG_FILE=\"picotool_mbedtls_config.h\" -I/home/gpu/het68/build/_deps/picotool-src/lib/include -isystem /home/gpu/het68/pico-sdk/lib/mbedtls/include -O3 -DNDEBUG -MD -MT lib/CMakeFiles/mbedtls.dir/home/gpu/het68/pico-sdk/lib/mbedtls/library/oid.c.o -MF CMakeFiles/mbedtls.dir/home/gpu/het68/pico-sdk/lib/mbedtls/library/oid.c.o.d -o CMakeFiles/mbedtls.dir/home/gpu/het68/pico-sdk/lib/mbedtls/library/oid.c.o -c /home/gpu/het68/pico-sdk/lib/mbedtls/library/oid.c
cd /home/gpu/het68/build/_deps/picotool-build/lib && /usr/bin/cc -DMBEDTLS_CONFIG_FILE=\"picotool_mbedtls_config.h\" -I/home/gpu/het68/build/_deps/picotool-src/lib/include -isystem /home/gpu/het68/pico-sdk/lib/mbedtls/include -O3 -DNDEBUG -MD -MT lib/CMakeFiles/mbedtls.dir/home/gpu/het68/pico-sdk/lib/mbedtls/library/padlock.c.o -MF CMakeFiles/mbedtls.dir/home/gpu/het68/pico-sdk/lib/mbedtls/library/padlock.c.o.d -o CMakeFiles/mbedtls.dir/home/gpu/het68/pico-sdk/lib/mbedtls/library/padlock.c.o -c /home/gpu/het68/pico-sdk/lib/mbedtls/library/padlock.c
cd /home/gpu/het68/build/_deps/picotool-build/lib && /usr/bin/cc -DMBEDTLS_CONFIG_FILE=\"picotool_mbedtls_config.h\" -I/home/gpu/het68/build/_deps/picotool-src/lib/include -isystem /home/gpu/het68/pico-sdk/lib/mbedtls/include -O3 -DNDEBUG -MD -MT lib/CMakeFiles/mbedtls.dir/home/gpu/het68/pico-sdk/lib/mbedtls/library/pem.c.o -MF CMakeFiles/mbedtls.dir/home/gpu/het68/pico-sdk/lib/mbedtls/library/pem.c.o.d -o CMakeFiles/mbedtls.dir/home/gpu/het68/pico-sdk/lib/mbedtls/library/pem.c.o -c /home/gpu/het68/pico-sdk/lib/mbedtls/library/pem.c
cd /home/gpu/het68/build/_deps/picotool-build/lib && /usr/bin/cc -DMBEDTLS_CONFIG_FILE=\"picotool_mbedtls_config.h\" -I/home/gpu/het68/build/_deps/picotool-src/lib/include -isystem /home/gpu/het68/pico-sdk/lib/mbedtls/include -O3 -DNDEBUG -MD -MT lib/CMakeFiles/mbedtls.dir/home/gpu/het68/pico-sdk/lib/mbedtls/library/pk.c.o -MF CMakeFiles/mbedtls.dir/home/gpu/het68/pico-sdk/lib/mbedtls/library/pk.c.o.d -o CMakeFiles/mbedtls.dir/home/gpu/het68/pico-sdk/lib/mbedtls/library/pk.c.o -c /home/gpu/het68/pico-sdk/lib/mbedtls/library/pk.c
cd /home/gpu/het68/build/_deps/picotool-build/lib && /usr/bin/cc -DMBEDTLS_CONFIG_FILE=\"picotool_mbedtls_config.h\" -I/home/gpu/het68/build/_deps/picotool-src/lib/include -isystem /home/gpu/het68/pico-sdk/lib/mbedtls/include -O3 -DNDEBUG -MD -MT lib/CMakeFiles/mbedtls.dir/home/gpu/het68/pico-sdk/lib/mbedtls/library/pk_wrap.c.o -MF CMakeFiles/mbedtls.dir/home/gpu/het68/pico-sdk/lib/mbedtls/library/pk_wrap.c.o.d -o CMakeFiles/mbedtls.dir/home/gpu/het68/pico-sdk/lib/mbedtls/library/pk_wrap.c.o -c /home/gpu/het68/pico-sdk/lib/mbedtls/library/pk_wrap.c
cd /home/gpu/het68/build/_deps/picotool-build/lib && /usr/bin/cc -DMBEDTLS_CONFIG_FILE=\"picotool_mbedtls_config.h\" -I/home/gpu/het68/build/_deps/picotool-src/lib/include -isystem /home/gpu/het68/pico-sdk/lib/mbedtls/include -O3 -DNDEBUG -MD -MT lib/CMakeFiles/mbedtls.dir/home/gpu/het68/pico-sdk/lib/mbedtls/library/pkcs12.c.o -MF CMakeFiles/mbedtls.dir/home/gpu/het68/pico-sdk/lib/mbedtls/library/pkcs12.c.o.d -o CMakeFiles/mbedtls.dir/home/gpu/het68/pico-sdk/lib/mbedtls/library/pkcs12.c.o -c /home/gpu/het68/pico-sdk/lib/mbedtls/library/pkcs12.c
cd /home/gpu/het68/build/_deps/picotool-build/lib && /usr/bin/cc -DMBEDTLS_CONFIG_FILE=\"picotool_mbedtls_config.h\" -I/home/gpu/het68/build/_deps/picotool-src/lib/include -isystem /home/gpu/het68/pico-sdk/lib/mbedtls/include -O3 -DNDEBUG -MD -MT lib/CMakeFiles/mbedtls.dir/home/gpu/het68/pico-sdk/lib/mbedtls/library/pkcs5.c.o -MF CMakeFiles/mbedtls.dir/home/gpu/het68/pico-sdk/lib/mbedtls/library/pkcs5.c.o.d -o CMakeFiles/mbedtls.dir/home/gpu/het68/pico-sdk/lib/mbedtls/library/pkcs5.c.o -c /home/gpu/het68/pico-sdk/lib/mbedtls/library/pkcs5.c
cd /home/gpu/het68/build/_deps/picotool-build/lib && /usr/bin/cc -DMBEDTLS_CONFIG_FILE=\"picotool_mbedtls_config.h\" -I/home/gpu/het68/build/_deps/picotool-src/lib/include -isystem /home/gpu/het68/pico-sdk/lib/mbedtls/include -O3 -DNDEBUG -MD -MT lib/CMakeFiles/mbedtls.dir/home/gpu/het68/pico-sdk/lib/mbedtls/library/pkparse.c.o -MF CMakeFiles/mbedtls.dir/home/gpu/het68/pico-sdk/lib/mbedtls/library/pkparse.c.o.d -o CMakeFiles/mbedtls.dir/home/gpu/het68/pico-sdk/lib/mbedtls/library/pkparse.c.o -c /home/gpu/het68/pico-sdk/lib/mbedtls/library/pkparse.c
cd /home/gpu/het68/build/_deps/picotool-build/lib && /usr/bin/cc -DMBEDTLS_CONFIG_FILE=\"picotool_mbedtls_config.h\" -I/home/gpu/het68/build/_deps/picotool-src/lib/include -isystem /home/gpu/het68/pico-sdk/lib/mbedtls/include -O3 -DNDEBUG -MD -MT lib/CMakeFiles/mbedtls.dir/home/gpu/het68/pico-sdk/lib/mbedtls/library/pkwrite.c.o -MF CMakeFiles/mbedtls.dir/home/gpu/het68/pico-sdk/lib/mbedtls/library/pkwrite.c.o.d -o CMakeFiles/mbedtls.dir/home/gpu/het68/pico-sdk/lib/mbedtls/library/pkwrite.c.o -c /home/gpu/het68/pico-sdk/lib/mbedtls/library/pkwrite.c
/usr/bin/cmake -E echo_append
cd /home/gpu/het68/build/_deps/picotool-build/lib && /usr/bin/cc -DMBEDTLS_CONFIG_FILE=\"picotool_mbedtls_config.h\" -I/home/gpu/het68/build/_deps/picotool-src/lib/include -isystem /home/gpu/het68/pico-sdk/lib/mbedtls/include -O3 -DNDEBUG -MD -MT lib/CMakeFiles/mbedtls.dir/home/gpu/het68/pico-sdk/lib/mbedtls/library/platform.c.o -MF CMakeFiles/mbedtls.dir/home/gpu/het68/pico-sdk/lib/mbedtls/library/platform.c.o.d -o CMakeFiles/mbedtls.dir/home/gpu/het68/pico-sdk/lib/mbedtls/library/platform.c.o -c /home/gpu/het68/pico-sdk/lib/mbedtls/library/platform.c
cd /home/gpu/het68/build/_deps/picotool-build/lib && /usr/bin/cc -DMBEDTLS_CONFIG_FILE=\"picotool_mbedtls_config.h\" -I/home/gpu/het68/build/_deps/picotool-src/lib/include -isystem /home/gpu/het68/pico-sdk/lib/mbedtls/include -O3 -DNDEBUG -MD -MT lib/CMakeFiles/mbedtls.dir/home/gpu/het68/pico-sdk/lib/mbedtls/library/platform_util.c.o -MF CMakeFiles/mbedtls.dir/home/gpu/het68/pico-sdk/lib/mbedtls/library/platform_util.c.o.d -o CMakeFiles/mbedtls.dir/home/gpu/het68/pico-sdk/lib/mbedtls/library/platform_util.c.o -c /home/gpu/het68/pico-sdk/lib/mbedtls/library/platform_util.c
cd /home/gpu/het68/build/_deps/picotool-build/lib && /usr/bin/cc -DMBEDTLS_CONFIG_FILE=\"picotool_mbedtls_config.h\" -I/home/gpu/het68/build/_deps/picotool-src/lib/include -isystem /home/gpu/het68/pico-sdk/lib/mbedtls/include -O3 -DNDEBUG -MD -MT lib/CMakeFiles/mbedtls.dir/home/gpu/het68/pico-sdk/lib/mbedtls/library/poly1305.c.o -MF CMakeFiles/mbedtls.dir/home/gpu/het68/pico-sdk/lib/mbedtls/library/poly1305.c.o.d -o CMakeFiles/mbedtls.dir/home/gpu/het68/pico-sdk/lib/mbedtls/library/poly1305.c.o -c /home/gpu/het68/pico-sdk/lib/mbedtls/library/poly1305.c
cd /home/gpu/het68/build/_deps/picotool-build/lib && /usr/bin/cc -DMBEDTLS_CONFIG_FILE=\"picotool_mbedtls_config.h\" -I/home/gpu/het68/build/_deps/picotool-src/lib/include -isystem /home/gpu/het68/pico-sdk/lib/mbedtls/include -O3 -DNDEBUG -MD -MT lib/CMakeFiles/mbedtls.dir/home/gpu/het68/pico-sdk/lib/mbedtls/library/psa_crypto.c.o -MF CMakeFiles/mbedtls.dir/home/gpu/het68/pico-sdk/lib/mbedtls/library/psa_crypto.c.o.d -o CMakeFiles/mbedtls.dir/home/gpu/het68/pico-sdk/lib/mbedtls/library/psa_crypto.c.o -c /home/gpu/het68/pico-sdk/lib/mbedtls/library/psa_crypto.c
cd /home/gpu/het68/build/_deps/picotool-build/lib && /usr/bin/cc -DMBEDTLS_CONFIG_FILE=\"picotool_mbedtls_config.h\" -I/home/gpu/het68/build/_deps/picotool-src/lib/include -isystem /home/gpu/het68/pico-sdk/lib/mbedtls/include -O3 -DNDEBUG -MD -MT lib/CMakeFiles/mbedtls.dir/home/gpu/het68/pico-sdk/lib/mbedtls/library/psa_crypto_aead.c.o -MF CMakeFiles/mbedtls.dir/home/gpu/het68/pico-sdk/lib/mbedtls/library/psa_crypto_aead.c.o.d -o CMakeFiles/mbedtls.dir/home/gpu/het68/pico-sdk/lib/mbedtls/library/psa_crypto_aead.c.o -c /home/gpu/het68/pico-sdk/lib/mbedtls/library/psa_crypto_aead.c
/usr/bin/cmake -E touch /home/gpu/het68/build/_deps/picotool-build/enc_bootloader/src/enc_bootloader-stamp/enc_bootloader-download
cd /home/gpu/het68/build/_deps/picotool-build/lib && /usr/bin/cc -DMBEDTLS_CONFIG_FILE=\"picotool_mbedtls_config.h\" -I/home/gpu/het68/build/_deps/picotool-src/lib/include -isystem /home/gpu/het68/pico-sdk/lib/mbedtls/include -O3 -DNDEBUG -MD -MT lib/CMakeFiles/mbedtls.dir/home/gpu/het68/pico-sdk/lib/mbedtls/library/psa_crypto_cipher.c.o -MF CMakeFiles/mbedtls.dir/home/gpu/het68/pico-sdk/lib/mbedtls/library/psa_crypto_cipher.c.o.d -o CMakeFiles/mbedtls.dir/home/gpu/het68/pico-sdk/lib/mbedtls/library/psa_crypto_cipher.c.o -c /home/gpu/het68/pico-sdk/lib/mbedtls/library/psa_crypto_cipher.c
cd /home/gpu/het68/build/_deps/picotool-build/lib && /usr/bin/cc -DMBEDTLS_CONFIG_FILE=\"picotool_mbedtls_config.h\" -I/home/gpu/het68/build/_deps/picotool-src/lib/include -isystem /home/gpu/het68/pico-sdk/lib/mbedtls/include -O3 -DNDEBUG -MD -MT lib/CMakeFiles/mbedtls.dir/home/gpu/het68/pico-sdk/lib/mbedtls/library/psa_crypto_client.c.o -MF CMakeFiles/mbedtls.dir/home/gpu/het68/pico-sdk/lib/mbedtls/library/psa_crypto_client.c.o.d -o CMakeFiles/mbedtls.dir/home/gpu/het68/pico-sdk/lib/mbedtls/library/psa_crypto_client.c.o -c /home/gpu/het68/pico-sdk/lib/mbedtls/library/psa_crypto_client.c
cd /home/gpu/het68/build/_deps/picotool-build/lib && /usr/bin/cc -DMBEDTLS_CONFIG_FILE=\"picotool_mbedtls_config.h\" -I/home/gpu/het68/build/_deps/picotool-src/lib/include -isystem /home/gpu/het68/pico-sdk/lib/mbedtls/include -O3 -DNDEBUG -MD -MT lib/CMakeFiles/mbedtls.dir/home/gpu/het68/pico-sdk/lib/mbedtls/library/psa_crypto_ecp.c.o -MF CMakeFiles/mbedtls.dir/home/gpu/het68/pico-sdk/lib/mbedtls/library/psa_crypto_ecp.c.o.d -o CMakeFiles/mbedtls.dir/home/gpu/het68/pico-sdk/lib/mbedtls/library/psa_crypto_ecp.c.o -c /home/gpu/het68/pico-sdk/lib/mbedtls/library/psa_crypto_ecp.c
cd /home/gpu/het68/build/_deps/picotool-build/lib && /usr/bin/cc -DMBEDTLS_CONFIG_FILE=\"picotool_mbedtls_config.h\" -I/home/gpu/het68/build/_deps/picotool-src/lib/include -isystem /home/gpu/het68/pico-sdk/lib/mbedtls/include -O3 -DNDEBUG -MD -MT lib/CMakeFiles/mbedtls.dir/home/gpu/het68/pico-sdk/lib/mbedtls/library/psa_crypto_hash.c.o -MF CMakeFiles/mbedtls.dir/home/gpu/het68/pico-sdk/lib/mbedtls/library/psa_crypto_hash.c.o.d -o CMakeFiles/mbedtls.dir/home/gpu/het68/pico-sdk/lib/mbedtls/library/psa_crypto_hash.c.o -c /home/gpu/het68/pico-sdk/lib/mbedtls/library/psa_crypto_hash.c
cd /home/gpu/het68/build/_deps/picotool-build/lib && /usr/bin/cc -DMBEDTLS_CONFIG_FILE=\"picotool_mbedtls_config.h\" -I/home/gpu/het68/build/_deps/picotool-src/lib/include -isystem /home/gpu/het68/pico-sdk/lib/mbedtls/include -O3 -DNDEBUG -MD -MT lib/CMakeFiles/mbedtls.dir/home/gpu/het68/pico-sdk/lib/mbedtls/library/psa_crypto_mac.c.o -MF CMakeFiles/mbedtls.dir/home/gpu/het68/pico-sdk/lib/mbedtls/library/psa_crypto_mac.c.o.d -o CMakeFiles/mbedtls.dir/home/gpu/het68/pico-sdk/lib/mbedtls/library/psa_crypto_mac.c.o -c /home/gpu/het68/pico-sdk/lib/mbedtls/library/psa_crypto_mac.c
cd /home/gpu/het68/build/_deps/picotool-build/lib && /usr/bin/cc -DMBEDTLS_CONFIG_FILE=\"picotool_mbedtls_config.h\" -I/home/gpu/het68/build/_deps/picotool-src/lib/include -isystem /home/gpu/het68/pico-sdk/lib/mbedtls/include -O3 -DNDEBUG -MD -MT lib/CMakeFiles/mbedtls.dir/home/gpu/het68/pico-sdk/lib/mbedtls/library/psa_crypto_rsa.c.o -MF CMakeFiles/mbedtls.dir/home/gpu/het68/pico-sdk/lib/mbedtls/library/psa_crypto_rsa.c.o.d -o CMakeFiles/mbedtls.dir/home/gpu/het68/pico-sdk/lib/mbedtls/library/psa_crypto_rsa.c.o -c /home/gpu/het68/pico-sdk/lib/mbedtls/library/psa_crypto_rsa.c
cd /home/gpu/het68/build/_deps/picotool-build/lib && /usr/bin/cc -DMBEDTLS_CONFIG_FILE=\"picotool_mbedtls_config.h\" -I/home/gpu/het68/build/_deps/picotool-src/lib/include -isystem /home/gpu/het68/pico-sdk/lib/mbedtls/include -O3 -DNDEBUG -MD -MT lib/CMakeFiles/mbedtls.dir/home/gpu/het68/pico-sdk/lib/mbedtls/library/psa_crypto_se.c.o -MF CMakeFiles/mbedtls.dir/home/gpu/het68/pico-sdk/lib/mbedtls/library/psa_crypto_se.c.o.d -o CMakeFiles/mbedtls.dir/home/gpu/het68/pico-sdk/lib/mbedtls/library/psa_crypto_se.c.o -c /home/gpu/het68/pico-sdk/lib/mbedtls/library/psa_crypto_se.c
cd /home/gpu/het68/build/_deps/picotool-build/lib && /usr/bin/cc -DMBEDTLS_CONFIG_FILE=\"picotool_mbedtls_config.h\" -I/home/gpu/het68/build/_deps/picotool-src/lib/include -isystem /home/gpu/het68/pico-sdk/lib/mbedtls/include -O3 -DNDEBUG -MD -MT lib/CMakeFiles/mbedtls.dir/home/gpu/het68/pico-sdk/lib/mbedtls/library/psa_crypto_slot_management.c.o -MF CMakeFiles/mbedtls.dir/home/gpu/het68/pico-sdk/lib/mbedtls/library/psa_crypto_slot_management.c.o.d -o CMakeFiles/mbedtls.dir/home/gpu/het68/pico-sdk/lib/mbedtls/library/psa_crypto_slot_management.c.o -c /home/gpu/het68/pico-sdk/lib/mbedtls/library/psa_crypto_slot_management.c
cd /home/gpu/het68/build/_deps/picotool-build/lib && /usr/bin/cc -DMBEDTLS_CONFIG_FILE=\"picotool_mbedtls_config.h\" -I/home/gpu/het68/build/_deps/picotool-src/lib/include -isystem /home/gpu/het68/pico-sdk/lib/mbedtls/include -O3 -DNDEBUG -MD -MT lib/CMakeFiles/mbedtls.dir/home/gpu/het68/pico-sdk/lib/mbedtls/library/psa_crypto_storage.c.o -MF CMakeFiles/mbedtls.dir/home/gpu/het68/pico-sdk/lib/mbedtls/library/psa_crypto_storage.c.o.d -o CMakeFiles/mbedtls.dir/home/gpu/het68/pico-sdk/lib/mbedtls/library/psa_crypto_storage.c.o -c /home/gpu/het68/pico-sdk/lib/mbedtls/library/psa_crypto_storage.c
/usr/bin/cmake -E touch /home/gpu/het68/build/_deps/picotool-build/enc_bootloader_mbedtls/src/enc_bootloader_mbedtls-stamp/enc_bootloader_mbedtls-download
cd /home/gpu/het68/build/_deps/picotool-build/lib && /usr/bin/cc -DMBEDTLS_CONFIG_FILE=\"picotool_mbedtls_config.h\" -I/home/gpu/het68/build/_deps/picotool-src/lib/include -isystem /home/gpu/het68/pico-sdk/lib/mbedtls/include -O3 -DNDEBUG -MD -MT lib/CMakeFiles/mbedtls.dir/home/gpu/het68/pico-sdk/lib/mbedtls/library/psa_its_file.c.o -MF CMakeFiles/mbedtls.dir/home/gpu/het68/pico-sdk/lib/mbedtls/library/psa_its_file.c.o.d -o CMakeFiles/mbedtls.dir/home/gpu/het68/pico-sdk/lib/mbedtls/library/psa_its_file.c.o -c /home/gpu/het68/pico-sdk/lib/mbedtls/library/psa_its_file.c
cd /home/gpu/het68/build/_deps/picotool-build/lib && /usr/bin/cc -DMBEDTLS_CONFIG_FILE=\"picotool_mbedtls_config.h\" -I/home/gpu/het68/build/_deps/picotool-src/lib/include -isystem /home/gpu/het68/pico-sdk/lib/mbedtls/include -O3 -DNDEBUG -MD -MT lib/CMakeFiles/mbedtls.dir/home/gpu/het68/pico-sdk/lib/mbedtls/library/ripemd160.c.o -MF CMakeFiles/mbedtls.dir/home/gpu/het68/pico-sdk/lib/mbedtls/library/ripemd160.c.o.d -o CMakeFiles/mbedtls.dir/home/gpu/het68/pico-sdk/lib/mbedtls/library/ripemd160.c.o -c /home/gpu/het68/pico-sdk/lib/mbedtls/library/ripemd160.c
cd /home/gpu/het68/build/_deps/picotool-build/lib && /usr/bin/cc -DMBEDTLS_CONFIG_FILE=\"picotool_mbedtls_config.h\" -I/home/gpu/het68/build/_deps/picotool-src/lib/include -isystem /home/gpu/het68/pico-sdk/lib/mbedtls/include -O3 -DNDEBUG -MD -MT lib/CMakeFiles/mbedtls.dir/home/gpu/het68/pico-sdk/lib/mbedtls/library/rsa.c.o -MF CMakeFiles/mbedtls.dir/home/gpu/het68/pico-sdk/lib/mbedtls/library/rsa.c.o.d -o CMakeFiles/mbedtls.dir/home/gpu/het68/pico-sdk/lib/mbedtls/library/rsa.c.o -c /home/gpu/het68/pico-sdk/lib/mbedtls/library/rsa.c
cd /home/gpu/het68/build/_deps/picotool-build/lib && /usr/bin/cc -DMBEDTLS_CONFIG_FILE=\"picotool_mbedtls_config.h\" -I/home/gpu/het68/build/_deps/picotool-src/lib/include -isystem /home/gpu/het68/pico-sdk/lib/mbedtls/include -O3 -DNDEBUG -MD -MT lib/CMakeFiles/mbedtls.dir/home/gpu/het68/pico-sdk/lib/mbedtls/library/sha1.c.o -MF CMakeFiles/mbedtls.dir/home/gpu/het68/pico-sdk/lib/mbedtls/library/sha1.c.o.d -o CMakeFiles/mbedtls.dir/home/gpu/het68/pico-sdk/lib/mbedtls/library/sha1.c.o -c /home/gpu/het68/pico-sdk/lib/mbedtls/library/sha1.c
cd /home/gpu/het68/build/_deps/picotool-build/lib && /usr/bin/cc -DMBEDTLS_CONFIG_FILE=\"picotool_mbedtls_config.h\" -I/home/gpu/het68/build/_deps/picotool-src/lib/include -isystem /home/gpu/het68/pico-sdk/lib/mbedtls/include -O3 -DNDEBUG -MD -MT lib/CMakeFiles/mbedtls.dir/home/gpu/het68/pico-sdk/lib/mbedtls/library/sha256.c.o -MF CMakeFiles/mbedtls.dir/home/gpu/het68/pico-sdk/lib/mbedtls/library/sha256.c.o.d -o CMakeFiles/mbedtls.dir/home/gpu/het68/pico-sdk/lib/mbedtls/library/sha256.c.o -c /home/gpu/het68/pico-sdk/lib/mbedtls/library/sha256.c
cd /home/gpu/het68/build/_deps/picotool-build/lib && /usr/bin/cc -DMBEDTLS_CONFIG_FILE=\"picotool_mbedtls_config.h\" -I/home/gpu/het68/build/_deps/picotool-src/lib/include -isystem /home/gpu/het68/pico-sdk/lib/mbedtls/include -O3 -DNDEBUG -MD -MT lib/CMakeFiles/mbedtls.dir/home/gpu/het68/pico-sdk/lib/mbedtls/library/sha512.c.o -MF CMakeFiles/mbedtls.dir/home/gpu/het68/pico-sdk/lib/mbedtls/library/sha512.c.o.d -o CMakeFiles/mbedtls.dir/home/gpu/het68/pico-sdk/lib/mbedtls/library/sha512.c.o -c /home/gpu/het68/pico-sdk/lib/mbedtls/library/sha512.c
cd /home/gpu/het68/build/_deps/picotool-build/lib && /usr/bin/cc -DMBEDTLS_CONFIG_FILE=\"picotool_mbedtls_config.h\" -I/home/gpu/het68/build/_deps/picotool-src/lib/include -isystem /home/gpu/het68/pico-sdk/lib/mbedtls/include -O3 -DNDEBUG -MD -MT lib/CMakeFiles/mbedtls.dir/home/gpu/het68/pico-sdk/lib/mbedtls/library/threading.c.o -MF CMakeFiles/mbedtls.dir/home/gpu/het68/pico-sdk/lib/mbedtls/library/threading.c.o.d -o CMakeFiles/mbedtls.dir/home/gpu/het68/pico-sdk/lib/mbedtls/library/threading.c.o -c /home/gpu/het68/pico-sdk/lib/mbedtls/library/threading.c
cd /home/gpu/het68/build/_deps/picotool-build/lib && /usr/bin/cc -DMBEDTLS_CONFIG_FILE=\"picotool_mbedtls_config.h\" -I/home/gpu/het68/build/_deps/picotool-src/lib/include -isystem /home/gpu/het68/pico-sdk/lib/mbedtls/include -O3 -DNDEBUG -MD -MT lib/CMakeFiles/mbedtls.dir/home/gpu/het68/pico-sdk/lib/mbedtls/library/timing.c.o -MF CMakeFiles/mbedtls.dir/home/gpu/het68/pico-sdk/lib/mbedtls/library/timing.c.o.d -o CMakeFiles/mbedtls.dir/home/gpu/het68/pico-sdk/lib/mbedtls/library/timing.c.o -c /home/gpu/het68/pico-sdk/lib/mbedtls/library/timing.c
cd /home/gpu/het68/build/_deps/picotool-build/lib && /usr/bin/cc -DMBEDTLS_CONFIG_FILE=\"picotool_mbedtls_config.h\" -I/home/gpu/het68/build/_deps/picotool-src/lib/include -isystem /home/gpu/het68/pico-sdk/lib/mbedtls/include -O3 -DNDEBUG -MD -MT lib/CMakeFiles/mbedtls.dir/home/gpu/het68/pico-sdk/lib/mbedtls/library/version.c.o -MF CMakeFiles/mbedtls.dir/home/gpu/het68/pico-sdk/lib/mbedtls/library/version.c.o.d -o CMakeFiles/mbedtls.dir/home/gpu/het68/pico-sdk/lib/mbedtls/library/version.c.o -c /home/gpu/het68/pico-sdk/lib/mbedtls/library/version.c
cd /home/gpu/het68/build/_deps/picotool-build/lib && /usr/bin/cc -DMBEDTLS_CONFIG_FILE=\"picotool_mbedtls_config.h\" -I/home/gpu/het68/build/_deps/picotool-src/lib/include -isystem /home/gpu/het68/pico-sdk/lib/mbedtls/include -O3 -DNDEBUG -MD -MT lib/CMakeFiles/mbedtls.dir/home/gpu/het68/pico-sdk/lib/mbedtls/library/version_features.c.o -MF CMakeFiles/mbedtls.dir/home/gpu/het68/pico-sdk/lib/mbedtls/library/version_features.c.o.d -o CMakeFiles/mbedtls.dir/home/gpu/het68/pico-sdk/lib/mbedtls/library/version_features.c.o -c /home/gpu/het68/pico-sdk/lib/mbedtls/library/version_features.c
cd /home/gpu/het68/build/_deps/picotool-build/lib && /usr/bin/cc -DMBEDTLS_CONFIG_FILE=\"picotool_mbedtls_config.h\" -I/home/gpu/het68/build/_deps/picotool-src/lib/include -isystem /home/gpu/het68/pico-sdk/lib/mbedtls/include -O3 -DNDEBUG -MD -MT lib/CMakeFiles/mbedtls.dir/home/gpu/het68/pico-sdk/lib/mbedtls/library/bignum_core.c.o -MF CMakeFiles/mbedtls.dir/home/gpu/het68/pico-sdk/lib/mbedtls/library/bignum_core.c.o.d -o CMakeFiles/mbedtls.dir/home/gpu/het68/pico-sdk/lib/mbedtls/library/bignum_core.c.o -c /home/gpu/het68/pico-sdk/lib/mbedtls/library/bignum_core.c
/usr/bin/cmake -E echo_append
cd /home/gpu/het68/build/_deps/picotool-build/lib && /usr/bin/cc -DMBEDTLS_CONFIG_FILE=\"picotool_mbedtls_config.h\" -I/home/gpu/het68/build/_deps/picotool-src/lib/include -isystem /home/gpu/het68/pico-sdk/lib/mbedtls/include -O3 -DNDEBUG -MD -MT lib/CMakeFiles/mbedtls.dir/home/gpu/het68/pico-sdk/lib/mbedtls/library/rsa_alt_helpers.c.o -MF CMakeFiles/mbedtls.dir/home/gpu/het68/pico-sdk/lib/mbedtls/library/rsa_alt_helpers.c.o.d -o CMakeFiles/mbedtls.dir/home/gpu/het68/pico-sdk/lib/mbedtls/library/rsa_alt_helpers.c.o -c /home/gpu/het68/pico-sdk/lib/mbedtls/library/rsa_alt_helpers.c
cd /home/gpu/het68/build/_deps/picotool-build/lib && /usr/bin/cc -DMBEDTLS_CONFIG_FILE=\"picotool_mbedtls_config.h\" -I/home/gpu/het68/build/_deps/picotool-src/lib/include -isystem /home/gpu/het68/pico-sdk/lib/mbedtls/include -O3 -DNDEBUG -MD -MT lib/CMakeFiles/mbedtls.dir/home/gpu/het68/pico-sdk/lib/mbedtls/library/pk_ecc.c.o -MF CMakeFiles/mbedtls.dir/home/gpu/het68/pico-sdk/lib/mbedtls/library/pk_ecc.c.o.d -o CMakeFiles/mbedtls.dir/home/gpu/het68/pico-sdk/lib/mbedtls/library/pk_ecc.c.o -c /home/gpu/het68/pico-sdk/lib/mbedtls/library/pk_ecc.c
/usr/bin/cmake -E echo_append
/usr/bin/cmake -E touch /home/gpu/het68/build/_deps/picotool-build/enc_bootloader_mbedtls/src/enc_bootloader_mbedtls-stamp/enc_bootloader_mbedtls-update
/usr/bin/cmake -E echo_append
/usr/bin/cmake -E touch /home/gpu/het68/build/_deps/picotool-build/enc_bootloader/src/enc_bootloader-stamp/enc_bootloader-update
/usr/bin/cmake -E touch /home/gpu/het68/build/_deps/picotool-build/enc_bootloader_mbedtls/src/enc_bootloader_mbedtls-stamp/enc_bootloader_mbedtls-patch
cd /home/gpu/het68/build/_deps/picotool-build/enc_bootloader_mbedtls && /usr/bin/cmake -DCMAKE_MAKE_PROGRAM:FILEPATH=/usr/bin/gmake -DPICO_SDK_PATH:FILEPATH=/home/gpu/het68/pico-sdk -DUSE_PRECOMPILED:BOOL=true -DUSE_MBEDTLS=1 -DPICO_DEBUG_INFO_IN_RELEASE=OFF "-GUnix Makefiles" -S /home/gpu/het68/build/_deps/picotool-src/enc_bootloader -B /home/gpu/het68/build/_deps/picotool-build/enc_bootloader_mbedtls
/usr/bin/cmake -E echo_append
/usr/bin/cmake -E touch /home/gpu/het68/build/_deps/picotool-build/enc_bootloader/src/enc_bootloader-stamp/enc_bootloader-patch
Re-run cmake no build system arguments
cd /home/gpu/het68/build/_deps/picotool-build/enc_bootloader && /usr/bin/cmake -DCMAKE_MAKE_PROGRAM:FILEPATH=/usr/bin/gmake -DPICO_SDK_PATH:FILEPATH=/home/gpu/het68/pico-sdk -DUSE_PRECOMPILED:BOOL=true -DUSE_MBEDTLS=0 -DPICO_DEBUG_INFO_IN_RELEASE=OFF "-GUnix Makefiles" -S /home/gpu/het68/build/_deps/picotool-src/enc_bootloader -B /home/gpu/het68/build/_deps/picotool-build/enc_bootloader
Re-run cmake no build system arguments
-- The C compiler identification is GNU 13.3.0
-- The C compiler identification is GNU 13.3.0
-- The CXX compiler identification is GNU 13.3.0
-- The ASM compiler identification is GNU
-- Found assembler: /usr/bin/cc
-- Detecting C compiler ABI info
-- The CXX compiler identification is GNU 13.3.0
-- The ASM compiler identification is GNU
-- Found assembler: /usr/bin/cc
-- Detecting C compiler ABI info
-- Detecting C compiler ABI info - done
cd /home/gpu/het68/build/_deps/picotool-build/errors && /usr/bin/cmake -P CMakeFiles/errors.dir/cmake_clean_target.cmake
-- Check for working C compiler: /usr/bin/cc - skipped
-- Detecting C compile features
-- Detecting C compile features - done
cd /home/gpu/het68/build/_deps/picotool-build/errors && /usr/bin/cmake -E cmake_link_script CMakeFiles/errors.dir/link.txt --verbose=1
-- Detecting CXX compiler ABI info
/usr/bin/ar qc liberrors.a CMakeFiles/errors.dir/errors.cpp.o
/usr/bin/ranlib liberrors.a
gmake[5]: Leaving directory '/home/gpu/het68/build/_deps/picotool-build'
[  2%] Built target errors
/usr/bin/gmake  -f elf/CMakeFiles/elf.dir/build.make elf/CMakeFiles/elf.dir/depend
gmake[5]: Entering directory '/home/gpu/het68/build/_deps/picotool-build'
cd /home/gpu/het68/build/_deps/picotool-build && /usr/bin/cmake -E cmake_depends "Unix Makefiles" /home/gpu/het68/build/_deps/picotool-src /home/gpu/het68/build/_deps/picotool-src/elf /home/gpu/het68/build/_deps/picotool-build /home/gpu/het68/build/_deps/picotool-build/elf /home/gpu/het68/build/_deps/picotool-build/elf/CMakeFiles/elf.dir/DependInfo.cmake "--color="
-- Detecting C compiler ABI info - done
gmake[5]: Leaving directory '/home/gpu/het68/build/_deps/picotool-build'
/usr/bin/gmake  -f elf/CMakeFiles/elf.dir/build.make elf/CMakeFiles/elf.dir/build
gmake[5]: Entering directory '/home/gpu/het68/build/_deps/picotool-build'
cd /home/gpu/het68/build/_deps/picotool-build/elf && /usr/bin/c++  -I/home/gpu/het68/build/_deps/picotool-src/elf -I/home/gpu/het68/build/_deps/picotool-src/errors -O3 -DNDEBUG -std=gnu++14 -MD -MT elf/CMakeFiles/elf.dir/elf_file.cpp.o -MF CMakeFiles/elf.dir/elf_file.cpp.o.d -o CMakeFiles/elf.dir/elf_file.cpp.o -c /home/gpu/het68/build/_deps/picotool-src/elf/elf_file.cpp
-- Check for working C compiler: /usr/bin/cc - skipped
-- Detecting C compile features
-- Detecting C compile features - done
-- Detecting CXX compiler ABI info
-- Detecting CXX compiler ABI info - done
-- Check for working CXX compiler: /usr/bin/c++ - skipped
-- Detecting CXX compile features
-- Detecting CXX compile features - done
Using precompiled enc_bootloader.elf
-- Configuring done (2.5s)
-- Generating done (0.0s)
-- Detecting CXX compiler ABI info - done
-- Build files have been written to: /home/gpu/het68/build/_deps/picotool-build/enc_bootloader_mbedtls
cd /home/gpu/het68/build/_deps/picotool-build/enc_bootloader_mbedtls && /usr/bin/cmake -E touch /home/gpu/het68/build/_deps/picotool-build/enc_bootloader_mbedtls/src/enc_bootloader_mbedtls-stamp/enc_bootloader_mbedtls-configure
-- Check for working CXX compiler: /usr/bin/c++ - skipped
-- Detecting CXX compile features
-- Detecting CXX compile features - done
cd /home/gpu/het68/build/_deps/picotool-build/enc_bootloader_mbedtls && /usr/bin/gmake
gmake[6]: Entering directory '/home/gpu/het68/build/_deps/picotool-build/enc_bootloader_mbedtls'
/usr/bin/cmake -S/home/gpu/het68/build/_deps/picotool-src/enc_bootloader -B/home/gpu/het68/build/_deps/picotool-build/enc_bootloader_mbedtls --check-build-system CMakeFiles/Makefile.cmake 0
Using precompiled enc_bootloader.elf
-- Configuring done (2.5s)
-- Generating done (0.0s)
-- Build files have been written to: /home/gpu/het68/build/_deps/picotool-build/enc_bootloader
/usr/bin/cmake -E cmake_progress_start /home/gpu/het68/build/_deps/picotool-build/enc_bootloader_mbedtls/CMakeFiles /home/gpu/het68/build/_deps/picotool-build/enc_bootloader_mbedtls//CMakeFiles/progress.marks
cd /home/gpu/het68/build/_deps/picotool-build/enc_bootloader && /usr/bin/cmake -E touch /home/gpu/het68/build/_deps/picotool-build/enc_bootloader/src/enc_bootloader-stamp/enc_bootloader-configure
/usr/bin/gmake  -f CMakeFiles/Makefile2 all
gmake[7]: Entering directory '/home/gpu/het68/build/_deps/picotool-build/enc_bootloader_mbedtls'
gmake[7]: Nothing to be done for 'all'.
gmake[7]: Leaving directory '/home/gpu/het68/build/_deps/picotool-build/enc_bootloader_mbedtls'
/usr/bin/cmake -E cmake_progress_start /home/gpu/het68/build/_deps/picotool-build/enc_bootloader_mbedtls/CMakeFiles 0
cd /home/gpu/het68/build/_deps/picotool-build/enc_bootloader && /usr/bin/gmake
gmake[6]: Entering directory '/home/gpu/het68/build/_deps/picotool-build/enc_bootloader'
/usr/bin/cmake -S/home/gpu/het68/build/_deps/picotool-src/enc_bootloader -B/home/gpu/het68/build/_deps/picotool-build/enc_bootloader --check-build-system CMakeFiles/Makefile.cmake 0
gmake[6]: Leaving directory '/home/gpu/het68/build/_deps/picotool-build/enc_bootloader_mbedtls'
cd /home/gpu/het68/build/_deps/picotool-build/enc_bootloader_mbedtls && /usr/bin/cmake -E echo_append
/usr/bin/cmake -E cmake_progress_start /home/gpu/het68/build/_deps/picotool-build/enc_bootloader/CMakeFiles /home/gpu/het68/build/_deps/picotool-build/enc_bootloader//CMakeFiles/progress.marks
/usr/bin/cmake -E make_directory /home/gpu/het68/build/_deps/picotool-build/CMakeFiles
/usr/bin/gmake  -f CMakeFiles/Makefile2 all
gmake[7]: Entering directory '/home/gpu/het68/build/_deps/picotool-build/enc_bootloader'
gmake[7]: Nothing to be done for 'all'.
gmake[7]: Leaving directory '/home/gpu/het68/build/_deps/picotool-build/enc_bootloader'
/usr/bin/cmake -E cmake_progress_start /home/gpu/het68/build/_deps/picotool-build/enc_bootloader/CMakeFiles 0
/usr/bin/cmake -E touch /home/gpu/het68/build/_deps/picotool-build/CMakeFiles/enc_bootloader_mbedtls-complete
gmake[6]: Leaving directory '/home/gpu/het68/build/_deps/picotool-build/enc_bootloader'
cd /home/gpu/het68/build/_deps/picotool-build/enc_bootloader && /usr/bin/cmake -E echo_append
/usr/bin/cmake -E touch /home/gpu/het68/build/_deps/picotool-build/enc_bootloader_mbedtls/src/enc_bootloader_mbedtls-stamp/enc_bootloader_mbedtls-done
/usr/bin/cmake -E make_directory /home/gpu/het68/build/_deps/picotool-build/CMakeFiles
gmake[5]: Leaving directory '/home/gpu/het68/build/_deps/picotool-build'
/usr/bin/cmake -E touch /home/gpu/het68/build/_deps/picotool-build/CMakeFiles/enc_bootloader-complete
[  9%] Built target enc_bootloader_mbedtls
/usr/bin/cmake -E touch /home/gpu/het68/build/_deps/picotool-build/enc_bootloader/src/enc_bootloader-stamp/enc_bootloader-done
gmake[5]: Leaving directory '/home/gpu/het68/build/_deps/picotool-build'
[ 16%] Built target enc_bootloader
/usr/bin/gmake  -f CMakeFiles/embedded_data_no_libusb.dir/build.make CMakeFiles/embedded_data_no_libusb.dir/depend
gmake[5]: Entering directory '/home/gpu/het68/build/_deps/picotool-build'
cd /home/gpu/het68/build/_deps/picotool-build && /usr/bin/cmake -E cmake_depends "Unix Makefiles" /home/gpu/het68/build/_deps/picotool-src /home/gpu/het68/build/_deps/picotool-src /home/gpu/het68/build/_deps/picotool-build /home/gpu/het68/build/_deps/picotool-build /home/gpu/het68/build/_deps/picotool-build/CMakeFiles/embedded_data_no_libusb.dir/DependInfo.cmake "--color="
gmake[5]: Leaving directory '/home/gpu/het68/build/_deps/picotool-build'
/usr/bin/gmake  -f CMakeFiles/embedded_data_no_libusb.dir/build.make CMakeFiles/embedded_data_no_libusb.dir/build
gmake[5]: Entering directory '/home/gpu/het68/build/_deps/picotool-build'
/usr/bin/cmake -D BINARY_FILE=/home/gpu/het68/build/_deps/picotool-build/enc_bootloader/enc_bootloader.elf -D OUTPUT_NAME=enc_bootloader_elf -P /home/gpu/het68/build/_deps/picotool-src/cmake/binh.cmake
/usr/bin/cmake -D BINARY_FILE=/home/gpu/het68/build/_deps/picotool-build/enc_bootloader_mbedtls/enc_bootloader.elf -D OUTPUT_NAME=enc_bootloader_mbedtls_elf -P /home/gpu/het68/build/_deps/picotool-src/cmake/binh.cmake
gmake[5]: Leaving directory '/home/gpu/het68/build/_deps/picotool-build'
[ 18%] Built target embedded_data_no_libusb
cd /home/gpu/het68/build/_deps/picotool-build/lib && /usr/bin/cmake -P CMakeFiles/mbedtls.dir/cmake_clean_target.cmake
cd /home/gpu/het68/build/_deps/picotool-build/lib && /usr/bin/cmake -E cmake_link_script CMakeFiles/mbedtls.dir/link.txt --verbose=1
/usr/bin/ar qc libmbedtls.a "CMakeFiles/mbedtls.dir/home/gpu/het68/pico-sdk/lib/mbedtls/library/aes.c.o" "CMakeFiles/mbedtls.dir/home/gpu/het68/pico-sdk/lib/mbedtls/library/aesni.c.o" "CMakeFiles/mbedtls.dir/home/gpu/het68/pico-sdk/lib/mbedtls/library/aria.c.o" "CMakeFiles/mbedtls.dir/home/gpu/het68/pico-sdk/lib/mbedtls/library/asn1parse.c.o" "CMakeFiles/mbedtls.dir/home/gpu/het68/pico-sdk/lib/mbedtls/library/asn1write.c.o" "CMakeFiles/mbedtls.dir/home/gpu/het68/pico-sdk/lib/mbedtls/library/base64.c.o" "CMakeFiles/mbedtls.dir/home/gpu/het68/pico-sdk/lib/mbedtls/library/bignum.c.o" "CMakeFiles/mbedtls.dir/home/gpu/het68/pico-sdk/lib/mbedtls/library/camellia.c.o" "CMakeFiles/mbedtls.dir/home/gpu/het68/pico-sdk/lib/mbedtls/library/ccm.c.o" "CMakeFiles/mbedtls.dir/home/gpu/het68/pico-sdk/lib/mbedtls/library/chacha20.c.o" "CMakeFiles/mbedtls.dir/home/gpu/het68/pico-sdk/lib/mbedtls/library/chachapoly.c.o" "CMakeFiles/mbedtls.dir/home/gpu/het68/pico-sdk/lib/mbedtls/library/cipher.c.o" "CMakeFiles/mbedtls.dir/home/gpu/het68/pico-sdk/lib/mbedtls/library/cipher_wrap.c.o" "CMakeFiles/mbedtls.dir/home/gpu/het68/pico-sdk/lib/mbedtls/library/constant_time.c.o" "CMakeFiles/mbedtls.dir/home/gpu/het68/pico-sdk/lib/mbedtls/library/cmac.c.o" "CMakeFiles/mbedtls.dir/home/gpu/het68/pico-sdk/lib/mbedtls/library/ctr_drbg.c.o" "CMakeFiles/mbedtls.dir/home/gpu/het68/pico-sdk/lib/mbedtls/library/des.c.o" "CMakeFiles/mbedtls.dir/home/gpu/het68/pico-sdk/lib/mbedtls/library/dhm.c.o" "CMakeFiles/mbedtls.dir/home/gpu/het68/pico-sdk/lib/mbedtls/library/ecdh.c.o" "CMakeFiles/mbedtls.dir/home/gpu/het68/pico-sdk/lib/mbedtls/library/ecdsa.c.o" "CMakeFiles/mbedtls.dir/home/gpu/het68/pico-sdk/lib/mbedtls/library/ecjpake.c.o" "CMakeFiles/mbedtls.dir/home/gpu/het68/pico-sdk/lib/mbedtls/library/ecp.c.o" "CMakeFiles/mbedtls.dir/home/gpu/het68/pico-sdk/lib/mbedtls/library/ecp_curves.c.o" "CMakeFiles/mbedtls.dir/home/gpu/het68/pico-sdk/lib/mbedtls/library/entropy.c.o" "CMakeFiles/mbedtls.dir/home/gpu/het68/pico-sdk/lib/mbedtls/library/entropy_poll.c.o" "CMakeFiles/mbedtls.dir/home/gpu/het68/pico-sdk/lib/mbedtls/library/error.c.o" "CMakeFiles/mbedtls.dir/home/gpu/het68/pico-sdk/lib/mbedtls/library/gcm.c.o" "CMakeFiles/mbedtls.dir/home/gpu/het68/pico-sdk/lib/mbedtls/library/hkdf.c.o" "CMakeFiles/mbedtls.dir/home/gpu/het68/pico-sdk/lib/mbedtls/library/hmac_drbg.c.o" "CMakeFiles/mbedtls.dir/home/gpu/het68/pico-sdk/lib/mbedtls/library/md.c.o" "CMakeFiles/mbedtls.dir/home/gpu/het68/pico-sdk/lib/mbedtls/library/md5.c.o" "CMakeFiles/mbedtls.dir/home/gpu/het68/pico-sdk/lib/mbedtls/library/memory_buffer_alloc.c.o" "CMakeFiles/mbedtls.dir/home/gpu/het68/pico-sdk/lib/mbedtls/library/mps_reader.c.o" "CMakeFiles/mbedtls.dir/home/gpu/het68/pico-sdk/lib/mbedtls/library/mps_trace.c.o" "CMakeFiles/mbedtls.dir/home/gpu/het68/pico-sdk/lib/mbedtls/library/nist_kw.c.o" "CMakeFiles/mbedtls.dir/home/gpu/het68/pico-sdk/lib/mbedtls/library/oid.c.o" "CMakeFiles/mbedtls.dir/home/gpu/het68/pico-sdk/lib/mbedtls/library/padlock.c.o" "CMakeFiles/mbedtls.dir/home/gpu/het68/pico-sdk/lib/mbedtls/library/pem.c.o" "CMakeFiles/mbedtls.dir/home/gpu/het68/pico-sdk/lib/mbedtls/library/pk.c.o" "CMakeFiles/mbedtls.dir/home/gpu/het68/pico-sdk/lib/mbedtls/library/pk_wrap.c.o" "CMakeFiles/mbedtls.dir/home/gpu/het68/pico-sdk/lib/mbedtls/library/pkcs12.c.o" "CMakeFiles/mbedtls.dir/home/gpu/het68/pico-sdk/lib/mbedtls/library/pkcs5.c.o" "CMakeFiles/mbedtls.dir/home/gpu/het68/pico-sdk/lib/mbedtls/library/pkparse.c.o" "CMakeFiles/mbedtls.dir/home/gpu/het68/pico-sdk/lib/mbedtls/library/pkwrite.c.o" "CMakeFiles/mbedtls.dir/home/gpu/het68/pico-sdk/lib/mbedtls/library/platform.c.o" "CMakeFiles/mbedtls.dir/home/gpu/het68/pico-sdk/lib/mbedtls/library/platform_util.c.o" "CMakeFiles/mbedtls.dir/home/gpu/het68/pico-sdk/lib/mbedtls/library/poly1305.c.o" "CMakeFiles/mbedtls.dir/home/gpu/het68/pico-sdk/lib/mbedtls/library/psa_crypto.c.o" "CMakeFiles/mbedtls.dir/home/gpu/het68/pico-sdk/lib/mbedtls/library/psa_crypto_aead.c.o" "CMakeFiles/mbedtls.dir/home/gpu/het68/pico-sdk/lib/mbedtls/library/psa_crypto_cipher.c.o" "CMakeFiles/mbedtls.dir/home/gpu/het68/pico-sdk/lib/mbedtls/library/psa_crypto_client.c.o" "CMakeFiles/mbedtls.dir/home/gpu/het68/pico-sdk/lib/mbedtls/library/psa_crypto_ecp.c.o" "CMakeFiles/mbedtls.dir/home/gpu/het68/pico-sdk/lib/mbedtls/library/psa_crypto_hash.c.o" "CMakeFiles/mbedtls.dir/home/gpu/het68/pico-sdk/lib/mbedtls/library/psa_crypto_mac.c.o" "CMakeFiles/mbedtls.dir/home/gpu/het68/pico-sdk/lib/mbedtls/library/psa_crypto_rsa.c.o" "CMakeFiles/mbedtls.dir/home/gpu/het68/pico-sdk/lib/mbedtls/library/psa_crypto_se.c.o" "CMakeFiles/mbedtls.dir/home/gpu/het68/pico-sdk/lib/mbedtls/library/psa_crypto_slot_management.c.o" "CMakeFiles/mbedtls.dir/home/gpu/het68/pico-sdk/lib/mbedtls/library/psa_crypto_storage.c.o" "CMakeFiles/mbedtls.dir/home/gpu/het68/pico-sdk/lib/mbedtls/library/psa_its_file.c.o" "CMakeFiles/mbedtls.dir/home/gpu/het68/pico-sdk/lib/mbedtls/library/ripemd160.c.o" "CMakeFiles/mbedtls.dir/home/gpu/het68/pico-sdk/lib/mbedtls/library/rsa.c.o" "CMakeFiles/mbedtls.dir/home/gpu/het68/pico-sdk/lib/mbedtls/library/sha1.c.o" "CMakeFiles/mbedtls.dir/home/gpu/het68/pico-sdk/lib/mbedtls/library/sha256.c.o" "CMakeFiles/mbedtls.dir/home/gpu/het68/pico-sdk/lib/mbedtls/library/sha512.c.o" "CMakeFiles/mbedtls.dir/home/gpu/het68/pico-sdk/lib/mbedtls/library/threading.c.o" "CMakeFiles/mbedtls.dir/home/gpu/het68/pico-sdk/lib/mbedtls/library/timing.c.o" "CMakeFiles/mbedtls.dir/home/gpu/het68/pico-sdk/lib/mbedtls/library/version.c.o" "CMakeFiles/mbedtls.dir/home/gpu/het68/pico-sdk/lib/mbedtls/library/version_features.c.o" "CMakeFiles/mbedtls.dir/home/gpu/het68/pico-sdk/lib/mbedtls/library/bignum_core.c.o" "CMakeFiles/mbedtls.dir/home/gpu/het68/pico-sdk/lib/mbedtls/library/rsa_alt_helpers.c.o" "CMakeFiles/mbedtls.dir/home/gpu/het68/pico-sdk/lib/mbedtls/library/pk_ecc.c.o"
/usr/bin/ranlib libmbedtls.a
gmake[5]: Leaving directory '/home/gpu/het68/build/_deps/picotool-build'
[ 86%] Built target mbedtls
cd /home/gpu/het68/build/_deps/picotool-build/elf && /usr/bin/cmake -P CMakeFiles/elf.dir/cmake_clean_target.cmake
cd /home/gpu/het68/build/_deps/picotool-build/elf && /usr/bin/cmake -E cmake_link_script CMakeFiles/elf.dir/link.txt --verbose=1
/usr/bin/ar qc libelf.a CMakeFiles/elf.dir/elf_file.cpp.o
/usr/bin/ranlib libelf.a
gmake[5]: Leaving directory '/home/gpu/het68/build/_deps/picotool-build'
[ 88%] Built target elf
/usr/bin/gmake  -f bintool/CMakeFiles/bintool.dir/build.make bintool/CMakeFiles/bintool.dir/depend
/usr/bin/gmake  -f elf2uf2/CMakeFiles/elf2uf2.dir/build.make elf2uf2/CMakeFiles/elf2uf2.dir/depend
gmake[5]: Entering directory '/home/gpu/het68/build/_deps/picotool-build'
cd /home/gpu/het68/build/_deps/picotool-build && /usr/bin/cmake -E cmake_depends "Unix Makefiles" /home/gpu/het68/build/_deps/picotool-src /home/gpu/het68/build/_deps/picotool-src/bintool /home/gpu/het68/build/_deps/picotool-build /home/gpu/het68/build/_deps/picotool-build/bintool /home/gpu/het68/build/_deps/picotool-build/bintool/CMakeFiles/bintool.dir/DependInfo.cmake "--color="
gmake[5]: Entering directory '/home/gpu/het68/build/_deps/picotool-build'
cd /home/gpu/het68/build/_deps/picotool-build && /usr/bin/cmake -E cmake_depends "Unix Makefiles" /home/gpu/het68/build/_deps/picotool-src /home/gpu/het68/build/_deps/picotool-src/elf2uf2 /home/gpu/het68/build/_deps/picotool-build /home/gpu/het68/build/_deps/picotool-build/elf2uf2 /home/gpu/het68/build/_deps/picotool-build/elf2uf2/CMakeFiles/elf2uf2.dir/DependInfo.cmake "--color="
gmake[5]: Leaving directory '/home/gpu/het68/build/_deps/picotool-build'
/usr/bin/gmake  -f bintool/CMakeFiles/bintool.dir/build.make bintool/CMakeFiles/bintool.dir/build
gmake[5]: Entering directory '/home/gpu/het68/build/_deps/picotool-build'
cd /home/gpu/het68/build/_deps/picotool-build/bintool && /usr/bin/c++ -DHAS_MBEDTLS=1 -DMBEDTLS_CONFIG_FILE=\"picotool_mbedtls_config.h\" -DNO_PICO_PLATFORM=1 -I/home/gpu/het68/build/_deps/picotool-src/bintool -I/home/gpu/het68/build/_deps/picotool-src/lib/include -I/home/gpu/het68/build/_deps/picotool-src/elf -I/home/gpu/het68/build/_deps/picotool-src/errors -isystem /home/gpu/het68/pico-sdk/lib/mbedtls/include -isystem /home/gpu/het68/pico-sdk/src/common/boot_picobin_headers/include -O3 -DNDEBUG -std=gnu++14 -MD -MT bintool/CMakeFiles/bintool.dir/bintool.cpp.o -MF CMakeFiles/bintool.dir/bintool.cpp.o.d -o CMakeFiles/bintool.dir/bintool.cpp.o -c /home/gpu/het68/build/_deps/picotool-src/bintool/bintool.cpp
gmake[5]: Leaving directory '/home/gpu/het68/build/_deps/picotool-build'
/usr/bin/gmake  -f elf2uf2/CMakeFiles/elf2uf2.dir/build.make elf2uf2/CMakeFiles/elf2uf2.dir/build
cd /home/gpu/het68/build/_deps/picotool-build/bintool && /usr/bin/cc -DHAS_MBEDTLS=1 -DMBEDTLS_CONFIG_FILE=\"picotool_mbedtls_config.h\" -DNO_PICO_PLATFORM=1 -I/home/gpu/het68/build/_deps/picotool-src/bintool -I/home/gpu/het68/build/_deps/picotool-src/lib/include -I/home/gpu/het68/build/_deps/picotool-src/elf -I/home/gpu/het68/build/_deps/picotool-src/errors -isystem /home/gpu/het68/pico-sdk/lib/mbedtls/include -isystem /home/gpu/het68/pico-sdk/src/common/boot_picobin_headers/include -O3 -DNDEBUG -MD -MT bintool/CMakeFiles/bintool.dir/mbedtls_wrapper.c.o -MF CMakeFiles/bintool.dir/mbedtls_wrapper.c.o.d -o CMakeFiles/bintool.dir/mbedtls_wrapper.c.o -c /home/gpu/het68/build/_deps/picotool-src/bintool/mbedtls_wrapper.c
gmake[5]: Entering directory '/home/gpu/het68/build/_deps/picotool-build'
cd /home/gpu/het68/build/_deps/picotool-build/elf2uf2 && /usr/bin/c++  -I/home/gpu/het68/build/_deps/picotool-src/elf2uf2 -I/home/gpu/het68/build/_deps/picotool-src/elf -I/home/gpu/het68/build/_deps/picotool-src/errors -isystem /home/gpu/het68/pico-sdk/src/common/boot_uf2_headers/include -O3 -DNDEBUG -std=gnu++14 -MD -MT elf2uf2/CMakeFiles/elf2uf2.dir/elf2uf2.cpp.o -MF CMakeFiles/elf2uf2.dir/elf2uf2.cpp.o.d -o CMakeFiles/elf2uf2.dir/elf2uf2.cpp.o -c /home/gpu/het68/build/_deps/picotool-src/elf2uf2/elf2uf2.cpp
cd /home/gpu/het68/build/_deps/picotool-build/elf2uf2 && /usr/bin/cmake -P CMakeFiles/elf2uf2.dir/cmake_clean_target.cmake
cd /home/gpu/het68/build/_deps/picotool-build/elf2uf2 && /usr/bin/cmake -E cmake_link_script CMakeFiles/elf2uf2.dir/link.txt --verbose=1
/usr/bin/ar qc libelf2uf2.a CMakeFiles/elf2uf2.dir/elf2uf2.cpp.o
/usr/bin/ranlib libelf2uf2.a
gmake[5]: Leaving directory '/home/gpu/het68/build/_deps/picotool-build'
[ 90%] Built target elf2uf2
/usr/bin/cmake -E cmake_link_script CMakeFiles/pioasm.dir/link.txt --verbose=1
/usr/bin/c++ -O3 -DNDEBUG CMakeFiles/pioasm.dir/main.cpp.o CMakeFiles/pioasm.dir/pio_assembler.cpp.o CMakeFiles/pioasm.dir/pio_disassembler.cpp.o CMakeFiles/pioasm.dir/gen/lexer.cpp.o CMakeFiles/pioasm.dir/gen/parser.cpp.o CMakeFiles/pioasm.dir/c_sdk_output.cpp.o CMakeFiles/pioasm.dir/python_output.cpp.o CMakeFiles/pioasm.dir/hex_output.cpp.o CMakeFiles/pioasm.dir/json_output.cpp.o CMakeFiles/pioasm.dir/ada_output.cpp.o CMakeFiles/pioasm.dir/go_output.cpp.o -o pioasm 
gmake[5]: Leaving directory '/home/gpu/het68/build/pioasm'
[100%] Built target pioasm
gmake[4]: Leaving directory '/home/gpu/het68/build/pioasm'
/usr/bin/cmake -E cmake_progress_start /home/gpu/het68/build/pioasm/CMakeFiles 0
gmake[3]: Leaving directory '/home/gpu/het68/build/pioasm'
[ 13%] Performing install step for 'pioasmBuild'
cd /home/gpu/het68/build/pioasm && /usr/bin/gmake install
gmake[3]: Entering directory '/home/gpu/het68/build/pioasm'
/usr/bin/cmake -S/home/gpu/het68/pico-sdk/tools/pioasm -B/home/gpu/het68/build/pioasm --check-build-system CMakeFiles/Makefile.cmake 0
/usr/bin/cmake -E cmake_progress_start /home/gpu/het68/build/pioasm/CMakeFiles /home/gpu/het68/build/pioasm//CMakeFiles/progress.marks
/usr/bin/gmake  -f CMakeFiles/Makefile2 all
gmake[4]: Entering directory '/home/gpu/het68/build/pioasm'
/usr/bin/gmake  -f CMakeFiles/pioasm.dir/build.make CMakeFiles/pioasm.dir/depend
gmake[5]: Entering directory '/home/gpu/het68/build/pioasm'
cd /home/gpu/het68/build/pioasm && /usr/bin/cmake -E cmake_depends "Unix Makefiles" /home/gpu/het68/pico-sdk/tools/pioasm /home/gpu/het68/pico-sdk/tools/pioasm /home/gpu/het68/build/pioasm /home/gpu/het68/build/pioasm /home/gpu/het68/build/pioasm/CMakeFiles/pioasm.dir/DependInfo.cmake "--color="
Dependencies file "CMakeFiles/pioasm.dir/ada_output.cpp.o.d" is newer than depends file "/home/gpu/het68/build/pioasm/CMakeFiles/pioasm.dir/compiler_depend.internal".
Dependencies file "CMakeFiles/pioasm.dir/c_sdk_output.cpp.o.d" is newer than depends file "/home/gpu/het68/build/pioasm/CMakeFiles/pioasm.dir/compiler_depend.internal".
Dependencies file "CMakeFiles/pioasm.dir/gen/lexer.cpp.o.d" is newer than depends file "/home/gpu/het68/build/pioasm/CMakeFiles/pioasm.dir/compiler_depend.internal".
Dependencies file "CMakeFiles/pioasm.dir/gen/parser.cpp.o.d" is newer than depends file "/home/gpu/het68/build/pioasm/CMakeFiles/pioasm.dir/compiler_depend.internal".
Dependencies file "CMakeFiles/pioasm.dir/go_output.cpp.o.d" is newer than depends file "/home/gpu/het68/build/pioasm/CMakeFiles/pioasm.dir/compiler_depend.internal".
Dependencies file "CMakeFiles/pioasm.dir/hex_output.cpp.o.d" is newer than depends file "/home/gpu/het68/build/pioasm/CMakeFiles/pioasm.dir/compiler_depend.internal".
Dependencies file "CMakeFiles/pioasm.dir/json_output.cpp.o.d" is newer than depends file "/home/gpu/het68/build/pioasm/CMakeFiles/pioasm.dir/compiler_depend.internal".
Dependencies file "CMakeFiles/pioasm.dir/main.cpp.o.d" is newer than depends file "/home/gpu/het68/build/pioasm/CMakeFiles/pioasm.dir/compiler_depend.internal".
Dependencies file "CMakeFiles/pioasm.dir/pio_assembler.cpp.o.d" is newer than depends file "/home/gpu/het68/build/pioasm/CMakeFiles/pioasm.dir/compiler_depend.internal".
Dependencies file "CMakeFiles/pioasm.dir/pio_disassembler.cpp.o.d" is newer than depends file "/home/gpu/het68/build/pioasm/CMakeFiles/pioasm.dir/compiler_depend.internal".
Dependencies file "CMakeFiles/pioasm.dir/python_output.cpp.o.d" is newer than depends file "/home/gpu/het68/build/pioasm/CMakeFiles/pioasm.dir/compiler_depend.internal".
Consolidate compiler generated dependencies of target pioasm
gmake[5]: Leaving directory '/home/gpu/het68/build/pioasm'
/usr/bin/gmake  -f CMakeFiles/pioasm.dir/build.make CMakeFiles/pioasm.dir/build
gmake[5]: Entering directory '/home/gpu/het68/build/pioasm'
gmake[5]: Nothing to be done for 'CMakeFiles/pioasm.dir/build'.
gmake[5]: Leaving directory '/home/gpu/het68/build/pioasm'
[100%] Built target pioasm
gmake[4]: Leaving directory '/home/gpu/het68/build/pioasm'
/usr/bin/cmake -E cmake_progress_start /home/gpu/het68/build/pioasm/CMakeFiles 0
/usr/bin/gmake  -f CMakeFiles/Makefile2 preinstall
gmake[4]: Entering directory '/home/gpu/het68/build/pioasm'
gmake[4]: Nothing to be done for 'preinstall'.
gmake[4]: Leaving directory '/home/gpu/het68/build/pioasm'
Install the project...
/usr/bin/cmake -P cmake_install.cmake
-- Install configuration: "Release"
gmake[3]: Leaving directory '/home/gpu/het68/build/pioasm'
[ 14%] Completed 'pioasmBuild'
cd /home/gpu/het68/build/pico-sdk/src/rp2_common/pico_cyw43_driver && /usr/bin/cmake -E make_directory /home/gpu/het68/build/pico-sdk/src/rp2_common/pico_cyw43_driver/CMakeFiles
cd /home/gpu/het68/build/pico-sdk/src/rp2_common/pico_cyw43_driver && /usr/bin/cmake -E touch /home/gpu/het68/build/pico-sdk/src/rp2_common/pico_cyw43_driver/CMakeFiles/pioasmBuild-complete
cd /home/gpu/het68/build/pico-sdk/src/rp2_common/pico_cyw43_driver && /usr/bin/cmake -E touch /home/gpu/het68/build/pico-sdk/src/rp2_common/pico_cyw43_driver/pioasm/src/pioasmBuild-stamp/pioasmBuild-done
gmake[2]: Leaving directory '/home/gpu/het68/build'
[ 14%] Built target pioasmBuild
/usr/bin/gmake  -f CMakeFiles/pico_6mic_soundcard_i2s_rx_pio_h.dir/build.make CMakeFiles/pico_6mic_soundcard_i2s_rx_pio_h.dir/depend
gmake[2]: Entering directory '/home/gpu/het68/build'
cd /home/gpu/het68/build && /usr/bin/cmake -E cmake_depends "Unix Makefiles" /home/gpu/het68 /home/gpu/het68 /home/gpu/het68/build /home/gpu/het68/build /home/gpu/het68/build/CMakeFiles/pico_6mic_soundcard_i2s_rx_pio_h.dir/DependInfo.cmake "--color="
gmake[2]: Leaving directory '/home/gpu/het68/build'
/usr/bin/gmake  -f CMakeFiles/pico_6mic_soundcard_i2s_rx_pio_h.dir/build.make CMakeFiles/pico_6mic_soundcard_i2s_rx_pio_h.dir/build
gmake[2]: Entering directory '/home/gpu/het68/build'
[ 15%] Generating i2s_rx.pio.h
pioasm-install/pioasm/pioasm -o c-sdk -v 1 /home/gpu/het68/pio/i2s_rx.pio /home/gpu/het68/build/i2s_rx.pio.h
gmake[2]: Leaving directory '/home/gpu/het68/build'
[ 15%] Built target pico_6mic_soundcard_i2s_rx_pio_h
cd /home/gpu/het68/build/_deps/picotool-build/bintool && /usr/bin/cmake -P CMakeFiles/bintool.dir/cmake_clean_target.cmake
cd /home/gpu/het68/build/_deps/picotool-build/bintool && /usr/bin/cmake -E cmake_link_script CMakeFiles/bintool.dir/link.txt --verbose=1
/usr/bin/ar qc libbintool.a CMakeFiles/bintool.dir/bintool.cpp.o CMakeFiles/bintool.dir/mbedtls_wrapper.c.o
/usr/bin/ranlib libbintool.a
gmake[5]: Leaving directory '/home/gpu/het68/build/_deps/picotool-build'
[ 92%] Built target bintool
/usr/bin/gmake  -f CMakeFiles/picotool.dir/build.make CMakeFiles/picotool.dir/depend
gmake[5]: Entering directory '/home/gpu/het68/build/_deps/picotool-build'
cd /home/gpu/het68/build/_deps/picotool-build && /usr/bin/cmake -E cmake_depends "Unix Makefiles" /home/gpu/het68/build/_deps/picotool-src /home/gpu/het68/build/_deps/picotool-src /home/gpu/het68/build/_deps/picotool-build /home/gpu/het68/build/_deps/picotool-build /home/gpu/het68/build/_deps/picotool-build/CMakeFiles/picotool.dir/DependInfo.cmake "--color="
gmake[5]: Leaving directory '/home/gpu/het68/build/_deps/picotool-build'
/usr/bin/gmake  -f CMakeFiles/picotool.dir/build.make CMakeFiles/picotool.dir/build
gmake[5]: Entering directory '/home/gpu/het68/build/_deps/picotool-build'
/usr/bin/c++ -DCODE_OTP=0 -DCOMPILER_INFO="\"GNU-13.3.0, Release\"" -DHAS_LIBUSB=0 -DHAS_MBEDTLS=1 -DMBEDTLS_CONFIG_FILE=\"picotool_mbedtls_config.h\" -DPICOTOOL_VERSION=\"2.2.0\" -DPICO_BUILD=1 -DPICO_NO_HARDWARE=1 -DPICO_ON_DEVICE=0 -DSUPPORT_A2=1 -DSYSTEM_VERSION=\"Linux\" -I/home/gpu/het68/build/_deps/picotool-build -I/home/gpu/het68/pico-sdk/src/rp2_common/pico_stdio_usb/include -I/home/gpu/het68/pico-sdk/src/rp2350/hardware_regs/include -I/home/gpu/het68/build/_deps/picotool-src/bintool -I/home/gpu/het68/build/_deps/picotool-src/lib/include -I/home/gpu/het68/build/_deps/picotool-src/elf -I/home/gpu/het68/build/_deps/picotool-src/errors -I/home/gpu/het68/build/_deps/picotool-src/elf2uf2 -I/home/gpu/het68/build/_deps/picotool-src/lib/nlohmann_json/single_include -I/home/gpu/het68/build/_deps/picotool-src/lib/whereami -I/home/gpu/het68/build/_deps/picotool-src/picoboot_connection -isystem /home/gpu/het68/pico-sdk/src/common/pico_binary_info/include -isystem /home/gpu/het68/pico-sdk/src/common/boot_uf2_headers/include -isystem /home/gpu/het68/pico-sdk/src/common/boot_picoboot_headers/include -isystem /home/gpu/het68/pico-sdk/src/common/boot_picobin_headers/include -isystem /home/gpu/het68/pico-sdk/src/rp2_common/boot_bootrom_headers/include -isystem /home/gpu/het68/pico-sdk/src/host/pico_platform/include -isystem /home/gpu/het68/pico-sdk/src/common/pico_usb_reset_interface_headers/include -isystem /home/gpu/het68/pico-sdk/lib/mbedtls/include -O3 -DNDEBUG -std=gnu++14 -MD -MT CMakeFiles/picotool.dir/data_locs.cpp.o -MF CMakeFiles/picotool.dir/data_locs.cpp.o.d -o CMakeFiles/picotool.dir/data_locs.cpp.o -c /home/gpu/het68/build/_deps/picotool-build/data_locs.cpp
/usr/bin/c++ -DCODE_OTP=0 -DCOMPILER_INFO="\"GNU-13.3.0, Release\"" -DHAS_LIBUSB=0 -DHAS_MBEDTLS=1 -DMBEDTLS_CONFIG_FILE=\"picotool_mbedtls_config.h\" -DPICOTOOL_VERSION=\"2.2.0\" -DPICO_BUILD=1 -DPICO_NO_HARDWARE=1 -DPICO_ON_DEVICE=0 -DSUPPORT_A2=1 -DSYSTEM_VERSION=\"Linux\" -I/home/gpu/het68/build/_deps/picotool-build -I/home/gpu/het68/pico-sdk/src/rp2_common/pico_stdio_usb/include -I/home/gpu/het68/pico-sdk/src/rp2350/hardware_regs/include -I/home/gpu/het68/build/_deps/picotool-src/bintool -I/home/gpu/het68/build/_deps/picotool-src/lib/include -I/home/gpu/het68/build/_deps/picotool-src/elf -I/home/gpu/het68/build/_deps/picotool-src/errors -I/home/gpu/het68/build/_deps/picotool-src/elf2uf2 -I/home/gpu/het68/build/_deps/picotool-src/lib/nlohmann_json/single_include -I/home/gpu/het68/build/_deps/picotool-src/lib/whereami -I/home/gpu/het68/build/_deps/picotool-src/picoboot_connection -isystem /home/gpu/het68/pico-sdk/src/common/pico_binary_info/include -isystem /home/gpu/het68/pico-sdk/src/common/boot_uf2_headers/include -isystem /home/gpu/het68/pico-sdk/src/common/boot_picoboot_headers/include -isystem /home/gpu/het68/pico-sdk/src/common/boot_picobin_headers/include -isystem /home/gpu/het68/pico-sdk/src/rp2_common/boot_bootrom_headers/include -isystem /home/gpu/het68/pico-sdk/src/host/pico_platform/include -isystem /home/gpu/het68/pico-sdk/src/common/pico_usb_reset_interface_headers/include -isystem /home/gpu/het68/pico-sdk/lib/mbedtls/include -O3 -DNDEBUG -std=gnu++14 -MD -MT CMakeFiles/picotool.dir/get_enc_bootloader.cpp.o -MF CMakeFiles/picotool.dir/get_enc_bootloader.cpp.o.d -o CMakeFiles/picotool.dir/get_enc_bootloader.cpp.o -c /home/gpu/het68/build/_deps/picotool-src/get_enc_bootloader.cpp
/usr/bin/c++ -DCODE_OTP=0 -DCOMPILER_INFO="\"GNU-13.3.0, Release\"" -DHAS_LIBUSB=0 -DHAS_MBEDTLS=1 -DMBEDTLS_CONFIG_FILE=\"picotool_mbedtls_config.h\" -DPICOTOOL_VERSION=\"2.2.0\" -DPICO_BUILD=1 -DPICO_NO_HARDWARE=1 -DPICO_ON_DEVICE=0 -DSUPPORT_A2=1 -DSYSTEM_VERSION=\"Linux\" -I/home/gpu/het68/build/_deps/picotool-build -I/home/gpu/het68/pico-sdk/src/rp2_common/pico_stdio_usb/include -I/home/gpu/het68/pico-sdk/src/rp2350/hardware_regs/include -I/home/gpu/het68/build/_deps/picotool-src/bintool -I/home/gpu/het68/build/_deps/picotool-src/lib/include -I/home/gpu/het68/build/_deps/picotool-src/elf -I/home/gpu/het68/build/_deps/picotool-src/errors -I/home/gpu/het68/build/_deps/picotool-src/elf2uf2 -I/home/gpu/het68/build/_deps/picotool-src/lib/nlohmann_json/single_include -I/home/gpu/het68/build/_deps/picotool-src/lib/whereami -I/home/gpu/het68/build/_deps/picotool-src/picoboot_connection -isystem /home/gpu/het68/pico-sdk/src/common/pico_binary_info/include -isystem /home/gpu/het68/pico-sdk/src/common/boot_uf2_headers/include -isystem /home/gpu/het68/pico-sdk/src/common/boot_picoboot_headers/include -isystem /home/gpu/het68/pico-sdk/src/common/boot_picobin_headers/include -isystem /home/gpu/het68/pico-sdk/src/rp2_common/boot_bootrom_headers/include -isystem /home/gpu/het68/pico-sdk/src/host/pico_platform/include -isystem /home/gpu/het68/pico-sdk/src/common/pico_usb_reset_interface_headers/include -isystem /home/gpu/het68/pico-sdk/lib/mbedtls/include -O3 -DNDEBUG -std=gnu++14 -MD -MT CMakeFiles/picotool.dir/no_otp.cpp.o -MF CMakeFiles/picotool.dir/no_otp.cpp.o.d -o CMakeFiles/picotool.dir/no_otp.cpp.o -c /home/gpu/het68/build/_deps/picotool-src/no_otp.cpp
/usr/bin/c++ -DCODE_OTP=0 -DCOMPILER_INFO="\"GNU-13.3.0, Release\"" -DHAS_LIBUSB=0 -DHAS_MBEDTLS=1 -DMBEDTLS_CONFIG_FILE=\"picotool_mbedtls_config.h\" -DPICOTOOL_VERSION=\"2.2.0\" -DPICO_BUILD=1 -DPICO_NO_HARDWARE=1 -DPICO_ON_DEVICE=0 -DSUPPORT_A2=1 -DSYSTEM_VERSION=\"Linux\" -I/home/gpu/het68/build/_deps/picotool-build -I/home/gpu/het68/pico-sdk/src/rp2_common/pico_stdio_usb/include -I/home/gpu/het68/pico-sdk/src/rp2350/hardware_regs/include -I/home/gpu/het68/build/_deps/picotool-src/bintool -I/home/gpu/het68/build/_deps/picotool-src/lib/include -I/home/gpu/het68/build/_deps/picotool-src/elf -I/home/gpu/het68/build/_deps/picotool-src/errors -I/home/gpu/het68/build/_deps/picotool-src/elf2uf2 -I/home/gpu/het68/build/_deps/picotool-src/lib/nlohmann_json/single_include -I/home/gpu/het68/build/_deps/picotool-src/lib/whereami -I/home/gpu/het68/build/_deps/picotool-src/picoboot_connection -isystem /home/gpu/het68/pico-sdk/src/common/pico_binary_info/include -isystem /home/gpu/het68/pico-sdk/src/common/boot_uf2_headers/include -isystem /home/gpu/het68/pico-sdk/src/common/boot_picoboot_headers/include -isystem /home/gpu/het68/pico-sdk/src/common/boot_picobin_headers/include -isystem /home/gpu/het68/pico-sdk/src/rp2_common/boot_bootrom_headers/include -isystem /home/gpu/het68/pico-sdk/src/host/pico_platform/include -isystem /home/gpu/het68/pico-sdk/src/common/pico_usb_reset_interface_headers/include -isystem /home/gpu/het68/pico-sdk/lib/mbedtls/include -O3 -DNDEBUG -std=gnu++14 -MD -MT CMakeFiles/picotool.dir/main.cpp.o -MF CMakeFiles/picotool.dir/main.cpp.o.d -o CMakeFiles/picotool.dir/main.cpp.o -c /home/gpu/het68/build/_deps/picotool-src/main.cpp
/usr/bin/cc -DCODE_OTP=0 -DCOMPILER_INFO="\"GNU-13.3.0, Release\"" -DHAS_LIBUSB=0 -DHAS_MBEDTLS=1 -DMBEDTLS_CONFIG_FILE=\"picotool_mbedtls_config.h\" -DPICOTOOL_VERSION=\"2.2.0\" -DPICO_BUILD=1 -DPICO_NO_HARDWARE=1 -DPICO_ON_DEVICE=0 -DSUPPORT_A2=1 -DSYSTEM_VERSION=\"Linux\" -I/home/gpu/het68/build/_deps/picotool-build -I/home/gpu/het68/pico-sdk/src/rp2_common/pico_stdio_usb/include -I/home/gpu/het68/pico-sdk/src/rp2350/hardware_regs/include -I/home/gpu/het68/build/_deps/picotool-src/bintool -I/home/gpu/het68/build/_deps/picotool-src/lib/include -I/home/gpu/het68/build/_deps/picotool-src/elf -I/home/gpu/het68/build/_deps/picotool-src/errors -I/home/gpu/het68/build/_deps/picotool-src/elf2uf2 -I/home/gpu/het68/build/_deps/picotool-src/lib/nlohmann_json/single_include -I/home/gpu/het68/build/_deps/picotool-src/lib/whereami -I/home/gpu/het68/build/_deps/picotool-src/picoboot_connection -isystem /home/gpu/het68/pico-sdk/src/common/pico_binary_info/include -isystem /home/gpu/het68/pico-sdk/src/common/boot_uf2_headers/include -isystem /home/gpu/het68/pico-sdk/src/common/boot_picoboot_headers/include -isystem /home/gpu/het68/pico-sdk/src/common/boot_picobin_headers/include -isystem /home/gpu/het68/pico-sdk/src/rp2_common/boot_bootrom_headers/include -isystem /home/gpu/het68/pico-sdk/src/host/pico_platform/include -isystem /home/gpu/het68/pico-sdk/src/common/pico_usb_reset_interface_headers/include -isystem /home/gpu/het68/pico-sdk/lib/mbedtls/include -O3 -DNDEBUG -MD -MT CMakeFiles/picotool.dir/lib/whereami/whereami.c.o -MF CMakeFiles/picotool.dir/lib/whereami/whereami.c.o.d -o CMakeFiles/picotool.dir/lib/whereami/whereami.c.o -c /home/gpu/het68/build/_deps/picotool-src/lib/whereami/whereami.c
/usr/bin/c++ -DCODE_OTP=0 -DCOMPILER_INFO="\"GNU-13.3.0, Release\"" -DHAS_LIBUSB=0 -DHAS_MBEDTLS=1 -DMBEDTLS_CONFIG_FILE=\"picotool_mbedtls_config.h\" -DPICOTOOL_VERSION=\"2.2.0\" -DPICO_BUILD=1 -DPICO_NO_HARDWARE=1 -DPICO_ON_DEVICE=0 -DSUPPORT_A2=1 -DSYSTEM_VERSION=\"Linux\" -I/home/gpu/het68/build/_deps/picotool-build -I/home/gpu/het68/pico-sdk/src/rp2_common/pico_stdio_usb/include -I/home/gpu/het68/pico-sdk/src/rp2350/hardware_regs/include -I/home/gpu/het68/build/_deps/picotool-src/bintool -I/home/gpu/het68/build/_deps/picotool-src/lib/include -I/home/gpu/het68/build/_deps/picotool-src/elf -I/home/gpu/het68/build/_deps/picotool-src/errors -I/home/gpu/het68/build/_deps/picotool-src/elf2uf2 -I/home/gpu/het68/build/_deps/picotool-src/lib/nlohmann_json/single_include -I/home/gpu/het68/build/_deps/picotool-src/lib/whereami -I/home/gpu/het68/build/_deps/picotool-src/picoboot_connection -isystem /home/gpu/het68/pico-sdk/src/common/pico_binary_info/include -isystem /home/gpu/het68/pico-sdk/src/common/boot_uf2_headers/include -isystem /home/gpu/het68/pico-sdk/src/common/boot_picoboot_headers/include -isystem /home/gpu/het68/pico-sdk/src/common/boot_picobin_headers/include -isystem /home/gpu/het68/pico-sdk/src/rp2_common/boot_bootrom_headers/include -isystem /home/gpu/het68/pico-sdk/src/host/pico_platform/include -isystem /home/gpu/het68/pico-sdk/src/common/pico_usb_reset_interface_headers/include -isystem /home/gpu/het68/pico-sdk/lib/mbedtls/include -O3 -DNDEBUG -std=gnu++14 -MD -MT CMakeFiles/picotool.dir/lib/whereami/whereami++.cpp.o -MF CMakeFiles/picotool.dir/lib/whereami/whereami++.cpp.o.d -o CMakeFiles/picotool.dir/lib/whereami/whereami++.cpp.o -c /home/gpu/het68/build/_deps/picotool-src/lib/whereami/whereami++.cpp
/usr/bin/cmake -E cmake_link_script CMakeFiles/picotool.dir/link.txt --verbose=1
/usr/bin/c++ -O3 -DNDEBUG CMakeFiles/picotool.dir/data_locs.cpp.o CMakeFiles/picotool.dir/get_enc_bootloader.cpp.o CMakeFiles/picotool.dir/no_otp.cpp.o CMakeFiles/picotool.dir/main.cpp.o CMakeFiles/picotool.dir/lib/whereami/whereami.c.o CMakeFiles/picotool.dir/lib/whereami/whereami++.cpp.o -o picotool  bintool/libbintool.a elf2uf2/libelf2uf2.a errors/liberrors.a lib/libmbedtls.a elf/libelf.a errors/liberrors.a 
gmake[5]: Leaving directory '/home/gpu/het68/build/_deps/picotool-build'
[100%] Built target picotool
gmake[4]: Leaving directory '/home/gpu/het68/build/_deps/picotool-build'
/usr/bin/cmake -E cmake_progress_start /home/gpu/het68/build/_deps/picotool-build/CMakeFiles 0
gmake[3]: Leaving directory '/home/gpu/het68/build/_deps/picotool-build'
[ 15%] Performing install step for 'picotoolBuild'
cd /home/gpu/het68/build/_deps/picotool-build && /usr/bin/gmake install
gmake[3]: Entering directory '/home/gpu/het68/build/_deps/picotool-build'
/usr/bin/cmake -S/home/gpu/het68/build/_deps/picotool-src -B/home/gpu/het68/build/_deps/picotool-build --check-build-system CMakeFiles/Makefile.cmake 0
/usr/bin/cmake -E cmake_progress_start /home/gpu/het68/build/_deps/picotool-build/CMakeFiles /home/gpu/het68/build/_deps/picotool-build//CMakeFiles/progress.marks
/usr/bin/gmake  -f CMakeFiles/Makefile2 all
gmake[4]: Entering directory '/home/gpu/het68/build/_deps/picotool-build'
/usr/bin/gmake  -f CMakeFiles/enc_bootloader.dir/build.make CMakeFiles/enc_bootloader.dir/depend
/usr/bin/gmake  -f CMakeFiles/enc_bootloader_mbedtls.dir/build.make CMakeFiles/enc_bootloader_mbedtls.dir/depend
/usr/bin/gmake  -f errors/CMakeFiles/errors.dir/build.make errors/CMakeFiles/errors.dir/depend
/usr/bin/gmake  -f lib/CMakeFiles/mbedtls.dir/build.make lib/CMakeFiles/mbedtls.dir/depend
gmake[5]: Entering directory '/home/gpu/het68/build/_deps/picotool-build'
cd /home/gpu/het68/build/_deps/picotool-build && /usr/bin/cmake -E cmake_depends "Unix Makefiles" /home/gpu/het68/build/_deps/picotool-src /home/gpu/het68/build/_deps/picotool-src /home/gpu/het68/build/_deps/picotool-build /home/gpu/het68/build/_deps/picotool-build /home/gpu/het68/build/_deps/picotool-build/CMakeFiles/enc_bootloader.dir/DependInfo.cmake "--color="
gmake[5]: Entering directory '/home/gpu/het68/build/_deps/picotool-build'
cd /home/gpu/het68/build/_deps/picotool-build && /usr/bin/cmake -E cmake_depends "Unix Makefiles" /home/gpu/het68/build/_deps/picotool-src /home/gpu/het68/build/_deps/picotool-src /home/gpu/het68/build/_deps/picotool-build /home/gpu/het68/build/_deps/picotool-build /home/gpu/het68/build/_deps/picotool-build/CMakeFiles/enc_bootloader_mbedtls.dir/DependInfo.cmake "--color="
gmake[5]: Entering directory '/home/gpu/het68/build/_deps/picotool-build'
cd /home/gpu/het68/build/_deps/picotool-build && /usr/bin/cmake -E cmake_depends "Unix Makefiles" /home/gpu/het68/build/_deps/picotool-src /home/gpu/het68/build/_deps/picotool-src/errors /home/gpu/het68/build/_deps/picotool-build /home/gpu/het68/build/_deps/picotool-build/errors /home/gpu/het68/build/_deps/picotool-build/errors/CMakeFiles/errors.dir/DependInfo.cmake "--color="
gmake[5]: Entering directory '/home/gpu/het68/build/_deps/picotool-build'
cd /home/gpu/het68/build/_deps/picotool-build && /usr/bin/cmake -E cmake_depends "Unix Makefiles" /home/gpu/het68/build/_deps/picotool-src /home/gpu/het68/build/_deps/picotool-src/lib /home/gpu/het68/build/_deps/picotool-build /home/gpu/het68/build/_deps/picotool-build/lib /home/gpu/het68/build/_deps/picotool-build/lib/CMakeFiles/mbedtls.dir/DependInfo.cmake "--color="
Dependencies file "errors/CMakeFiles/errors.dir/errors.cpp.o.d" is newer than depends file "/home/gpu/het68/build/_deps/picotool-build/errors/CMakeFiles/errors.dir/compiler_depend.internal".
gmake[5]: Leaving directory '/home/gpu/het68/build/_deps/picotool-build'
/usr/bin/gmake  -f CMakeFiles/enc_bootloader.dir/build.make CMakeFiles/enc_bootloader.dir/build
Consolidate compiler generated dependencies of target errors
gmake[5]: Leaving directory '/home/gpu/het68/build/_deps/picotool-build'
/usr/bin/gmake  -f CMakeFiles/enc_bootloader_mbedtls.dir/build.make CMakeFiles/enc_bootloader_mbedtls.dir/build
gmake[5]: Leaving directory '/home/gpu/het68/build/_deps/picotool-build'
gmake[5]: Entering directory '/home/gpu/het68/build/_deps/picotool-build'
cd /home/gpu/het68/build/_deps/picotool-build/enc_bootloader && /usr/bin/gmake
gmake[5]: Entering directory '/home/gpu/het68/build/_deps/picotool-build'
cd /home/gpu/het68/build/_deps/picotool-build/enc_bootloader_mbedtls && /usr/bin/gmake
/usr/bin/gmake  -f errors/CMakeFiles/errors.dir/build.make errors/CMakeFiles/errors.dir/build
gmake[6]: Entering directory '/home/gpu/het68/build/_deps/picotool-build/enc_bootloader'
/usr/bin/cmake -S/home/gpu/het68/build/_deps/picotool-src/enc_bootloader -B/home/gpu/het68/build/_deps/picotool-build/enc_bootloader --check-build-system CMakeFiles/Makefile.cmake 0
gmake[5]: Entering directory '/home/gpu/het68/build/_deps/picotool-build'
gmake[5]: Nothing to be done for 'errors/CMakeFiles/errors.dir/build'.
gmake[5]: Leaving directory '/home/gpu/het68/build/_deps/picotool-build'
gmake[6]: Entering directory '/home/gpu/het68/build/_deps/picotool-build/enc_bootloader_mbedtls'
/usr/bin/cmake -S/home/gpu/het68/build/_deps/picotool-src/enc_bootloader -B/home/gpu/het68/build/_deps/picotool-build/enc_bootloader_mbedtls --check-build-system CMakeFiles/Makefile.cmake 0
Dependencies file "lib/CMakeFiles/mbedtls.dir/home/gpu/het68/pico-sdk/lib/mbedtls/library/aes.c.o.d" is newer than depends file "/home/gpu/het68/build/_deps/picotool-build/lib/CMakeFiles/mbedtls.dir/compiler_depend.internal".
Dependencies file "lib/CMakeFiles/mbedtls.dir/home/gpu/het68/pico-sdk/lib/mbedtls/library/aesni.c.o.d" is newer than depends file "/home/gpu/het68/build/_deps/picotool-build/lib/CMakeFiles/mbedtls.dir/compiler_depend.internal".
Dependencies file "lib/CMakeFiles/mbedtls.dir/home/gpu/het68/pico-sdk/lib/mbedtls/library/aria.c.o.d" is newer than depends file "/home/gpu/het68/build/_deps/picotool-build/lib/CMakeFiles/mbedtls.dir/compiler_depend.internal".
Dependencies file "lib/CMakeFiles/mbedtls.dir/home/gpu/het68/pico-sdk/lib/mbedtls/library/asn1parse.c.o.d" is newer than depends file "/home/gpu/het68/build/_deps/picotool-build/lib/CMakeFiles/mbedtls.dir/compiler_depend.internal".
Dependencies file "lib/CMakeFiles/mbedtls.dir/home/gpu/het68/pico-sdk/lib/mbedtls/library/asn1write.c.o.d" is newer than depends file "/home/gpu/het68/build/_deps/picotool-build/lib/CMakeFiles/mbedtls.dir/compiler_depend.internal".
Dependencies file "lib/CMakeFiles/mbedtls.dir/home/gpu/het68/pico-sdk/lib/mbedtls/library/base64.c.o.d" is newer than depends file "/home/gpu/het68/build/_deps/picotool-build/lib/CMakeFiles/mbedtls.dir/compiler_depend.internal".
Dependencies file "lib/CMakeFiles/mbedtls.dir/home/gpu/het68/pico-sdk/lib/mbedtls/library/bignum.c.o.d" is newer than depends file "/home/gpu/het68/build/_deps/picotool-build/lib/CMakeFiles/mbedtls.dir/compiler_depend.internal".
Dependencies file "lib/CMakeFiles/mbedtls.dir/home/gpu/het68/pico-sdk/lib/mbedtls/library/bignum_core.c.o.d" is newer than depends file "/home/gpu/het68/build/_deps/picotool-build/lib/CMakeFiles/mbedtls.dir/compiler_depend.internal".
Dependencies file "lib/CMakeFiles/mbedtls.dir/home/gpu/het68/pico-sdk/lib/mbedtls/library/camellia.c.o.d" is newer than depends file "/home/gpu/het68/build/_deps/picotool-build/lib/CMakeFiles/mbedtls.dir/compiler_depend.internal".
Dependencies file "lib/CMakeFiles/mbedtls.dir/home/gpu/het68/pico-sdk/lib/mbedtls/library/ccm.c.o.d" is newer than depends file "/home/gpu/het68/build/_deps/picotool-build/lib/CMakeFiles/mbedtls.dir/compiler_depend.internal".
Dependencies file "lib/CMakeFiles/mbedtls.dir/home/gpu/het68/pico-sdk/lib/mbedtls/library/chacha20.c.o.d" is newer than depends file "/home/gpu/het68/build/_deps/picotool-build/lib/CMakeFiles/mbedtls.dir/compiler_depend.internal".
Dependencies file "lib/CMakeFiles/mbedtls.dir/home/gpu/het68/pico-sdk/lib/mbedtls/library/chachapoly.c.o.d" is newer than depends file "/home/gpu/het68/build/_deps/picotool-build/lib/CMakeFiles/mbedtls.dir/compiler_depend.internal".
Dependencies file "lib/CMakeFiles/mbedtls.dir/home/gpu/het68/pico-sdk/lib/mbedtls/library/cipher.c.o.d" is newer than depends file "/home/gpu/het68/build/_deps/picotool-build/lib/CMakeFiles/mbedtls.dir/compiler_depend.internal".
Dependencies file "lib/CMakeFiles/mbedtls.dir/home/gpu/het68/pico-sdk/lib/mbedtls/library/cipher_wrap.c.o.d" is newer than depends file "/home/gpu/het68/build/_deps/picotool-build/lib/CMakeFiles/mbedtls.dir/compiler_depend.internal".
Dependencies file "lib/CMakeFiles/mbedtls.dir/home/gpu/het68/pico-sdk/lib/mbedtls/library/cmac.c.o.d" is newer than depends file "/home/gpu/het68/build/_deps/picotool-build/lib/CMakeFiles/mbedtls.dir/compiler_depend.internal".
Dependencies file "lib/CMakeFiles/mbedtls.dir/home/gpu/het68/pico-sdk/lib/mbedtls/library/constant_time.c.o.d" is newer than depends file "/home/gpu/het68/build/_deps/picotool-build/lib/CMakeFiles/mbedtls.dir/compiler_depend.internal".
Dependencies file "lib/CMakeFiles/mbedtls.dir/home/gpu/het68/pico-sdk/lib/mbedtls/library/ctr_drbg.c.o.d" is newer than depends file "/home/gpu/het68/build/_deps/picotool-build/lib/CMakeFiles/mbedtls.dir/compiler_depend.internal".
Dependencies file "lib/CMakeFiles/mbedtls.dir/home/gpu/het68/pico-sdk/lib/mbedtls/library/des.c.o.d" is newer than depends file "/home/gpu/het68/build/_deps/picotool-build/lib/CMakeFiles/mbedtls.dir/compiler_depend.internal".
Dependencies file "lib/CMakeFiles/mbedtls.dir/home/gpu/het68/pico-sdk/lib/mbedtls/library/dhm.c.o.d" is newer than depends file "/home/gpu/het68/build/_deps/picotool-build/lib/CMakeFiles/mbedtls.dir/compiler_depend.internal".
Dependencies file "lib/CMakeFiles/mbedtls.dir/home/gpu/het68/pico-sdk/lib/mbedtls/library/ecdh.c.o.d" is newer than depends file "/home/gpu/het68/build/_deps/picotool-build/lib/CMakeFiles/mbedtls.dir/compiler_depend.internal".
Dependencies file "lib/CMakeFiles/mbedtls.dir/home/gpu/het68/pico-sdk/lib/mbedtls/library/ecdsa.c.o.d" is newer than depends file "/home/gpu/het68/build/_deps/picotool-build/lib/CMakeFiles/mbedtls.dir/compiler_depend.internal".
Dependencies file "lib/CMakeFiles/mbedtls.dir/home/gpu/het68/pico-sdk/lib/mbedtls/library/ecjpake.c.o.d" is newer than depends file "/home/gpu/het68/build/_deps/picotool-build/lib/CMakeFiles/mbedtls.dir/compiler_depend.internal".
Dependencies file "lib/CMakeFiles/mbedtls.dir/home/gpu/het68/pico-sdk/lib/mbedtls/library/ecp.c.o.d" is newer than depends file "/home/gpu/het68/build/_deps/picotool-build/lib/CMakeFiles/mbedtls.dir/compiler_depend.internal".
Dependencies file "lib/CMakeFiles/mbedtls.dir/home/gpu/het68/pico-sdk/lib/mbedtls/library/ecp_curves.c.o.d" is newer than depends file "/home/gpu/het68/build/_deps/picotool-build/lib/CMakeFiles/mbedtls.dir/compiler_depend.internal".
Dependencies file "lib/CMakeFiles/mbedtls.dir/home/gpu/het68/pico-sdk/lib/mbedtls/library/entropy.c.o.d" is newer than depends file "/home/gpu/het68/build/_deps/picotool-build/lib/CMakeFiles/mbedtls.dir/compiler_depend.internal".
Dependencies file "lib/CMakeFiles/mbedtls.dir/home/gpu/het68/pico-sdk/lib/mbedtls/library/entropy_poll.c.o.d" is newer than depends file "/home/gpu/het68/build/_deps/picotool-build/lib/CMakeFiles/mbedtls.dir/compiler_depend.internal".
Dependencies file "lib/CMakeFiles/mbedtls.dir/home/gpu/het68/pico-sdk/lib/mbedtls/library/error.c.o.d" is newer than depends file "/home/gpu/het68/build/_deps/picotool-build/lib/CMakeFiles/mbedtls.dir/compiler_depend.internal".
Dependencies file "lib/CMakeFiles/mbedtls.dir/home/gpu/het68/pico-sdk/lib/mbedtls/library/gcm.c.o.d" is newer than depends file "/home/gpu/het68/build/_deps/picotool-build/lib/CMakeFiles/mbedtls.dir/compiler_depend.internal".
Dependencies file "lib/CMakeFiles/mbedtls.dir/home/gpu/het68/pico-sdk/lib/mbedtls/library/hkdf.c.o.d" is newer than depends file "/home/gpu/het68/build/_deps/picotool-build/lib/CMakeFiles/mbedtls.dir/compiler_depend.internal".
Dependencies file "lib/CMakeFiles/mbedtls.dir/home/gpu/het68/pico-sdk/lib/mbedtls/library/hmac_drbg.c.o.d" is newer than depends file "/home/gpu/het68/build/_deps/picotool-build/lib/CMakeFiles/mbedtls.dir/compiler_depend.internal".
Dependencies file "lib/CMakeFiles/mbedtls.dir/home/gpu/het68/pico-sdk/lib/mbedtls/library/md.c.o.d" is newer than depends file "/home/gpu/het68/build/_deps/picotool-build/lib/CMakeFiles/mbedtls.dir/compiler_depend.internal".
Dependencies file "lib/CMakeFiles/mbedtls.dir/home/gpu/het68/pico-sdk/lib/mbedtls/library/md5.c.o.d" is newer than depends file "/home/gpu/het68/build/_deps/picotool-build/lib/CMakeFiles/mbedtls.dir/compiler_depend.internal".
Dependencies file "lib/CMakeFiles/mbedtls.dir/home/gpu/het68/pico-sdk/lib/mbedtls/library/memory_buffer_alloc.c.o.d" is newer than depends file "/home/gpu/het68/build/_deps/picotool-build/lib/CMakeFiles/mbedtls.dir/compiler_depend.internal".
Dependencies file "lib/CMakeFiles/mbedtls.dir/home/gpu/het68/pico-sdk/lib/mbedtls/library/mps_reader.c.o.d" is newer than depends file "/home/gpu/het68/build/_deps/picotool-build/lib/CMakeFiles/mbedtls.dir/compiler_depend.internal".
Dependencies file "lib/CMakeFiles/mbedtls.dir/home/gpu/het68/pico-sdk/lib/mbedtls/library/mps_trace.c.o.d" is newer than depends file "/home/gpu/het68/build/_deps/picotool-build/lib/CMakeFiles/mbedtls.dir/compiler_depend.internal".
Dependencies file "lib/CMakeFiles/mbedtls.dir/home/gpu/het68/pico-sdk/lib/mbedtls/library/nist_kw.c.o.d" is newer than depends file "/home/gpu/het68/build/_deps/picotool-build/lib/CMakeFiles/mbedtls.dir/compiler_depend.internal".
Dependencies file "lib/CMakeFiles/mbedtls.dir/home/gpu/het68/pico-sdk/lib/mbedtls/library/oid.c.o.d" is newer than depends file "/home/gpu/het68/build/_deps/picotool-build/lib/CMakeFiles/mbedtls.dir/compiler_depend.internal".
Dependencies file "lib/CMakeFiles/mbedtls.dir/home/gpu/het68/pico-sdk/lib/mbedtls/library/padlock.c.o.d" is newer than depends file "/home/gpu/het68/build/_deps/picotool-build/lib/CMakeFiles/mbedtls.dir/compiler_depend.internal".
Dependencies file "lib/CMakeFiles/mbedtls.dir/home/gpu/het68/pico-sdk/lib/mbedtls/library/pem.c.o.d" is newer than depends file "/home/gpu/het68/build/_deps/picotool-build/lib/CMakeFiles/mbedtls.dir/compiler_depend.internal".
Dependencies file "lib/CMakeFiles/mbedtls.dir/home/gpu/het68/pico-sdk/lib/mbedtls/library/pk.c.o.d" is newer than depends file "/home/gpu/het68/build/_deps/picotool-build/lib/CMakeFiles/mbedtls.dir/compiler_depend.internal".
Dependencies file "lib/CMakeFiles/mbedtls.dir/home/gpu/het68/pico-sdk/lib/mbedtls/library/pk_ecc.c.o.d" is newer than depends file "/home/gpu/het68/build/_deps/picotool-build/lib/CMakeFiles/mbedtls.dir/compiler_depend.internal".
Dependencies file "lib/CMakeFiles/mbedtls.dir/home/gpu/het68/pico-sdk/lib/mbedtls/library/pk_wrap.c.o.d" is newer than depends file "/home/gpu/het68/build/_deps/picotool-build/lib/CMakeFiles/mbedtls.dir/compiler_depend.internal".
Dependencies file "lib/CMakeFiles/mbedtls.dir/home/gpu/het68/pico-sdk/lib/mbedtls/library/pkcs12.c.o.d" is newer than depends file "/home/gpu/het68/build/_deps/picotool-build/lib/CMakeFiles/mbedtls.dir/compiler_depend.internal".
Dependencies file "lib/CMakeFiles/mbedtls.dir/home/gpu/het68/pico-sdk/lib/mbedtls/library/pkcs5.c.o.d" is newer than depends file "/home/gpu/het68/build/_deps/picotool-build/lib/CMakeFiles/mbedtls.dir/compiler_depend.internal".
Dependencies file "lib/CMakeFiles/mbedtls.dir/home/gpu/het68/pico-sdk/lib/mbedtls/library/pkparse.c.o.d" is newer than depends file "/home/gpu/het68/build/_deps/picotool-build/lib/CMakeFiles/mbedtls.dir/compiler_depend.internal".
Dependencies file "lib/CMakeFiles/mbedtls.dir/home/gpu/het68/pico-sdk/lib/mbedtls/library/pkwrite.c.o.d" is newer than depends file "/home/gpu/het68/build/_deps/picotool-build/lib/CMakeFiles/mbedtls.dir/compiler_depend.internal".
Dependencies file "lib/CMakeFiles/mbedtls.dir/home/gpu/het68/pico-sdk/lib/mbedtls/library/platform.c.o.d" is newer than depends file "/home/gpu/het68/build/_deps/picotool-build/lib/CMakeFiles/mbedtls.dir/compiler_depend.internal".
Dependencies file "lib/CMakeFiles/mbedtls.dir/home/gpu/het68/pico-sdk/lib/mbedtls/library/platform_util.c.o.d" is newer than depends file "/home/gpu/het68/build/_deps/picotool-build/lib/CMakeFiles/mbedtls.dir/compiler_depend.internal".
Dependencies file "lib/CMakeFiles/mbedtls.dir/home/gpu/het68/pico-sdk/lib/mbedtls/library/poly1305.c.o.d" is newer than depends file "/home/gpu/het68/build/_deps/picotool-build/lib/CMakeFiles/mbedtls.dir/compiler_depend.internal".
Dependencies file "lib/CMakeFiles/mbedtls.dir/home/gpu/het68/pico-sdk/lib/mbedtls/library/psa_crypto.c.o.d" is newer than depends file "/home/gpu/het68/build/_deps/picotool-build/lib/CMakeFiles/mbedtls.dir/compiler_depend.internal".
Dependencies file "lib/CMakeFiles/mbedtls.dir/home/gpu/het68/pico-sdk/lib/mbedtls/library/psa_crypto_aead.c.o.d" is newer than depends file "/home/gpu/het68/build/_deps/picotool-build/lib/CMakeFiles/mbedtls.dir/compiler_depend.internal".
Dependencies file "lib/CMakeFiles/mbedtls.dir/home/gpu/het68/pico-sdk/lib/mbedtls/library/psa_crypto_cipher.c.o.d" is newer than depends file "/home/gpu/het68/build/_deps/picotool-build/lib/CMakeFiles/mbedtls.dir/compiler_depend.internal".
Dependencies file "lib/CMakeFiles/mbedtls.dir/home/gpu/het68/pico-sdk/lib/mbedtls/library/psa_crypto_client.c.o.d" is newer than depends file "/home/gpu/het68/build/_deps/picotool-build/lib/CMakeFiles/mbedtls.dir/compiler_depend.internal".
Dependencies file "lib/CMakeFiles/mbedtls.dir/home/gpu/het68/pico-sdk/lib/mbedtls/library/psa_crypto_ecp.c.o.d" is newer than depends file "/home/gpu/het68/build/_deps/picotool-build/lib/CMakeFiles/mbedtls.dir/compiler_depend.internal".
Dependencies file "lib/CMakeFiles/mbedtls.dir/home/gpu/het68/pico-sdk/lib/mbedtls/library/psa_crypto_hash.c.o.d" is newer than depends file "/home/gpu/het68/build/_deps/picotool-build/lib/CMakeFiles/mbedtls.dir/compiler_depend.internal".
Dependencies file "lib/CMakeFiles/mbedtls.dir/home/gpu/het68/pico-sdk/lib/mbedtls/library/psa_crypto_mac.c.o.d" is newer than depends file "/home/gpu/het68/build/_deps/picotool-build/lib/CMakeFiles/mbedtls.dir/compiler_depend.internal".
Dependencies file "lib/CMakeFiles/mbedtls.dir/home/gpu/het68/pico-sdk/lib/mbedtls/library/psa_crypto_rsa.c.o.d" is newer than depends file "/home/gpu/het68/build/_deps/picotool-build/lib/CMakeFiles/mbedtls.dir/compiler_depend.internal".
Dependencies file "lib/CMakeFiles/mbedtls.dir/home/gpu/het68/pico-sdk/lib/mbedtls/library/psa_crypto_se.c.o.d" is newer than depends file "/home/gpu/het68/build/_deps/picotool-build/lib/CMakeFiles/mbedtls.dir/compiler_depend.internal".
Dependencies file "lib/CMakeFiles/mbedtls.dir/home/gpu/het68/pico-sdk/lib/mbedtls/library/psa_crypto_slot_management.c.o.d" is newer than depends file "/home/gpu/het68/build/_deps/picotool-build/lib/CMakeFiles/mbedtls.dir/compiler_depend.internal".
Dependencies file "lib/CMakeFiles/mbedtls.dir/home/gpu/het68/pico-sdk/lib/mbedtls/library/psa_crypto_storage.c.o.d" is newer than depends file "/home/gpu/het68/build/_deps/picotool-build/lib/CMakeFiles/mbedtls.dir/compiler_depend.internal".
Dependencies file "lib/CMakeFiles/mbedtls.dir/home/gpu/het68/pico-sdk/lib/mbedtls/library/psa_its_file.c.o.d" is newer than depends file "/home/gpu/het68/build/_deps/picotool-build/lib/CMakeFiles/mbedtls.dir/compiler_depend.internal".
Dependencies file "lib/CMakeFiles/mbedtls.dir/home/gpu/het68/pico-sdk/lib/mbedtls/library/ripemd160.c.o.d" is newer than depends file "/home/gpu/het68/build/_deps/picotool-build/lib/CMakeFiles/mbedtls.dir/compiler_depend.internal".
Dependencies file "lib/CMakeFiles/mbedtls.dir/home/gpu/het68/pico-sdk/lib/mbedtls/library/rsa.c.o.d" is newer than depends file "/home/gpu/het68/build/_deps/picotool-build/lib/CMakeFiles/mbedtls.dir/compiler_depend.internal".
Dependencies file "lib/CMakeFiles/mbedtls.dir/home/gpu/het68/pico-sdk/lib/mbedtls/library/rsa_alt_helpers.c.o.d" is newer than depends file "/home/gpu/het68/build/_deps/picotool-build/lib/CMakeFiles/mbedtls.dir/compiler_depend.internal".
Dependencies file "lib/CMakeFiles/mbedtls.dir/home/gpu/het68/pico-sdk/lib/mbedtls/library/sha1.c.o.d" is newer than depends file "/home/gpu/het68/build/_deps/picotool-build/lib/CMakeFiles/mbedtls.dir/compiler_depend.internal".
Dependencies file "lib/CMakeFiles/mbedtls.dir/home/gpu/het68/pico-sdk/lib/mbedtls/library/sha256.c.o.d" is newer than depends file "/home/gpu/het68/build/_deps/picotool-build/lib/CMakeFiles/mbedtls.dir/compiler_depend.internal".
Dependencies file "lib/CMakeFiles/mbedtls.dir/home/gpu/het68/pico-sdk/lib/mbedtls/library/sha512.c.o.d" is newer than depends file "/home/gpu/het68/build/_deps/picotool-build/lib/CMakeFiles/mbedtls.dir/compiler_depend.internal".
Dependencies file "lib/CMakeFiles/mbedtls.dir/home/gpu/het68/pico-sdk/lib/mbedtls/library/threading.c.o.d" is newer than depends file "/home/gpu/het68/build/_deps/picotool-build/lib/CMakeFiles/mbedtls.dir/compiler_depend.internal".
Dependencies file "lib/CMakeFiles/mbedtls.dir/home/gpu/het68/pico-sdk/lib/mbedtls/library/timing.c.o.d" is newer than depends file "/home/gpu/het68/build/_deps/picotool-build/lib/CMakeFiles/mbedtls.dir/compiler_depend.internal".
Dependencies file "lib/CMakeFiles/mbedtls.dir/home/gpu/het68/pico-sdk/lib/mbedtls/library/version.c.o.d" is newer than depends file "/home/gpu/het68/build/_deps/picotool-build/lib/CMakeFiles/mbedtls.dir/compiler_depend.internal".
Dependencies file "lib/CMakeFiles/mbedtls.dir/home/gpu/het68/pico-sdk/lib/mbedtls/library/version_features.c.o.d" is newer than depends file "/home/gpu/het68/build/_deps/picotool-build/lib/CMakeFiles/mbedtls.dir/compiler_depend.internal".
[  2%] Built target errors
/usr/bin/gmake  -f elf/CMakeFiles/elf.dir/build.make elf/CMakeFiles/elf.dir/depend
/usr/bin/cmake -E cmake_progress_start /home/gpu/het68/build/_deps/picotool-build/enc_bootloader/CMakeFiles /home/gpu/het68/build/_deps/picotool-build/enc_bootloader//CMakeFiles/progress.marks
gmake[5]: Entering directory '/home/gpu/het68/build/_deps/picotool-build'
cd /home/gpu/het68/build/_deps/picotool-build && /usr/bin/cmake -E cmake_depends "Unix Makefiles" /home/gpu/het68/build/_deps/picotool-src /home/gpu/het68/build/_deps/picotool-src/elf /home/gpu/het68/build/_deps/picotool-build /home/gpu/het68/build/_deps/picotool-build/elf /home/gpu/het68/build/_deps/picotool-build/elf/CMakeFiles/elf.dir/DependInfo.cmake "--color="
/usr/bin/cmake -E cmake_progress_start /home/gpu/het68/build/_deps/picotool-build/enc_bootloader_mbedtls/CMakeFiles /home/gpu/het68/build/_deps/picotool-build/enc_bootloader_mbedtls//CMakeFiles/progress.marks
Dependencies file "elf/CMakeFiles/elf.dir/elf_file.cpp.o.d" is newer than depends file "/home/gpu/het68/build/_deps/picotool-build/elf/CMakeFiles/elf.dir/compiler_depend.internal".
/usr/bin/gmake  -f CMakeFiles/Makefile2 all
gmake[7]: Entering directory '/home/gpu/het68/build/_deps/picotool-build/enc_bootloader'
gmake[7]: Nothing to be done for 'all'.
gmake[7]: Leaving directory '/home/gpu/het68/build/_deps/picotool-build/enc_bootloader'
/usr/bin/cmake -E cmake_progress_start /home/gpu/het68/build/_deps/picotool-build/enc_bootloader/CMakeFiles 0
/usr/bin/gmake  -f CMakeFiles/Makefile2 all
Consolidate compiler generated dependencies of target elf
gmake[7]: Entering directory '/home/gpu/het68/build/_deps/picotool-build/enc_bootloader_mbedtls'
gmake[7]: Nothing to be done for 'all'.
gmake[7]: Leaving directory '/home/gpu/het68/build/_deps/picotool-build/enc_bootloader_mbedtls'
/usr/bin/cmake -E cmake_progress_start /home/gpu/het68/build/_deps/picotool-build/enc_bootloader_mbedtls/CMakeFiles 0
gmake[5]: Leaving directory '/home/gpu/het68/build/_deps/picotool-build'
/usr/bin/gmake  -f elf/CMakeFiles/elf.dir/build.make elf/CMakeFiles/elf.dir/build
gmake[5]: Entering directory '/home/gpu/het68/build/_deps/picotool-build'
gmake[5]: Nothing to be done for 'elf/CMakeFiles/elf.dir/build'.
gmake[5]: Leaving directory '/home/gpu/het68/build/_deps/picotool-build'
gmake[6]: Leaving directory '/home/gpu/het68/build/_deps/picotool-build/enc_bootloader'
cd /home/gpu/het68/build/_deps/picotool-build/enc_bootloader && /usr/bin/cmake -E echo_append
Consolidate compiler generated dependencies of target mbedtls
gmake[5]: Leaving directory '/home/gpu/het68/build/_deps/picotool-build'
/usr/bin/gmake  -f lib/CMakeFiles/mbedtls.dir/build.make lib/CMakeFiles/mbedtls.dir/build
gmake[6]: Leaving directory '/home/gpu/het68/build/_deps/picotool-build/enc_bootloader_mbedtls'
cd /home/gpu/het68/build/_deps/picotool-build/enc_bootloader_mbedtls && /usr/bin/cmake -E echo_append
[  4%] Built target elf
/usr/bin/cmake -E make_directory /home/gpu/het68/build/_deps/picotool-build/CMakeFiles
/usr/bin/gmake  -f elf2uf2/CMakeFiles/elf2uf2.dir/build.make elf2uf2/CMakeFiles/elf2uf2.dir/depend
gmake[5]: Entering directory '/home/gpu/het68/build/_deps/picotool-build'
cd /home/gpu/het68/build/_deps/picotool-build && /usr/bin/cmake -E cmake_depends "Unix Makefiles" /home/gpu/het68/build/_deps/picotool-src /home/gpu/het68/build/_deps/picotool-src/elf2uf2 /home/gpu/het68/build/_deps/picotool-build /home/gpu/het68/build/_deps/picotool-build/elf2uf2 /home/gpu/het68/build/_deps/picotool-build/elf2uf2/CMakeFiles/elf2uf2.dir/DependInfo.cmake "--color="
gmake[5]: Entering directory '/home/gpu/het68/build/_deps/picotool-build'
gmake[5]: Nothing to be done for 'lib/CMakeFiles/mbedtls.dir/build'.
gmake[5]: Leaving directory '/home/gpu/het68/build/_deps/picotool-build'
/usr/bin/cmake -E touch /home/gpu/het68/build/_deps/picotool-build/CMakeFiles/enc_bootloader-complete
Dependencies file "elf2uf2/CMakeFiles/elf2uf2.dir/elf2uf2.cpp.o.d" is newer than depends file "/home/gpu/het68/build/_deps/picotool-build/elf2uf2/CMakeFiles/elf2uf2.dir/compiler_depend.internal".
/usr/bin/cmake -E make_directory /home/gpu/het68/build/_deps/picotool-build/CMakeFiles
Consolidate compiler generated dependencies of target elf2uf2
gmake[5]: Leaving directory '/home/gpu/het68/build/_deps/picotool-build'
/usr/bin/gmake  -f elf2uf2/CMakeFiles/elf2uf2.dir/build.make elf2uf2/CMakeFiles/elf2uf2.dir/build
[ 72%] Built target mbedtls
/usr/bin/gmake  -f bintool/CMakeFiles/bintool.dir/build.make bintool/CMakeFiles/bintool.dir/depend
gmake[5]: Entering directory '/home/gpu/het68/build/_deps/picotool-build'
cd /home/gpu/het68/build/_deps/picotool-build && /usr/bin/cmake -E cmake_depends "Unix Makefiles" /home/gpu/het68/build/_deps/picotool-src /home/gpu/het68/build/_deps/picotool-src/bintool /home/gpu/het68/build/_deps/picotool-build /home/gpu/het68/build/_deps/picotool-build/bintool /home/gpu/het68/build/_deps/picotool-build/bintool/CMakeFiles/bintool.dir/DependInfo.cmake "--color="
gmake[5]: Entering directory '/home/gpu/het68/build/_deps/picotool-build'
gmake[5]: Nothing to be done for 'elf2uf2/CMakeFiles/elf2uf2.dir/build'.
gmake[5]: Leaving directory '/home/gpu/het68/build/_deps/picotool-build'
/usr/bin/cmake -E touch /home/gpu/het68/build/_deps/picotool-build/enc_bootloader/src/enc_bootloader-stamp/enc_bootloader-done
/usr/bin/cmake -E touch /home/gpu/het68/build/_deps/picotool-build/CMakeFiles/enc_bootloader_mbedtls-complete
Dependencies file "bintool/CMakeFiles/bintool.dir/mbedtls_wrapper.c.o.d" is newer than depends file "/home/gpu/het68/build/_deps/picotool-build/bintool/CMakeFiles/bintool.dir/compiler_depend.internal".
Dependencies file "bintool/CMakeFiles/bintool.dir/bintool.cpp.o.d" is newer than depends file "/home/gpu/het68/build/_deps/picotool-build/bintool/CMakeFiles/bintool.dir/compiler_depend.internal".
[ 74%] Built target elf2uf2
gmake[5]: Leaving directory '/home/gpu/het68/build/_deps/picotool-build'
Consolidate compiler generated dependencies of target bintool
gmake[5]: Leaving directory '/home/gpu/het68/build/_deps/picotool-build'
/usr/bin/gmake  -f bintool/CMakeFiles/bintool.dir/build.make bintool/CMakeFiles/bintool.dir/build
/usr/bin/cmake -E touch /home/gpu/het68/build/_deps/picotool-build/enc_bootloader_mbedtls/src/enc_bootloader_mbedtls-stamp/enc_bootloader_mbedtls-done
gmake[5]: Entering directory '/home/gpu/het68/build/_deps/picotool-build'
gmake[5]: Nothing to be done for 'bintool/CMakeFiles/bintool.dir/build'.
gmake[5]: Leaving directory '/home/gpu/het68/build/_deps/picotool-build'
[ 81%] Built target enc_bootloader
gmake[5]: Leaving directory '/home/gpu/het68/build/_deps/picotool-build'
[ 83%] Built target bintool
[ 90%] Built target enc_bootloader_mbedtls
/usr/bin/gmake  -f CMakeFiles/embedded_data_no_libusb.dir/build.make CMakeFiles/embedded_data_no_libusb.dir/depend
gmake[5]: Entering directory '/home/gpu/het68/build/_deps/picotool-build'
cd /home/gpu/het68/build/_deps/picotool-build && /usr/bin/cmake -E cmake_depends "Unix Makefiles" /home/gpu/het68/build/_deps/picotool-src /home/gpu/het68/build/_deps/picotool-src /home/gpu/het68/build/_deps/picotool-build /home/gpu/het68/build/_deps/picotool-build /home/gpu/het68/build/_deps/picotool-build/CMakeFiles/embedded_data_no_libusb.dir/DependInfo.cmake "--color="
gmake[5]: Leaving directory '/home/gpu/het68/build/_deps/picotool-build'
/usr/bin/gmake  -f CMakeFiles/embedded_data_no_libusb.dir/build.make CMakeFiles/embedded_data_no_libusb.dir/build
gmake[5]: Entering directory '/home/gpu/het68/build/_deps/picotool-build'
gmake[5]: Nothing to be done for 'CMakeFiles/embedded_data_no_libusb.dir/build'.
gmake[5]: Leaving directory '/home/gpu/het68/build/_deps/picotool-build'
[ 92%] Built target embedded_data_no_libusb
/usr/bin/gmake  -f CMakeFiles/picotool.dir/build.make CMakeFiles/picotool.dir/depend
gmake[5]: Entering directory '/home/gpu/het68/build/_deps/picotool-build'
cd /home/gpu/het68/build/_deps/picotool-build && /usr/bin/cmake -E cmake_depends "Unix Makefiles" /home/gpu/het68/build/_deps/picotool-src /home/gpu/het68/build/_deps/picotool-src /home/gpu/het68/build/_deps/picotool-build /home/gpu/het68/build/_deps/picotool-build /home/gpu/het68/build/_deps/picotool-build/CMakeFiles/picotool.dir/DependInfo.cmake "--color="
Dependencies file "CMakeFiles/picotool.dir/lib/whereami/whereami.c.o.d" is newer than depends file "/home/gpu/het68/build/_deps/picotool-build/CMakeFiles/picotool.dir/compiler_depend.internal".
Dependencies file "CMakeFiles/picotool.dir/data_locs.cpp.o.d" is newer than depends file "/home/gpu/het68/build/_deps/picotool-build/CMakeFiles/picotool.dir/compiler_depend.internal".
Dependencies file "CMakeFiles/picotool.dir/get_enc_bootloader.cpp.o.d" is newer than depends file "/home/gpu/het68/build/_deps/picotool-build/CMakeFiles/picotool.dir/compiler_depend.internal".
Dependencies file "CMakeFiles/picotool.dir/lib/whereami/whereami++.cpp.o.d" is newer than depends file "/home/gpu/het68/build/_deps/picotool-build/CMakeFiles/picotool.dir/compiler_depend.internal".
Dependencies file "CMakeFiles/picotool.dir/main.cpp.o.d" is newer than depends file "/home/gpu/het68/build/_deps/picotool-build/CMakeFiles/picotool.dir/compiler_depend.internal".
Dependencies file "CMakeFiles/picotool.dir/no_otp.cpp.o.d" is newer than depends file "/home/gpu/het68/build/_deps/picotool-build/CMakeFiles/picotool.dir/compiler_depend.internal".
Consolidate compiler generated dependencies of target picotool
gmake[5]: Leaving directory '/home/gpu/het68/build/_deps/picotool-build'
/usr/bin/gmake  -f CMakeFiles/picotool.dir/build.make CMakeFiles/picotool.dir/build
gmake[5]: Entering directory '/home/gpu/het68/build/_deps/picotool-build'
gmake[5]: Nothing to be done for 'CMakeFiles/picotool.dir/build'.
gmake[5]: Leaving directory '/home/gpu/het68/build/_deps/picotool-build'
[100%] Built target picotool
gmake[4]: Leaving directory '/home/gpu/het68/build/_deps/picotool-build'
/usr/bin/cmake -E cmake_progress_start /home/gpu/het68/build/_deps/picotool-build/CMakeFiles 0
/usr/bin/gmake  -f CMakeFiles/Makefile2 preinstall
gmake[4]: Entering directory '/home/gpu/het68/build/_deps/picotool-build'
gmake[4]: Nothing to be done for 'preinstall'.
gmake[4]: Leaving directory '/home/gpu/het68/build/_deps/picotool-build'
Install the project...
/usr/bin/cmake -P cmake_install.cmake
-- Install configuration: "Release"
gmake[3]: Leaving directory '/home/gpu/het68/build/_deps/picotool-build'
[ 16%] Performing test step for 'picotoolBuild'
cd /home/gpu/het68/build/_deps/picotool-build && /home/gpu/het68/build/_deps/picotool/picotool version 2.1.1
picotool v2.2.0 (Linux, GNU-13.3.0, Release)

This version of picotool was compiled without USB support. Some commands are not available.
cd /home/gpu/het68/build/_deps/picotool-build && /usr/bin/cmake -E touch /home/gpu/het68/build/pico-sdk/src/rp2350/boot_stage2/picotool/src/picotoolBuild-stamp/picotoolBuild-test
[ 17%] Completed 'picotoolBuild'
cd /home/gpu/het68/build/pico-sdk/src/rp2350/boot_stage2 && /usr/bin/cmake -E make_directory /home/gpu/het68/build/pico-sdk/src/rp2350/boot_stage2/CMakeFiles
cd /home/gpu/het68/build/pico-sdk/src/rp2350/boot_stage2 && /usr/bin/cmake -E touch /home/gpu/het68/build/pico-sdk/src/rp2350/boot_stage2/CMakeFiles/picotoolBuild-complete
cd /home/gpu/het68/build/pico-sdk/src/rp2350/boot_stage2 && /usr/bin/cmake -E touch /home/gpu/het68/build/pico-sdk/src/rp2350/boot_stage2/picotool/src/picotoolBuild-stamp/picotoolBuild-done
gmake[2]: Leaving directory '/home/gpu/het68/build'
[ 17%] Built target picotoolBuild
/usr/bin/gmake  -f pico-sdk/src/rp2350/boot_stage2/CMakeFiles/bs2_default.dir/build.make pico-sdk/src/rp2350/boot_stage2/CMakeFiles/bs2_default.dir/depend
gmake[2]: Entering directory '/home/gpu/het68/build'
cd /home/gpu/het68/build && /usr/bin/cmake -E cmake_depends "Unix Makefiles" /home/gpu/het68 /home/gpu/het68/pico-sdk/src/rp2350/boot_stage2 /home/gpu/het68/build /home/gpu/het68/build/pico-sdk/src/rp2350/boot_stage2 /home/gpu/het68/build/pico-sdk/src/rp2350/boot_stage2/CMakeFiles/bs2_default.dir/DependInfo.cmake "--color="
Dependee "/home/gpu/het68/build/pico-sdk/src/rp2350/boot_stage2/CMakeFiles/bs2_default.dir/DependInfo.cmake" is newer than depender "/home/gpu/het68/build/pico-sdk/src/rp2350/boot_stage2/CMakeFiles/bs2_default.dir/depend.internal".
Dependee "/home/gpu/het68/build/pico-sdk/src/rp2350/boot_stage2/CMakeFiles/CMakeDirectoryInformation.cmake" is newer than depender "/home/gpu/het68/build/pico-sdk/src/rp2350/boot_stage2/CMakeFiles/bs2_default.dir/depend.internal".
Scanning dependencies of target bs2_default
gmake[2]: Leaving directory '/home/gpu/het68/build'
/usr/bin/gmake  -f pico-sdk/src/rp2350/boot_stage2/CMakeFiles/bs2_default.dir/build.make pico-sdk/src/rp2350/boot_stage2/CMakeFiles/bs2_default.dir/build
gmake[2]: Entering directory '/home/gpu/het68/build'
[ 17%] Building ASM object pico-sdk/src/rp2350/boot_stage2/CMakeFiles/bs2_default.dir/compile_time_choice.S.o
cd /home/gpu/het68/build/pico-sdk/src/rp2350/boot_stage2 && /usr/bin/arm-none-eabi-gcc -DLIB_BOOT_STAGE2_HEADERS=1 -DPICO_32BIT=1 -DPICO_BOARD=\"pico2\" -DPICO_BUILD=1 -DPICO_NO_HARDWARE=0 -DPICO_ON_DEVICE=1 -DPICO_RP2350=1 -I/home/gpu/het68/pico-sdk/src/rp2350/boot_stage2/asminclude -isystem /home/gpu/het68/pico-sdk/src/rp2350/hardware_regs/include -isystem /home/gpu/het68/pico-sdk/src/rp2_common/hardware_base/include -isystem /home/gpu/het68/pico-sdk/src/common/pico_base_headers/include -isystem /home/gpu/het68/build/generated/pico_base -isystem /home/gpu/het68/pico-sdk/src/boards/include -isystem /home/gpu/het68/pico-sdk/src/rp2350/pico_platform/include -isystem /home/gpu/het68/pico-sdk/src/rp2_common/pico_platform_common/include -isystem /home/gpu/het68/pico-sdk/src/rp2_common/pico_platform_compiler/include -isystem /home/gpu/het68/pico-sdk/src/rp2_common/pico_platform_panic/include -isystem /home/gpu/het68/pico-sdk/src/rp2_common/pico_platform_sections/include -isystem /home/gpu/het68/pico-sdk/src/rp2_common/hardware_dcp/include -isystem /home/gpu/het68/pico-sdk/src/rp2350/hardware_structs/include -isystem /home/gpu/het68/pico-sdk/src/rp2_common/hardware_rcp/include -isystem /home/gpu/het68/pico-sdk/src/rp2350/boot_stage2/include -mcpu=cortex-m33 -mthumb -march=armv8-m.main+fp+dsp -mfloat-abi=softfp -mcmse -g -O3 -DNDEBUG -o CMakeFiles/bs2_default.dir/compile_time_choice.S.o   -c /home/gpu/het68/pico-sdk/src/rp2350/boot_stage2/compile_time_choice.S
[ 18%] Linking ASM executable bs2_default.elf
cd /home/gpu/het68/build/pico-sdk/src/rp2350/boot_stage2 && /usr/bin/cmake -E cmake_link_script CMakeFiles/bs2_default.dir/link.txt --verbose=1
/usr/bin/arm-none-eabi-gcc -mcpu=cortex-m33 -mthumb -march=armv8-m.main+fp+dsp -mfloat-abi=softfp -mcmse -g -O3 -DNDEBUG -Wl,--build-id=none --specs=nosys.specs -nostartfiles -Wl,--script=/home/gpu/het68/pico-sdk/src/rp2350/boot_stage2/boot_stage2.ld -Wl,-Map=/home/gpu/het68/build/pico-sdk/src/rp2350/boot_stage2/bs2_default.elf.map CMakeFiles/bs2_default.dir/compile_time_choice.S.o -o bs2_default.elf 
cd /home/gpu/het68/build/pico-sdk/src/rp2350/boot_stage2 && /usr/bin/arm-none-eabi-objdump -h /home/gpu/het68/build/pico-sdk/src/rp2350/boot_stage2/bs2_default.elf > bs2_default.dis
cd /home/gpu/het68/build/pico-sdk/src/rp2350/boot_stage2 && /usr/bin/arm-none-eabi-objdump -d /home/gpu/het68/build/pico-sdk/src/rp2350/boot_stage2/bs2_default.elf >> bs2_default.dis
cd /home/gpu/het68/build/pico-sdk/src/rp2350/boot_stage2 && ../../../../_deps/picotool/picotool coprodis --quiet bs2_default.dis bs2_default.dis
gmake[2]: Leaving directory '/home/gpu/het68/build'
[ 18%] Built target bs2_default
/usr/bin/gmake  -f pico-sdk/src/rp2350/boot_stage2/CMakeFiles/bs2_default_library.dir/build.make pico-sdk/src/rp2350/boot_stage2/CMakeFiles/bs2_default_library.dir/depend
gmake[2]: Entering directory '/home/gpu/het68/build'
[ 19%] Generating bs2_default.bin
cd /home/gpu/het68/build/pico-sdk/src/rp2350/boot_stage2 && /usr/bin/arm-none-eabi-objcopy -Obinary /home/gpu/het68/build/pico-sdk/src/rp2350/boot_stage2/bs2_default.elf /home/gpu/het68/build/pico-sdk/src/rp2350/boot_stage2/bs2_default.bin
[ 20%] Generating bs2_default_padded_checksummed.S
cd /home/gpu/het68/build/pico-sdk/src/rp2350/boot_stage2 && /usr/bin/python3 /home/gpu/het68/pico-sdk/src/rp2350/boot_stage2/pad_checksum -s 0xffffffff -a arm /home/gpu/het68/build/pico-sdk/src/rp2350/boot_stage2/bs2_default.bin /home/gpu/het68/build/pico-sdk/src/rp2350/boot_stage2/bs2_default_padded_checksummed.S
cd /home/gpu/het68/build && /usr/bin/cmake -E cmake_depends "Unix Makefiles" /home/gpu/het68 /home/gpu/het68/pico-sdk/src/rp2350/boot_stage2 /home/gpu/het68/build /home/gpu/het68/build/pico-sdk/src/rp2350/boot_stage2 /home/gpu/het68/build/pico-sdk/src/rp2350/boot_stage2/CMakeFiles/bs2_default_library.dir/DependInfo.cmake "--color="
Dependee "/home/gpu/het68/build/pico-sdk/src/rp2350/boot_stage2/CMakeFiles/bs2_default_library.dir/DependInfo.cmake" is newer than depender "/home/gpu/het68/build/pico-sdk/src/rp2350/boot_stage2/CMakeFiles/bs2_default_library.dir/depend.internal".
Dependee "/home/gpu/het68/build/pico-sdk/src/rp2350/boot_stage2/CMakeFiles/CMakeDirectoryInformation.cmake" is newer than depender "/home/gpu/het68/build/pico-sdk/src/rp2350/boot_stage2/CMakeFiles/bs2_default_library.dir/depend.internal".
Scanning dependencies of target bs2_default_library
gmake[2]: Leaving directory '/home/gpu/het68/build'
/usr/bin/gmake  -f pico-sdk/src/rp2350/boot_stage2/CMakeFiles/bs2_default_library.dir/build.make pico-sdk/src/rp2350/boot_stage2/CMakeFiles/bs2_default_library.dir/build
gmake[2]: Entering directory '/home/gpu/het68/build'
[ 21%] Building ASM object pico-sdk/src/rp2350/boot_stage2/CMakeFiles/bs2_default_library.dir/bs2_default_padded_checksummed.S.o
cd /home/gpu/het68/build/pico-sdk/src/rp2350/boot_stage2 && /usr/bin/arm-none-eabi-gcc   -mcpu=cortex-m33 -mthumb -march=armv8-m.main+fp+dsp -mfloat-abi=softfp -mcmse -g -O3 -DNDEBUG -o CMakeFiles/bs2_default_library.dir/bs2_default_padded_checksummed.S.o   -c /home/gpu/het68/build/pico-sdk/src/rp2350/boot_stage2/bs2_default_padded_checksummed.S
gmake[2]: Leaving directory '/home/gpu/het68/build'
[ 21%] Built target bs2_default_library
/usr/bin/gmake  -f CMakeFiles/pico_6mic_soundcard.dir/build.make CMakeFiles/pico_6mic_soundcard.dir/depend
gmake[2]: Entering directory '/home/gpu/het68/build'
cd /home/gpu/het68/build && /usr/bin/cmake -E cmake_depends "Unix Makefiles" /home/gpu/het68 /home/gpu/het68 /home/gpu/het68/build /home/gpu/het68/build /home/gpu/het68/build/CMakeFiles/pico_6mic_soundcard.dir/DependInfo.cmake "--color="
Dependee "/home/gpu/het68/build/CMakeFiles/pico_6mic_soundcard.dir/DependInfo.cmake" is newer than depender "/home/gpu/het68/build/CMakeFiles/pico_6mic_soundcard.dir/depend.internal".
Dependee "/home/gpu/het68/build/CMakeFiles/CMakeDirectoryInformation.cmake" is newer than depender "/home/gpu/het68/build/CMakeFiles/pico_6mic_soundcard.dir/depend.internal".
Scanning dependencies of target pico_6mic_soundcard
gmake[2]: Leaving directory '/home/gpu/het68/build'
/usr/bin/gmake  -f CMakeFiles/pico_6mic_soundcard.dir/build.make CMakeFiles/pico_6mic_soundcard.dir/build
gmake[2]: Entering directory '/home/gpu/het68/build'
[ 22%] Building C object CMakeFiles/pico_6mic_soundcard.dir/pico-sdk/src/rp2_common/pico_platform_panic/panic.c.o
[ 22%] Building C object CMakeFiles/pico_6mic_soundcard.dir/pico-sdk/src/rp2_common/pico_platform_common/common.c.o
[ 23%] Building C object CMakeFiles/pico_6mic_soundcard.dir/pico-sdk/src/rp2_common/hardware_gpio/gpio.c.o
/usr/bin/arm-none-eabi-gcc -DCFG_TUSB_DEBUG=0 -DCFG_TUSB_MCU=OPT_MCU_RP2040 -DCFG_TUSB_OS=OPT_OS_PICO -DLIB_BOOT_STAGE2_HEADERS=1 -DLIB_PICO_ATOMIC=1 -DLIB_PICO_BIT_OPS=1 -DLIB_PICO_BIT_OPS_PICO=1 -DLIB_PICO_CLIB_INTERFACE=1 -DLIB_PICO_CRT0=1 -DLIB_PICO_CXX_OPTIONS=1 -DLIB_PICO_DIVIDER=1 -DLIB_PICO_DIVIDER_COMPILER=1 -DLIB_PICO_DOUBLE=1 -DLIB_PICO_DOUBLE_PICO=1 -DLIB_PICO_FIX_RP2040_USB_DEVICE_ENUMERATION=1 -DLIB_PICO_FLASH=1 -DLIB_PICO_FLOAT=1 -DLIB_PICO_FLOAT_PICO=1 -DLIB_PICO_FLOAT_PICO_VFP=1 -DLIB_PICO_INT64_OPS=1 -DLIB_PICO_INT64_OPS_COMPILER=1 -DLIB_PICO_MALLOC=1 -DLIB_PICO_MEM_OPS=1 -DLIB_PICO_MEM_OPS_COMPILER=1 -DLIB_PICO_NEWLIB_INTERFACE=1 -DLIB_PICO_PLATFORM=1 -DLIB_PICO_PLATFORM_COMMON=1 -DLIB_PICO_PLATFORM_COMPILER=1 -DLIB_PICO_PLATFORM_PANIC=1 -DLIB_PICO_PLATFORM_SECTIONS=1 -DLIB_PICO_PRINTF=1 -DLIB_PICO_PRINTF_PICO=1 -DLIB_PICO_RUNTIME=1 -DLIB_PICO_RUNTIME_INIT=1 -DLIB_PICO_STANDARD_BINARY_INFO=1 -DLIB_PICO_STANDARD_LINK=1 -DLIB_PICO_STDIO=1 -DLIB_PICO_STDLIB=1 -DLIB_PICO_SYNC=1 -DLIB_PICO_SYNC_CRITICAL_SECTION=1 -DLIB_PICO_SYNC_MUTEX=1 -DLIB_PICO_SYNC_SEM=1 -DLIB_PICO_TIME=1 -DLIB_PICO_TIME_ADAPTER=1 -DLIB_PICO_UNIQUE_ID=1 -DLIB_PICO_UTIL=1 -DLIB_TINYUSB_BOARD=1 -DLIB_TINYUSB_DEVICE=1 -DPICO_32BIT=1 -DPICO_BOARD=\"pico2\" -DPICO_BUILD=1 -DPICO_CMAKE_BUILD_TYPE=\"Release\" -DPICO_COPY_TO_RAM=0 -DPICO_CXX_ENABLE_EXCEPTIONS=0 -DPICO_NO_FLASH=0 -DPICO_NO_HARDWARE=0 -DPICO_ON_DEVICE=1 -DPICO_RP2040_USB_DEVICE_UFRAME_FIX=1 -DPICO_RP2350=1 -DPICO_TARGET_NAME=\"pico_6mic_soundcard\" -DPICO_USE_BLOCKED_RAM=0 -I/home/gpu/het68/build -I/home/gpu/het68 -I/home/gpu/het68/pico-sdk/src/rp2_common/pico_atomic/include -I/home/gpu/het68/pico-sdk/lib/tinyusb/src -I/home/gpu/het68/pico-sdk/src/rp2_common/tinyusb/include -I/home/gpu/het68/pico-sdk/lib/tinyusb/hw -isystem /home/gpu/het68/pico-sdk/src/common/pico_stdlib_headers/include -isystem /home/gpu/het68/pico-sdk/src/rp2_common/hardware_gpio/include -isystem /home/gpu/het68/pico-sdk/src/common/pico_base_headers/include -isystem /home/gpu/het68/build/generated/pico_base -isystem /home/gpu/het68/pico-sdk/src/boards/include -isystem /home/gpu/het68/pico-sdk/src/rp2350/pico_platform/include -isystem /home/gpu/het68/pico-sdk/src/rp2350/hardware_regs/include -isystem /home/gpu/het68/pico-sdk/src/rp2_common/hardware_base/include -isystem /home/gpu/het68/pico-sdk/src/rp2_common/pico_platform_common/include -isystem /home/gpu/het68/pico-sdk/src/rp2_common/pico_platform_compiler/include -isystem /home/gpu/het68/pico-sdk/src/rp2_common/pico_platform_panic/include -isystem /home/gpu/het68/pico-sdk/src/rp2_common/pico_platform_sections/include -isystem /home/gpu/het68/pico-sdk/src/rp2_common/hardware_dcp/include -isystem /home/gpu/het68/pico-sdk/src/rp2350/hardware_structs/include -isystem /home/gpu/het68/pico-sdk/src/rp2_common/hardware_rcp/include -isystem /home/gpu/het68/pico-sdk/src/common/hardware_claim/include -isystem /home/gpu/het68/pico-sdk/src/rp2_common/hardware_sync/include -isystem /home/gpu/het68/pico-sdk/src/rp2_common/hardware_sync_spin_lock/include -isystem /home/gpu/het68/pico-sdk/src/rp2_common/hardware_irq/include -isystem /home/gpu/het68/pico-sdk/src/rp2_common/hardware_uart/include -isystem /home/gpu/het68/pico-sdk/src/rp2_common/hardware_resets/include -isystem /home/gpu/het68/pico-sdk/src/rp2_common/hardware_clocks/include -isystem /home/gpu/het68/pico-sdk/src/rp2_common/hardware_pll/include -isystem /home/gpu/het68/pico-sdk/src/rp2_common/hardware_vreg/include -isystem /home/gpu/het68/pico-sdk/src/rp2_common/hardware_watchdog/include -isystem /home/gpu/het68/pico-sdk/src/rp2_common/hardware_ticks/include -isystem /home/gpu/het68/pico-sdk/src/rp2_common/pico_bootrom/include -isystem /home/gpu/het68/pico-sdk/src/common/boot_picoboot_headers/include -isystem /home/gpu/het68/pico-sdk/src/rp2_common/boot_bootrom_headers/include -isystem /home/gpu/het68/pico-sdk/src/rp2_common/hardware_boot_lock/include -isystem /home/gpu/het68/pico-sdk/src/rp2_common/pico_flash/include -isystem /home/gpu/het68/pico-sdk/src/common/pico_time/include -isystem /home/gpu/het68/pico-sdk/src/rp2_common/hardware_timer/include -isystem /home/gpu/het68/pico-sdk/src/common/pico_sync/include -isystem /home/gpu/het68/pico-sdk/src/common/pico_util/include -isystem /home/gpu/het68/pico-sdk/src/rp2_common/pico_time_adapter/include -isystem /home/gpu/het68/pico-sdk/src/rp2_common/hardware_xosc/include -isystem /home/gpu/het68/pico-sdk/src/rp2_common/hardware_divider/include -isystem /home/gpu/het68/pico-sdk/src/rp2_common/pico_runtime/include -isystem /home/gpu/het68/pico-sdk/src/rp2_common/pico_runtime_init/include -isystem /home/gpu/het68/pico-sdk/src/common/pico_bit_ops_headers/include -isystem /home/gpu/het68/pico-sdk/src/common/pico_divider_headers/include -isystem /home/gpu/het68/pico-sdk/src/rp2_common/pico_double/include -isystem /home/gpu/het68/pico-sdk/src/rp2_common/pico_float/include -isystem /home/gpu/het68/pico-sdk/src/rp2_common/pico_malloc/include -isystem /home/gpu/het68/pico-sdk/src/common/pico_binary_info/include -isystem /home/gpu/het68/pico-sdk/src/rp2_common/pico_printf/include -isystem /home/gpu/het68/pico-sdk/src/rp2_common/pico_stdio/include -isystem /home/gpu/het68/pico-sdk/src/rp2_common/pico_multicore/include -isystem /home/gpu/het68/pico-sdk/src/common/boot_picobin_headers/include -isystem /home/gpu/het68/pico-sdk/src/rp2350/boot_stage2/include -isystem /home/gpu/het68/pico-sdk/src/rp2_common/hardware_pio/include -isystem /home/gpu/het68/pico-sdk/src/rp2_common/hardware_dma/include -isystem /home/gpu/het68/pico-sdk/src/rp2_common/pico_fix/rp2040_usb_device_enumeration/include -isystem /home/gpu/het68/pico-sdk/src/rp2_common/pico_unique_id/include -isystem /home/gpu/het68/pico-sdk/src/rp2_common/hardware_flash/include -isystem /home/gpu/het68/pico-sdk/src/rp2_common/hardware_xip_cache/include -mcpu=cortex-m33 -mthumb -march=armv8-m.main+fp+dsp -mfloat-abi=softfp -mcmse -g -O3 -DNDEBUG -ffunction-sections -fdata-sections -MD -MT CMakeFiles/pico_6mic_soundcard.dir/pico-sdk/src/rp2_common/hardware_gpio/gpio.c.o -MF CMakeFiles/pico_6mic_soundcard.dir/pico-sdk/src/rp2_common/hardware_gpio/gpio.c.o.d -o CMakeFiles/pico_6mic_soundcard.dir/pico-sdk/src/rp2_common/hardware_gpio/gpio.c.o -c /home/gpu/het68/pico-sdk/src/rp2_common/hardware_gpio/gpio.c
[ 24%] Building C object CMakeFiles/pico_6mic_soundcard.dir/pico-sdk/src/rp2_common/pico_stdlib/stdlib.c.o
[ 25%] Building C object CMakeFiles/pico_6mic_soundcard.dir/usb_descriptors.c.o
/usr/bin/arm-none-eabi-gcc -DCFG_TUSB_DEBUG=0 -DCFG_TUSB_MCU=OPT_MCU_RP2040 -DCFG_TUSB_OS=OPT_OS_PICO -DLIB_BOOT_STAGE2_HEADERS=1 -DLIB_PICO_ATOMIC=1 -DLIB_PICO_BIT_OPS=1 -DLIB_PICO_BIT_OPS_PICO=1 -DLIB_PICO_CLIB_INTERFACE=1 -DLIB_PICO_CRT0=1 -DLIB_PICO_CXX_OPTIONS=1 -DLIB_PICO_DIVIDER=1 -DLIB_PICO_DIVIDER_COMPILER=1 -DLIB_PICO_DOUBLE=1 -DLIB_PICO_DOUBLE_PICO=1 -DLIB_PICO_FIX_RP2040_USB_DEVICE_ENUMERATION=1 -DLIB_PICO_FLASH=1 -DLIB_PICO_FLOAT=1 -DLIB_PICO_FLOAT_PICO=1 -DLIB_PICO_FLOAT_PICO_VFP=1 -DLIB_PICO_INT64_OPS=1 -DLIB_PICO_INT64_OPS_COMPILER=1 -DLIB_PICO_MALLOC=1 -DLIB_PICO_MEM_OPS=1 -DLIB_PICO_MEM_OPS_COMPILER=1 -DLIB_PICO_NEWLIB_INTERFACE=1 -DLIB_PICO_PLATFORM=1 -DLIB_PICO_PLATFORM_COMMON=1 -DLIB_PICO_PLATFORM_COMPILER=1 -DLIB_PICO_PLATFORM_PANIC=1 -DLIB_PICO_PLATFORM_SECTIONS=1 -DLIB_PICO_PRINTF=1 -DLIB_PICO_PRINTF_PICO=1 -DLIB_PICO_RUNTIME=1 -DLIB_PICO_RUNTIME_INIT=1 -DLIB_PICO_STANDARD_BINARY_INFO=1 -DLIB_PICO_STANDARD_LINK=1 -DLIB_PICO_STDIO=1 -DLIB_PICO_STDLIB=1 -DLIB_PICO_SYNC=1 -DLIB_PICO_SYNC_CRITICAL_SECTION=1 -DLIB_PICO_SYNC_MUTEX=1 -DLIB_PICO_SYNC_SEM=1 -DLIB_PICO_TIME=1 -DLIB_PICO_TIME_ADAPTER=1 -DLIB_PICO_UNIQUE_ID=1 -DLIB_PICO_UTIL=1 -DLIB_TINYUSB_BOARD=1 -DLIB_TINYUSB_DEVICE=1 -DPICO_32BIT=1 -DPICO_BOARD=\"pico2\" -DPICO_BUILD=1 -DPICO_CMAKE_BUILD_TYPE=\"Release\" -DPICO_COPY_TO_RAM=0 -DPICO_CXX_ENABLE_EXCEPTIONS=0 -DPICO_NO_FLASH=0 -DPICO_NO_HARDWARE=0 -DPICO_ON_DEVICE=1 -DPICO_RP2040_USB_DEVICE_UFRAME_FIX=1 -DPICO_RP2350=1 -DPICO_TARGET_NAME=\"pico_6mic_soundcard\" -DPICO_USE_BLOCKED_RAM=0 -I/home/gpu/het68/build -I/home/gpu/het68 -I/home/gpu/het68/pico-sdk/src/rp2_common/pico_atomic/include -I/home/gpu/het68/pico-sdk/lib/tinyusb/src -I/home/gpu/het68/pico-sdk/src/rp2_common/tinyusb/include -I/home/gpu/het68/pico-sdk/lib/tinyusb/hw -isystem /home/gpu/het68/pico-sdk/src/common/pico_stdlib_headers/include -isystem /home/gpu/het68/pico-sdk/src/rp2_common/hardware_gpio/include -isystem /home/gpu/het68/pico-sdk/src/common/pico_base_headers/include -isystem /home/gpu/het68/build/generated/pico_base -isystem /home/gpu/het68/pico-sdk/src/boards/include -isystem /home/gpu/het68/pico-sdk/src/rp2350/pico_platform/include -isystem /home/gpu/het68/pico-sdk/src/rp2350/hardware_regs/include -isystem /home/gpu/het68/pico-sdk/src/rp2_common/hardware_base/include -isystem /home/gpu/het68/pico-sdk/src/rp2_common/pico_platform_common/include -isystem /home/gpu/het68/pico-sdk/src/rp2_common/pico_platform_compiler/include -isystem /home/gpu/het68/pico-sdk/src/rp2_common/pico_platform_panic/include -isystem /home/gpu/het68/pico-sdk/src/rp2_common/pico_platform_sections/include -isystem /home/gpu/het68/pico-sdk/src/rp2_common/hardware_dcp/include -isystem /home/gpu/het68/pico-sdk/src/rp2350/hardware_structs/include -isystem /home/gpu/het68/pico-sdk/src/rp2_common/hardware_rcp/include -isystem /home/gpu/het68/pico-sdk/src/common/hardware_claim/include -isystem /home/gpu/het68/pico-sdk/src/rp2_common/hardware_sync/include -isystem /home/gpu/het68/pico-sdk/src/rp2_common/hardware_sync_spin_lock/include -isystem /home/gpu/het68/pico-sdk/src/rp2_common/hardware_irq/include -isystem /home/gpu/het68/pico-sdk/src/rp2_common/hardware_uart/include -isystem /home/gpu/het68/pico-sdk/src/rp2_common/hardware_resets/include -isystem /home/gpu/het68/pico-sdk/src/rp2_common/hardware_clocks/include -isystem /home/gpu/het68/pico-sdk/src/rp2_common/hardware_pll/include -isystem /home/gpu/het68/pico-sdk/src/rp2_common/hardware_vreg/include -isystem /home/gpu/het68/pico-sdk/src/rp2_common/hardware_watchdog/include -isystem /home/gpu/het68/pico-sdk/src/rp2_common/hardware_ticks/include -isystem /home/gpu/het68/pico-sdk/src/rp2_common/pico_bootrom/include -isystem /home/gpu/het68/pico-sdk/src/common/boot_picoboot_headers/include -isystem /home/gpu/het68/pico-sdk/src/rp2_common/boot_bootrom_headers/include -isystem /home/gpu/het68/pico-sdk/src/rp2_common/hardware_boot_lock/include -isystem /home/gpu/het68/pico-sdk/src/rp2_common/pico_flash/include -isystem /home/gpu/het68/pico-sdk/src/common/pico_time/include -isystem /home/gpu/het68/pico-sdk/src/rp2_common/hardware_timer/include -isystem /home/gpu/het68/pico-sdk/src/common/pico_sync/include -isystem /home/gpu/het68/pico-sdk/src/common/pico_util/include -isystem /home/gpu/het68/pico-sdk/src/rp2_common/pico_time_adapter/include -isystem /home/gpu/het68/pico-sdk/src/rp2_common/hardware_xosc/include -isystem /home/gpu/het68/pico-sdk/src/rp2_common/hardware_divider/include -isystem /home/gpu/het68/pico-sdk/src/rp2_common/pico_runtime/include -isystem /home/gpu/het68/pico-sdk/src/rp2_common/pico_runtime_init/include -isystem /home/gpu/het68/pico-sdk/src/common/pico_bit_ops_headers/include -isystem /home/gpu/het68/pico-sdk/src/common/pico_divider_headers/include -isystem /home/gpu/het68/pico-sdk/src/rp2_common/pico_double/include -isystem /home/gpu/het68/pico-sdk/src/rp2_common/pico_float/include -isystem /home/gpu/het68/pico-sdk/src/rp2_common/pico_malloc/include -isystem /home/gpu/het68/pico-sdk/src/common/pico_binary_info/include -isystem /home/gpu/het68/pico-sdk/src/rp2_common/pico_printf/include -isystem /home/gpu/het68/pico-sdk/src/rp2_common/pico_stdio/include -isystem /home/gpu/het68/pico-sdk/src/rp2_common/pico_multicore/include -isystem /home/gpu/het68/pico-sdk/src/common/boot_picobin_headers/include -isystem /home/gpu/het68/pico-sdk/src/rp2350/boot_stage2/include -isystem /home/gpu/het68/pico-sdk/src/rp2_common/hardware_pio/include -isystem /home/gpu/het68/pico-sdk/src/rp2_common/hardware_dma/include -isystem /home/gpu/het68/pico-sdk/src/rp2_common/pico_fix/rp2040_usb_device_enumeration/include -isystem /home/gpu/het68/pico-sdk/src/rp2_common/pico_unique_id/include -isystem /home/gpu/het68/pico-sdk/src/rp2_common/hardware_flash/include -isystem /home/gpu/het68/pico-sdk/src/rp2_common/hardware_xip_cache/include -mcpu=cortex-m33 -mthumb -march=armv8-m.main+fp+dsp -mfloat-abi=softfp -mcmse -g -O3 -DNDEBUG -ffunction-sections -fdata-sections -MD -MT CMakeFiles/pico_6mic_soundcard.dir/pico-sdk/src/rp2_common/pico_stdlib/stdlib.c.o -MF CMakeFiles/pico_6mic_soundcard.dir/pico-sdk/src/rp2_common/pico_stdlib/stdlib.c.o.d -o CMakeFiles/pico_6mic_soundcard.dir/pico-sdk/src/rp2_common/pico_stdlib/stdlib.c.o -c /home/gpu/het68/pico-sdk/src/rp2_common/pico_stdlib/stdlib.c
[ 26%] Building C object CMakeFiles/pico_6mic_soundcard.dir/main.c.o
/usr/bin/arm-none-eabi-gcc -DCFG_TUSB_DEBUG=0 -DCFG_TUSB_MCU=OPT_MCU_RP2040 -DCFG_TUSB_OS=OPT_OS_PICO -DLIB_BOOT_STAGE2_HEADERS=1 -DLIB_PICO_ATOMIC=1 -DLIB_PICO_BIT_OPS=1 -DLIB_PICO_BIT_OPS_PICO=1 -DLIB_PICO_CLIB_INTERFACE=1 -DLIB_PICO_CRT0=1 -DLIB_PICO_CXX_OPTIONS=1 -DLIB_PICO_DIVIDER=1 -DLIB_PICO_DIVIDER_COMPILER=1 -DLIB_PICO_DOUBLE=1 -DLIB_PICO_DOUBLE_PICO=1 -DLIB_PICO_FIX_RP2040_USB_DEVICE_ENUMERATION=1 -DLIB_PICO_FLASH=1 -DLIB_PICO_FLOAT=1 -DLIB_PICO_FLOAT_PICO=1 -DLIB_PICO_FLOAT_PICO_VFP=1 -DLIB_PICO_INT64_OPS=1 -DLIB_PICO_INT64_OPS_COMPILER=1 -DLIB_PICO_MALLOC=1 -DLIB_PICO_MEM_OPS=1 -DLIB_PICO_MEM_OPS_COMPILER=1 -DLIB_PICO_NEWLIB_INTERFACE=1 -DLIB_PICO_PLATFORM=1 -DLIB_PICO_PLATFORM_COMMON=1 -DLIB_PICO_PLATFORM_COMPILER=1 -DLIB_PICO_PLATFORM_PANIC=1 -DLIB_PICO_PLATFORM_SECTIONS=1 -DLIB_PICO_PRINTF=1 -DLIB_PICO_PRINTF_PICO=1 -DLIB_PICO_RUNTIME=1 -DLIB_PICO_RUNTIME_INIT=1 -DLIB_PICO_STANDARD_BINARY_INFO=1 -DLIB_PICO_STANDARD_LINK=1 -DLIB_PICO_STDIO=1 -DLIB_PICO_STDLIB=1 -DLIB_PICO_SYNC=1 -DLIB_PICO_SYNC_CRITICAL_SECTION=1 -DLIB_PICO_SYNC_MUTEX=1 -DLIB_PICO_SYNC_SEM=1 -DLIB_PICO_TIME=1 -DLIB_PICO_TIME_ADAPTER=1 -DLIB_PICO_UNIQUE_ID=1 -DLIB_PICO_UTIL=1 -DLIB_TINYUSB_BOARD=1 -DLIB_TINYUSB_DEVICE=1 -DPICO_32BIT=1 -DPICO_BOARD=\"pico2\" -DPICO_BUILD=1 -DPICO_CMAKE_BUILD_TYPE=\"Release\" -DPICO_COPY_TO_RAM=0 -DPICO_CXX_ENABLE_EXCEPTIONS=0 -DPICO_NO_FLASH=0 -DPICO_NO_HARDWARE=0 -DPICO_ON_DEVICE=1 -DPICO_RP2040_USB_DEVICE_UFRAME_FIX=1 -DPICO_RP2350=1 -DPICO_TARGET_NAME=\"pico_6mic_soundcard\" -DPICO_USE_BLOCKED_RAM=0 -I/home/gpu/het68/build -I/home/gpu/het68 -I/home/gpu/het68/pico-sdk/src/rp2_common/pico_atomic/include -I/home/gpu/het68/pico-sdk/lib/tinyusb/src -I/home/gpu/het68/pico-sdk/src/rp2_common/tinyusb/include -I/home/gpu/het68/pico-sdk/lib/tinyusb/hw -isystem /home/gpu/het68/pico-sdk/src/common/pico_stdlib_headers/include -isystem /home/gpu/het68/pico-sdk/src/rp2_common/hardware_gpio/include -isystem /home/gpu/het68/pico-sdk/src/common/pico_base_headers/include -isystem /home/gpu/het68/build/generated/pico_base -isystem /home/gpu/het68/pico-sdk/src/boards/include -isystem /home/gpu/het68/pico-sdk/src/rp2350/pico_platform/include -isystem /home/gpu/het68/pico-sdk/src/rp2350/hardware_regs/include -isystem /home/gpu/het68/pico-sdk/src/rp2_common/hardware_base/include -isystem /home/gpu/het68/pico-sdk/src/rp2_common/pico_platform_common/include -isystem /home/gpu/het68/pico-sdk/src/rp2_common/pico_platform_compiler/include -isystem /home/gpu/het68/pico-sdk/src/rp2_common/pico_platform_panic/include -isystem /home/gpu/het68/pico-sdk/src/rp2_common/pico_platform_sections/include -isystem /home/gpu/het68/pico-sdk/src/rp2_common/hardware_dcp/include -isystem /home/gpu/het68/pico-sdk/src/rp2350/hardware_structs/include -isystem /home/gpu/het68/pico-sdk/src/rp2_common/hardware_rcp/include -isystem /home/gpu/het68/pico-sdk/src/common/hardware_claim/include -isystem /home/gpu/het68/pico-sdk/src/rp2_common/hardware_sync/include -isystem /home/gpu/het68/pico-sdk/src/rp2_common/hardware_sync_spin_lock/include -isystem /home/gpu/het68/pico-sdk/src/rp2_common/hardware_irq/include -isystem /home/gpu/het68/pico-sdk/src/rp2_common/hardware_uart/include -isystem /home/gpu/het68/pico-sdk/src/rp2_common/hardware_resets/include -isystem /home/gpu/het68/pico-sdk/src/rp2_common/hardware_clocks/include -isystem /home/gpu/het68/pico-sdk/src/rp2_common/hardware_pll/include -isystem /home/gpu/het68/pico-sdk/src/rp2_common/hardware_vreg/include -isystem /home/gpu/het68/pico-sdk/src/rp2_common/hardware_watchdog/include -isystem /home/gpu/het68/pico-sdk/src/rp2_common/hardware_ticks/include -isystem /home/gpu/het68/pico-sdk/src/rp2_common/pico_bootrom/include -isystem /home/gpu/het68/pico-sdk/src/common/boot_picoboot_headers/include -isystem /home/gpu/het68/pico-sdk/src/rp2_common/boot_bootrom_headers/include -isystem /home/gpu/het68/pico-sdk/src/rp2_common/hardware_boot_lock/include -isystem /home/gpu/het68/pico-sdk/src/rp2_common/pico_flash/include -isystem /home/gpu/het68/pico-sdk/src/common/pico_time/include -isystem /home/gpu/het68/pico-sdk/src/rp2_common/hardware_timer/include -isystem /home/gpu/het68/pico-sdk/src/common/pico_sync/include -isystem /home/gpu/het68/pico-sdk/src/common/pico_util/include -isystem /home/gpu/het68/pico-sdk/src/rp2_common/pico_time_adapter/include -isystem /home/gpu/het68/pico-sdk/src/rp2_common/hardware_xosc/include -isystem /home/gpu/het68/pico-sdk/src/rp2_common/hardware_divider/include -isystem /home/gpu/het68/pico-sdk/src/rp2_common/pico_runtime/include -isystem /home/gpu/het68/pico-sdk/src/rp2_common/pico_runtime_init/include -isystem /home/gpu/het68/pico-sdk/src/common/pico_bit_ops_headers/include -isystem /home/gpu/het68/pico-sdk/src/common/pico_divider_headers/include -isystem /home/gpu/het68/pico-sdk/src/rp2_common/pico_double/include -isystem /home/gpu/het68/pico-sdk/src/rp2_common/pico_float/include -isystem /home/gpu/het68/pico-sdk/src/rp2_common/pico_malloc/include -isystem /home/gpu/het68/pico-sdk/src/common/pico_binary_info/include -isystem /home/gpu/het68/pico-sdk/src/rp2_common/pico_printf/include -isystem /home/gpu/het68/pico-sdk/src/rp2_common/pico_stdio/include -isystem /home/gpu/het68/pico-sdk/src/rp2_common/pico_multicore/include -isystem /home/gpu/het68/pico-sdk/src/common/boot_picobin_headers/include -isystem /home/gpu/het68/pico-sdk/src/rp2350/boot_stage2/include -isystem /home/gpu/het68/pico-sdk/src/rp2_common/hardware_pio/include -isystem /home/gpu/het68/pico-sdk/src/rp2_common/hardware_dma/include -isystem /home/gpu/het68/pico-sdk/src/rp2_common/pico_fix/rp2040_usb_device_enumeration/include -isystem /home/gpu/het68/pico-sdk/src/rp2_common/pico_unique_id/include -isystem /home/gpu/het68/pico-sdk/src/rp2_common/hardware_flash/include -isystem /home/gpu/het68/pico-sdk/src/rp2_common/hardware_xip_cache/include -mcpu=cortex-m33 -mthumb -march=armv8-m.main+fp+dsp -mfloat-abi=softfp -mcmse -g -O3 -DNDEBUG -ffunction-sections -fdata-sections -MD -MT CMakeFiles/pico_6mic_soundcard.dir/pico-sdk/src/rp2_common/pico_platform_common/common.c.o -MF CMakeFiles/pico_6mic_soundcard.dir/pico-sdk/src/rp2_common/pico_platform_common/common.c.o.d -o CMakeFiles/pico_6mic_soundcard.dir/pico-sdk/src/rp2_common/pico_platform_common/common.c.o -c /home/gpu/het68/pico-sdk/src/rp2_common/pico_platform_common/common.c
[ 27%] Building C object CMakeFiles/pico_6mic_soundcard.dir/pico-sdk/src/common/pico_sync/critical_section.c.o
/usr/bin/arm-none-eabi-gcc -DCFG_TUSB_DEBUG=0 -DCFG_TUSB_MCU=OPT_MCU_RP2040 -DCFG_TUSB_OS=OPT_OS_PICO -DLIB_BOOT_STAGE2_HEADERS=1 -DLIB_PICO_ATOMIC=1 -DLIB_PICO_BIT_OPS=1 -DLIB_PICO_BIT_OPS_PICO=1 -DLIB_PICO_CLIB_INTERFACE=1 -DLIB_PICO_CRT0=1 -DLIB_PICO_CXX_OPTIONS=1 -DLIB_PICO_DIVIDER=1 -DLIB_PICO_DIVIDER_COMPILER=1 -DLIB_PICO_DOUBLE=1 -DLIB_PICO_DOUBLE_PICO=1 -DLIB_PICO_FIX_RP2040_USB_DEVICE_ENUMERATION=1 -DLIB_PICO_FLASH=1 -DLIB_PICO_FLOAT=1 -DLIB_PICO_FLOAT_PICO=1 -DLIB_PICO_FLOAT_PICO_VFP=1 -DLIB_PICO_INT64_OPS=1 -DLIB_PICO_INT64_OPS_COMPILER=1 -DLIB_PICO_MALLOC=1 -DLIB_PICO_MEM_OPS=1 -DLIB_PICO_MEM_OPS_COMPILER=1 -DLIB_PICO_NEWLIB_INTERFACE=1 -DLIB_PICO_PLATFORM=1 -DLIB_PICO_PLATFORM_COMMON=1 -DLIB_PICO_PLATFORM_COMPILER=1 -DLIB_PICO_PLATFORM_PANIC=1 -DLIB_PICO_PLATFORM_SECTIONS=1 -DLIB_PICO_PRINTF=1 -DLIB_PICO_PRINTF_PICO=1 -DLIB_PICO_RUNTIME=1 -DLIB_PICO_RUNTIME_INIT=1 -DLIB_PICO_STANDARD_BINARY_INFO=1 -DLIB_PICO_STANDARD_LINK=1 -DLIB_PICO_STDIO=1 -DLIB_PICO_STDLIB=1 -DLIB_PICO_SYNC=1 -DLIB_PICO_SYNC_CRITICAL_SECTION=1 -DLIB_PICO_SYNC_MUTEX=1 -DLIB_PICO_SYNC_SEM=1 -DLIB_PICO_TIME=1 -DLIB_PICO_TIME_ADAPTER=1 -DLIB_PICO_UNIQUE_ID=1 -DLIB_PICO_UTIL=1 -DLIB_TINYUSB_BOARD=1 -DLIB_TINYUSB_DEVICE=1 -DPICO_32BIT=1 -DPICO_BOARD=\"pico2\" -DPICO_BUILD=1 -DPICO_CMAKE_BUILD_TYPE=\"Release\" -DPICO_COPY_TO_RAM=0 -DPICO_CXX_ENABLE_EXCEPTIONS=0 -DPICO_NO_FLASH=0 -DPICO_NO_HARDWARE=0 -DPICO_ON_DEVICE=1 -DPICO_RP2040_USB_DEVICE_UFRAME_FIX=1 -DPICO_RP2350=1 -DPICO_TARGET_NAME=\"pico_6mic_soundcard\" -DPICO_USE_BLOCKED_RAM=0 -I/home/gpu/het68/build -I/home/gpu/het68 -I/home/gpu/het68/pico-sdk/src/rp2_common/pico_atomic/include -I/home/gpu/het68/pico-sdk/lib/tinyusb/src -I/home/gpu/het68/pico-sdk/src/rp2_common/tinyusb/include -I/home/gpu/het68/pico-sdk/lib/tinyusb/hw -isystem /home/gpu/het68/pico-sdk/src/common/pico_stdlib_headers/include -isystem /home/gpu/het68/pico-sdk/src/rp2_common/hardware_gpio/include -isystem /home/gpu/het68/pico-sdk/src/common/pico_base_headers/include -isystem /home/gpu/het68/build/generated/pico_base -isystem /home/gpu/het68/pico-sdk/src/boards/include -isystem /home/gpu/het68/pico-sdk/src/rp2350/pico_platform/include -isystem /home/gpu/het68/pico-sdk/src/rp2350/hardware_regs/include -isystem /home/gpu/het68/pico-sdk/src/rp2_common/hardware_base/include -isystem /home/gpu/het68/pico-sdk/src/rp2_common/pico_platform_common/include -isystem /home/gpu/het68/pico-sdk/src/rp2_common/pico_platform_compiler/include -isystem /home/gpu/het68/pico-sdk/src/rp2_common/pico_platform_panic/include -isystem /home/gpu/het68/pico-sdk/src/rp2_common/pico_platform_sections/include -isystem /home/gpu/het68/pico-sdk/src/rp2_common/hardware_dcp/include -isystem /home/gpu/het68/pico-sdk/src/rp2350/hardware_structs/include -isystem /home/gpu/het68/pico-sdk/src/rp2_common/hardware_rcp/include -isystem /home/gpu/het68/pico-sdk/src/common/hardware_claim/include -isystem /home/gpu/het68/pico-sdk/src/rp2_common/hardware_sync/include -isystem /home/gpu/het68/pico-sdk/src/rp2_common/hardware_sync_spin_lock/include -isystem /home/gpu/het68/pico-sdk/src/rp2_common/hardware_irq/include -isystem /home/gpu/het68/pico-sdk/src/rp2_common/hardware_uart/include -isystem /home/gpu/het68/pico-sdk/src/rp2_common/hardware_resets/include -isystem /home/gpu/het68/pico-sdk/src/rp2_common/hardware_clocks/include -isystem /home/gpu/het68/pico-sdk/src/rp2_common/hardware_pll/include -isystem /home/gpu/het68/pico-sdk/src/rp2_common/hardware_vreg/include -isystem /home/gpu/het68/pico-sdk/src/rp2_common/hardware_watchdog/include -isystem /home/gpu/het68/pico-sdk/src/rp2_common/hardware_ticks/include -isystem /home/gpu/het68/pico-sdk/src/rp2_common/pico_bootrom/include -isystem /home/gpu/het68/pico-sdk/src/common/boot_picoboot_headers/include -isystem /home/gpu/het68/pico-sdk/src/rp2_common/boot_bootrom_headers/include -isystem /home/gpu/het68/pico-sdk/src/rp2_common/hardware_boot_lock/include -isystem /home/gpu/het68/pico-sdk/src/rp2_common/pico_flash/include -isystem /home/gpu/het68/pico-sdk/src/common/pico_time/include -isystem /home/gpu/het68/pico-sdk/src/rp2_common/hardware_timer/include -isystem /home/gpu/het68/pico-sdk/src/common/pico_sync/include -isystem /home/gpu/het68/pico-sdk/src/common/pico_util/include -isystem /home/gpu/het68/pico-sdk/src/rp2_common/pico_time_adapter/include -isystem /home/gpu/het68/pico-sdk/src/rp2_common/hardware_xosc/include -isystem /home/gpu/het68/pico-sdk/src/rp2_common/hardware_divider/include -isystem /home/gpu/het68/pico-sdk/src/rp2_common/pico_runtime/include -isystem /home/gpu/het68/pico-sdk/src/rp2_common/pico_runtime_init/include -isystem /home/gpu/het68/pico-sdk/src/common/pico_bit_ops_headers/include -isystem /home/gpu/het68/pico-sdk/src/common/pico_divider_headers/include -isystem /home/gpu/het68/pico-sdk/src/rp2_common/pico_double/include -isystem /home/gpu/het68/pico-sdk/src/rp2_common/pico_float/include -isystem /home/gpu/het68/pico-sdk/src/rp2_common/pico_malloc/include -isystem /home/gpu/het68/pico-sdk/src/common/pico_binary_info/include -isystem /home/gpu/het68/pico-sdk/src/rp2_common/pico_printf/include -isystem /home/gpu/het68/pico-sdk/src/rp2_common/pico_stdio/include -isystem /home/gpu/het68/pico-sdk/src/rp2_common/pico_multicore/include -isystem /home/gpu/het68/pico-sdk/src/common/boot_picobin_headers/include -isystem /home/gpu/het68/pico-sdk/src/rp2350/boot_stage2/include -isystem /home/gpu/het68/pico-sdk/src/rp2_common/hardware_pio/include -isystem /home/gpu/het68/pico-sdk/src/rp2_common/hardware_dma/include -isystem /home/gpu/het68/pico-sdk/src/rp2_common/pico_fix/rp2040_usb_device_enumeration/include -isystem /home/gpu/het68/pico-sdk/src/rp2_common/pico_unique_id/include -isystem /home/gpu/het68/pico-sdk/src/rp2_common/hardware_flash/include -isystem /home/gpu/het68/pico-sdk/src/rp2_common/hardware_xip_cache/include -mcpu=cortex-m33 -mthumb -march=armv8-m.main+fp+dsp -mfloat-abi=softfp -mcmse -g -O3 -DNDEBUG -ffunction-sections -fdata-sections -MD -MT CMakeFiles/pico_6mic_soundcard.dir/main.c.o -MF CMakeFiles/pico_6mic_soundcard.dir/main.c.o.d -o CMakeFiles/pico_6mic_soundcard.dir/main.c.o -c /home/gpu/het68/main.c
[ 29%] Building C object CMakeFiles/pico_6mic_soundcard.dir/pico-sdk/src/common/pico_sync/lock_core.c.o
/usr/bin/arm-none-eabi-gcc -DCFG_TUSB_DEBUG=0 -DCFG_TUSB_MCU=OPT_MCU_RP2040 -DCFG_TUSB_OS=OPT_OS_PICO -DLIB_BOOT_STAGE2_HEADERS=1 -DLIB_PICO_ATOMIC=1 -DLIB_PICO_BIT_OPS=1 -DLIB_PICO_BIT_OPS_PICO=1 -DLIB_PICO_CLIB_INTERFACE=1 -DLIB_PICO_CRT0=1 -DLIB_PICO_CXX_OPTIONS=1 -DLIB_PICO_DIVIDER=1 -DLIB_PICO_DIVIDER_COMPILER=1 -DLIB_PICO_DOUBLE=1 -DLIB_PICO_DOUBLE_PICO=1 -DLIB_PICO_FIX_RP2040_USB_DEVICE_ENUMERATION=1 -DLIB_PICO_FLASH=1 -DLIB_PICO_FLOAT=1 -DLIB_PICO_FLOAT_PICO=1 -DLIB_PICO_FLOAT_PICO_VFP=1 -DLIB_PICO_INT64_OPS=1 -DLIB_PICO_INT64_OPS_COMPILER=1 -DLIB_PICO_MALLOC=1 -DLIB_PICO_MEM_OPS=1 -DLIB_PICO_MEM_OPS_COMPILER=1 -DLIB_PICO_NEWLIB_INTERFACE=1 -DLIB_PICO_PLATFORM=1 -DLIB_PICO_PLATFORM_COMMON=1 -DLIB_PICO_PLATFORM_COMPILER=1 -DLIB_PICO_PLATFORM_PANIC=1 -DLIB_PICO_PLATFORM_SECTIONS=1 -DLIB_PICO_PRINTF=1 -DLIB_PICO_PRINTF_PICO=1 -DLIB_PICO_RUNTIME=1 -DLIB_PICO_RUNTIME_INIT=1 -DLIB_PICO_STANDARD_BINARY_INFO=1 -DLIB_PICO_STANDARD_LINK=1 -DLIB_PICO_STDIO=1 -DLIB_PICO_STDLIB=1 -DLIB_PICO_SYNC=1 -DLIB_PICO_SYNC_CRITICAL_SECTION=1 -DLIB_PICO_SYNC_MUTEX=1 -DLIB_PICO_SYNC_SEM=1 -DLIB_PICO_TIME=1 -DLIB_PICO_TIME_ADAPTER=1 -DLIB_PICO_UNIQUE_ID=1 -DLIB_PICO_UTIL=1 -DLIB_TINYUSB_BOARD=1 -DLIB_TINYUSB_DEVICE=1 -DPICO_32BIT=1 -DPICO_BOARD=\"pico2\" -DPICO_BUILD=1 -DPICO_CMAKE_BUILD_TYPE=\"Release\" -DPICO_COPY_TO_RAM=0 -DPICO_CXX_ENABLE_EXCEPTIONS=0 -DPICO_NO_FLASH=0 -DPICO_NO_HARDWARE=0 -DPICO_ON_DEVICE=1 -DPICO_RP2040_USB_DEVICE_UFRAME_FIX=1 -DPICO_RP2350=1 -DPICO_TARGET_NAME=\"pico_6mic_soundcard\" -DPICO_USE_BLOCKED_RAM=0 -I/home/gpu/het68/build -I/home/gpu/het68 -I/home/gpu/het68/pico-sdk/src/rp2_common/pico_atomic/include -I/home/gpu/het68/pico-sdk/lib/tinyusb/src -I/home/gpu/het68/pico-sdk/src/rp2_common/tinyusb/include -I/home/gpu/het68/pico-sdk/lib/tinyusb/hw -isystem /home/gpu/het68/pico-sdk/src/common/pico_stdlib_headers/include -isystem /home/gpu/het68/pico-sdk/src/rp2_common/hardware_gpio/include -isystem /home/gpu/het68/pico-sdk/src/common/pico_base_headers/include -isystem /home/gpu/het68/build/generated/pico_base -isystem /home/gpu/het68/pico-sdk/src/boards/include -isystem /home/gpu/het68/pico-sdk/src/rp2350/pico_platform/include -isystem /home/gpu/het68/pico-sdk/src/rp2350/hardware_regs/include -isystem /home/gpu/het68/pico-sdk/src/rp2_common/hardware_base/include -isystem /home/gpu/het68/pico-sdk/src/rp2_common/pico_platform_common/include -isystem /home/gpu/het68/pico-sdk/src/rp2_common/pico_platform_compiler/include -isystem /home/gpu/het68/pico-sdk/src/rp2_common/pico_platform_panic/include -isystem /home/gpu/het68/pico-sdk/src/rp2_common/pico_platform_sections/include -isystem /home/gpu/het68/pico-sdk/src/rp2_common/hardware_dcp/include -isystem /home/gpu/het68/pico-sdk/src/rp2350/hardware_structs/include -isystem /home/gpu/het68/pico-sdk/src/rp2_common/hardware_rcp/include -isystem /home/gpu/het68/pico-sdk/src/common/hardware_claim/include -isystem /home/gpu/het68/pico-sdk/src/rp2_common/hardware_sync/include -isystem /home/gpu/het68/pico-sdk/src/rp2_common/hardware_sync_spin_lock/include -isystem /home/gpu/het68/pico-sdk/src/rp2_common/hardware_irq/include -isystem /home/gpu/het68/pico-sdk/src/rp2_common/hardware_uart/include -isystem /home/gpu/het68/pico-sdk/src/rp2_common/hardware_resets/include -isystem /home/gpu/het68/pico-sdk/src/rp2_common/hardware_clocks/include -isystem /home/gpu/het68/pico-sdk/src/rp2_common/hardware_pll/include -isystem /home/gpu/het68/pico-sdk/src/rp2_common/hardware_vreg/include -isystem /home/gpu/het68/pico-sdk/src/rp2_common/hardware_watchdog/include -isystem /home/gpu/het68/pico-sdk/src/rp2_common/hardware_ticks/include -isystem /home/gpu/het68/pico-sdk/src/rp2_common/pico_bootrom/include -isystem /home/gpu/het68/pico-sdk/src/common/boot_picoboot_headers/include -isystem /home/gpu/het68/pico-sdk/src/rp2_common/boot_bootrom_headers/include -isystem /home/gpu/het68/pico-sdk/src/rp2_common/hardware_boot_lock/include -isystem /home/gpu/het68/pico-sdk/src/rp2_common/pico_flash/include -isystem /home/gpu/het68/pico-sdk/src/common/pico_time/include -isystem /home/gpu/het68/pico-sdk/src/rp2_common/hardware_timer/include -isystem /home/gpu/het68/pico-sdk/src/common/pico_sync/include -isystem /home/gpu/het68/pico-sdk/src/common/pico_util/include -isystem /home/gpu/het68/pico-sdk/src/rp2_common/pico_time_adapter/include -isystem /home/gpu/het68/pico-sdk/src/rp2_common/hardware_xosc/include -isystem /home/gpu/het68/pico-sdk/src/rp2_common/hardware_divider/include -isystem /home/gpu/het68/pico-sdk/src/rp2_common/pico_runtime/include -isystem /home/gpu/het68/pico-sdk/src/rp2_common/pico_runtime_init/include -isystem /home/gpu/het68/pico-sdk/src/common/pico_bit_ops_headers/include -isystem /home/gpu/het68/pico-sdk/src/common/pico_divider_headers/include -isystem /home/gpu/het68/pico-sdk/src/rp2_common/pico_double/include -isystem /home/gpu/het68/pico-sdk/src/rp2_common/pico_float/include -isystem /home/gpu/het68/pico-sdk/src/rp2_common/pico_malloc/include -isystem /home/gpu/het68/pico-sdk/src/common/pico_binary_info/include -isystem /home/gpu/het68/pico-sdk/src/rp2_common/pico_printf/include -isystem /home/gpu/het68/pico-sdk/src/rp2_common/pico_stdio/include -isystem /home/gpu/het68/pico-sdk/src/rp2_common/pico_multicore/include -isystem /home/gpu/het68/pico-sdk/src/common/boot_picobin_headers/include -isystem /home/gpu/het68/pico-sdk/src/rp2350/boot_stage2/include -isystem /home/gpu/het68/pico-sdk/src/rp2_common/hardware_pio/include -isystem /home/gpu/het68/pico-sdk/src/rp2_common/hardware_dma/include -isystem /home/gpu/het68/pico-sdk/src/rp2_common/pico_fix/rp2040_usb_device_enumeration/include -isystem /home/gpu/het68/pico-sdk/src/rp2_common/pico_unique_id/include -isystem /home/gpu/het68/pico-sdk/src/rp2_common/hardware_flash/include -isystem /home/gpu/het68/pico-sdk/src/rp2_common/hardware_xip_cache/include -mcpu=cortex-m33 -mthumb -march=armv8-m.main+fp+dsp -mfloat-abi=softfp -mcmse -g -O3 -DNDEBUG -ffunction-sections -fdata-sections -MD -MT CMakeFiles/pico_6mic_soundcard.dir/usb_descriptors.c.o -MF CMakeFiles/pico_6mic_soundcard.dir/usb_descriptors.c.o.d -o CMakeFiles/pico_6mic_soundcard.dir/usb_descriptors.c.o -c /home/gpu/het68/usb_descriptors.c
[ 30%] Building C object CMakeFiles/pico_6mic_soundcard.dir/pico-sdk/src/rp2_common/hardware_sync/sync.c.o
[ 31%] Building C object CMakeFiles/pico_6mic_soundcard.dir/pico-sdk/src/rp2350/pico_platform/platform.c.o
/usr/bin/arm-none-eabi-gcc -DCFG_TUSB_DEBUG=0 -DCFG_TUSB_MCU=OPT_MCU_RP2040 -DCFG_TUSB_OS=OPT_OS_PICO -DLIB_BOOT_STAGE2_HEADERS=1 -DLIB_PICO_ATOMIC=1 -DLIB_PICO_BIT_OPS=1 -DLIB_PICO_BIT_OPS_PICO=1 -DLIB_PICO_CLIB_INTERFACE=1 -DLIB_PICO_CRT0=1 -DLIB_PICO_CXX_OPTIONS=1 -DLIB_PICO_DIVIDER=1 -DLIB_PICO_DIVIDER_COMPILER=1 -DLIB_PICO_DOUBLE=1 -DLIB_PICO_DOUBLE_PICO=1 -DLIB_PICO_FIX_RP2040_USB_DEVICE_ENUMERATION=1 -DLIB_PICO_FLASH=1 -DLIB_PICO_FLOAT=1 -DLIB_PICO_FLOAT_PICO=1 -DLIB_PICO_FLOAT_PICO_VFP=1 -DLIB_PICO_INT64_OPS=1 -DLIB_PICO_INT64_OPS_COMPILER=1 -DLIB_PICO_MALLOC=1 -DLIB_PICO_MEM_OPS=1 -DLIB_PICO_MEM_OPS_COMPILER=1 -DLIB_PICO_NEWLIB_INTERFACE=1 -DLIB_PICO_PLATFORM=1 -DLIB_PICO_PLATFORM_COMMON=1 -DLIB_PICO_PLATFORM_COMPILER=1 -DLIB_PICO_PLATFORM_PANIC=1 -DLIB_PICO_PLATFORM_SECTIONS=1 -DLIB_PICO_PRINTF=1 -DLIB_PICO_PRINTF_PICO=1 -DLIB_PICO_RUNTIME=1 -DLIB_PICO_RUNTIME_INIT=1 -DLIB_PICO_STANDARD_BINARY_INFO=1 -DLIB_PICO_STANDARD_LINK=1 -DLIB_PICO_STDIO=1 -DLIB_PICO_STDLIB=1 -DLIB_PICO_SYNC=1 -DLIB_PICO_SYNC_CRITICAL_SECTION=1 -DLIB_PICO_SYNC_MUTEX=1 -DLIB_PICO_SYNC_SEM=1 -DLIB_PICO_TIME=1 -DLIB_PICO_TIME_ADAPTER=1 -DLIB_PICO_UNIQUE_ID=1 -DLIB_PICO_UTIL=1 -DLIB_TINYUSB_BOARD=1 -DLIB_TINYUSB_DEVICE=1 -DPICO_32BIT=1 -DPICO_BOARD=\"pico2\" -DPICO_BUILD=1 -DPICO_CMAKE_BUILD_TYPE=\"Release\" -DPICO_COPY_TO_RAM=0 -DPICO_CXX_ENABLE_EXCEPTIONS=0 -DPICO_NO_FLASH=0 -DPICO_NO_HARDWARE=0 -DPICO_ON_DEVICE=1 -DPICO_RP2040_USB_DEVICE_UFRAME_FIX=1 -DPICO_RP2350=1 -DPICO_TARGET_NAME=\"pico_6mic_soundcard\" -DPICO_USE_BLOCKED_RAM=0 -I/home/gpu/het68/build -I/home/gpu/het68 -I/home/gpu/het68/pico-sdk/src/rp2_common/pico_atomic/include -I/home/gpu/het68/pico-sdk/lib/tinyusb/src -I/home/gpu/het68/pico-sdk/src/rp2_common/tinyusb/include -I/home/gpu/het68/pico-sdk/lib/tinyusb/hw -isystem /home/gpu/het68/pico-sdk/src/common/pico_stdlib_headers/include -isystem /home/gpu/het68/pico-sdk/src/rp2_common/hardware_gpio/include -isystem /home/gpu/het68/pico-sdk/src/common/pico_base_headers/include -isystem /home/gpu/het68/build/generated/pico_base -isystem /home/gpu/het68/pico-sdk/src/boards/include -isystem /home/gpu/het68/pico-sdk/src/rp2350/pico_platform/include -isystem /home/gpu/het68/pico-sdk/src/rp2350/hardware_regs/include -isystem /home/gpu/het68/pico-sdk/src/rp2_common/hardware_base/include -isystem /home/gpu/het68/pico-sdk/src/rp2_common/pico_platform_common/include -isystem /home/gpu/het68/pico-sdk/src/rp2_common/pico_platform_compiler/include -isystem /home/gpu/het68/pico-sdk/src/rp2_common/pico_platform_panic/include -isystem /home/gpu/het68/pico-sdk/src/rp2_common/pico_platform_sections/include -isystem /home/gpu/het68/pico-sdk/src/rp2_common/hardware_dcp/include -isystem /home/gpu/het68/pico-sdk/src/rp2350/hardware_structs/include -isystem /home/gpu/het68/pico-sdk/src/rp2_common/hardware_rcp/include -isystem /home/gpu/het68/pico-sdk/src/common/hardware_claim/include -isystem /home/gpu/het68/pico-sdk/src/rp2_common/hardware_sync/include -isystem /home/gpu/het68/pico-sdk/src/rp2_common/hardware_sync_spin_lock/include -isystem /home/gpu/het68/pico-sdk/src/rp2_common/hardware_irq/include -isystem /home/gpu/het68/pico-sdk/src/rp2_common/hardware_uart/include -isystem /home/gpu/het68/pico-sdk/src/rp2_common/hardware_resets/include -isystem /home/gpu/het68/pico-sdk/src/rp2_common/hardware_clocks/include -isystem /home/gpu/het68/pico-sdk/src/rp2_common/hardware_pll/include -isystem /home/gpu/het68/pico-sdk/src/rp2_common/hardware_vreg/include -isystem /home/gpu/het68/pico-sdk/src/rp2_common/hardware_watchdog/include -isystem /home/gpu/het68/pico-sdk/src/rp2_common/hardware_ticks/include -isystem /home/gpu/het68/pico-sdk/src/rp2_common/pico_bootrom/include -isystem /home/gpu/het68/pico-sdk/src/common/boot_picoboot_headers/include -isystem /home/gpu/het68/pico-sdk/src/rp2_common/boot_bootrom_headers/include -isystem /home/gpu/het68/pico-sdk/src/rp2_common/hardware_boot_lock/include -isystem /home/gpu/het68/pico-sdk/src/rp2_common/pico_flash/include -isystem /home/gpu/het68/pico-sdk/src/common/pico_time/include -isystem /home/gpu/het68/pico-sdk/src/rp2_common/hardware_timer/include -isystem /home/gpu/het68/pico-sdk/src/common/pico_sync/include -isystem /home/gpu/het68/pico-sdk/src/common/pico_util/include -isystem /home/gpu/het68/pico-sdk/src/rp2_common/pico_time_adapter/include -isystem /home/gpu/het68/pico-sdk/src/rp2_common/hardware_xosc/include -isystem /home/gpu/het68/pico-sdk/src/rp2_common/hardware_divider/include -isystem /home/gpu/het68/pico-sdk/src/rp2_common/pico_runtime/include -isystem /home/gpu/het68/pico-sdk/src/rp2_common/pico_runtime_init/include -isystem /home/gpu/het68/pico-sdk/src/common/pico_bit_ops_headers/include -isystem /home/gpu/het68/pico-sdk/src/common/pico_divider_headers/include -isystem /home/gpu/het68/pico-sdk/src/rp2_common/pico_double/include -isystem /home/gpu/het68/pico-sdk/src/rp2_common/pico_float/include -isystem /home/gpu/het68/pico-sdk/src/rp2_common/pico_malloc/include -isystem /home/gpu/het68/pico-sdk/src/common/pico_binary_info/include -isystem /home/gpu/het68/pico-sdk/src/rp2_common/pico_printf/include -isystem /home/gpu/het68/pico-sdk/src/rp2_common/pico_stdio/include -isystem /home/gpu/het68/pico-sdk/src/rp2_common/pico_multicore/include -isystem /home/gpu/het68/pico-sdk/src/common/boot_picobin_headers/include -isystem /home/gpu/het68/pico-sdk/src/rp2350/boot_stage2/include -isystem /home/gpu/het68/pico-sdk/src/rp2_common/hardware_pio/include -isystem /home/gpu/het68/pico-sdk/src/rp2_common/hardware_dma/include -isystem /home/gpu/het68/pico-sdk/src/rp2_common/pico_fix/rp2040_usb_device_enumeration/include -isystem /home/gpu/het68/pico-sdk/src/rp2_common/pico_unique_id/include -isystem /home/gpu/het68/pico-sdk/src/rp2_common/hardware_flash/include -isystem /home/gpu/het68/pico-sdk/src/rp2_common/hardware_xip_cache/include -mcpu=cortex-m33 -mthumb -march=armv8-m.main+fp+dsp -mfloat-abi=softfp -mcmse -g -O3 -DNDEBUG -ffunction-sections -fdata-sections -MD -MT CMakeFiles/pico_6mic_soundcard.dir/pico-sdk/src/rp2_common/pico_platform_panic/panic.c.o -MF CMakeFiles/pico_6mic_soundcard.dir/pico-sdk/src/rp2_common/pico_platform_panic/panic.c.o.d -o CMakeFiles/pico_6mic_soundcard.dir/pico-sdk/src/rp2_common/pico_platform_panic/panic.c.o -c /home/gpu/het68/pico-sdk/src/rp2_common/pico_platform_panic/panic.c
/usr/bin/arm-none-eabi-gcc -DCFG_TUSB_DEBUG=0 -DCFG_TUSB_MCU=OPT_MCU_RP2040 -DCFG_TUSB_OS=OPT_OS_PICO -DLIB_BOOT_STAGE2_HEADERS=1 -DLIB_PICO_ATOMIC=1 -DLIB_PICO_BIT_OPS=1 -DLIB_PICO_BIT_OPS_PICO=1 -DLIB_PICO_CLIB_INTERFACE=1 -DLIB_PICO_CRT0=1 -DLIB_PICO_CXX_OPTIONS=1 -DLIB_PICO_DIVIDER=1 -DLIB_PICO_DIVIDER_COMPILER=1 -DLIB_PICO_DOUBLE=1 -DLIB_PICO_DOUBLE_PICO=1 -DLIB_PICO_FIX_RP2040_USB_DEVICE_ENUMERATION=1 -DLIB_PICO_FLASH=1 -DLIB_PICO_FLOAT=1 -DLIB_PICO_FLOAT_PICO=1 -DLIB_PICO_FLOAT_PICO_VFP=1 -DLIB_PICO_INT64_OPS=1 -DLIB_PICO_INT64_OPS_COMPILER=1 -DLIB_PICO_MALLOC=1 -DLIB_PICO_MEM_OPS=1 -DLIB_PICO_MEM_OPS_COMPILER=1 -DLIB_PICO_NEWLIB_INTERFACE=1 -DLIB_PICO_PLATFORM=1 -DLIB_PICO_PLATFORM_COMMON=1 -DLIB_PICO_PLATFORM_COMPILER=1 -DLIB_PICO_PLATFORM_PANIC=1 -DLIB_PICO_PLATFORM_SECTIONS=1 -DLIB_PICO_PRINTF=1 -DLIB_PICO_PRINTF_PICO=1 -DLIB_PICO_RUNTIME=1 -DLIB_PICO_RUNTIME_INIT=1 -DLIB_PICO_STANDARD_BINARY_INFO=1 -DLIB_PICO_STANDARD_LINK=1 -DLIB_PICO_STDIO=1 -DLIB_PICO_STDLIB=1 -DLIB_PICO_SYNC=1 -DLIB_PICO_SYNC_CRITICAL_SECTION=1 -DLIB_PICO_SYNC_MUTEX=1 -DLIB_PICO_SYNC_SEM=1 -DLIB_PICO_TIME=1 -DLIB_PICO_TIME_ADAPTER=1 -DLIB_PICO_UNIQUE_ID=1 -DLIB_PICO_UTIL=1 -DLIB_TINYUSB_BOARD=1 -DLIB_TINYUSB_DEVICE=1 -DPICO_32BIT=1 -DPICO_BOARD=\"pico2\" -DPICO_BUILD=1 -DPICO_CMAKE_BUILD_TYPE=\"Release\" -DPICO_COPY_TO_RAM=0 -DPICO_CXX_ENABLE_EXCEPTIONS=0 -DPICO_NO_FLASH=0 -DPICO_NO_HARDWARE=0 -DPICO_ON_DEVICE=1 -DPICO_RP2040_USB_DEVICE_UFRAME_FIX=1 -DPICO_RP2350=1 -DPICO_TARGET_NAME=\"pico_6mic_soundcard\" -DPICO_USE_BLOCKED_RAM=0 -I/home/gpu/het68/build -I/home/gpu/het68 -I/home/gpu/het68/pico-sdk/src/rp2_common/pico_atomic/include -I/home/gpu/het68/pico-sdk/lib/tinyusb/src -I/home/gpu/het68/pico-sdk/src/rp2_common/tinyusb/include -I/home/gpu/het68/pico-sdk/lib/tinyusb/hw -isystem /home/gpu/het68/pico-sdk/src/common/pico_stdlib_headers/include -isystem /home/gpu/het68/pico-sdk/src/rp2_common/hardware_gpio/include -isystem /home/gpu/het68/pico-sdk/src/common/pico_base_headers/include -isystem /home/gpu/het68/build/generated/pico_base -isystem /home/gpu/het68/pico-sdk/src/boards/include -isystem /home/gpu/het68/pico-sdk/src/rp2350/pico_platform/include -isystem /home/gpu/het68/pico-sdk/src/rp2350/hardware_regs/include -isystem /home/gpu/het68/pico-sdk/src/rp2_common/hardware_base/include -isystem /home/gpu/het68/pico-sdk/src/rp2_common/pico_platform_common/include -isystem /home/gpu/het68/pico-sdk/src/rp2_common/pico_platform_compiler/include -isystem /home/gpu/het68/pico-sdk/src/rp2_common/pico_platform_panic/include -isystem /home/gpu/het68/pico-sdk/src/rp2_common/pico_platform_sections/include -isystem /home/gpu/het68/pico-sdk/src/rp2_common/hardware_dcp/include -isystem /home/gpu/het68/pico-sdk/src/rp2350/hardware_structs/include -isystem /home/gpu/het68/pico-sdk/src/rp2_common/hardware_rcp/include -isystem /home/gpu/het68/pico-sdk/src/common/hardware_claim/include -isystem /home/gpu/het68/pico-sdk/src/rp2_common/hardware_sync/include -isystem /home/gpu/het68/pico-sdk/src/rp2_common/hardware_sync_spin_lock/include -isystem /home/gpu/het68/pico-sdk/src/rp2_common/hardware_irq/include -isystem /home/gpu/het68/pico-sdk/src/rp2_common/hardware_uart/include -isystem /home/gpu/het68/pico-sdk/src/rp2_common/hardware_resets/include -isystem /home/gpu/het68/pico-sdk/src/rp2_common/hardware_clocks/include -isystem /home/gpu/het68/pico-sdk/src/rp2_common/hardware_pll/include -isystem /home/gpu/het68/pico-sdk/src/rp2_common/hardware_vreg/include -isystem /home/gpu/het68/pico-sdk/src/rp2_common/hardware_watchdog/include -isystem /home/gpu/het68/pico-sdk/src/rp2_common/hardware_ticks/include -isystem /home/gpu/het68/pico-sdk/src/rp2_common/pico_bootrom/include -isystem /home/gpu/het68/pico-sdk/src/common/boot_picoboot_headers/include -isystem /home/gpu/het68/pico-sdk/src/rp2_common/boot_bootrom_headers/include -isystem /home/gpu/het68/pico-sdk/src/rp2_common/hardware_boot_lock/include -isystem /home/gpu/het68/pico-sdk/src/rp2_common/pico_flash/include -isystem /home/gpu/het68/pico-sdk/src/common/pico_time/include -isystem /home/gpu/het68/pico-sdk/src/rp2_common/hardware_timer/include -isystem /home/gpu/het68/pico-sdk/src/common/pico_sync/include -isystem /home/gpu/het68/pico-sdk/src/common/pico_util/include -isystem /home/gpu/het68/pico-sdk/src/rp2_common/pico_time_adapter/include -isystem /home/gpu/het68/pico-sdk/src/rp2_common/hardware_xosc/include -isystem /home/gpu/het68/pico-sdk/src/rp2_common/hardware_divider/include -isystem /home/gpu/het68/pico-sdk/src/rp2_common/pico_runtime/include -isystem /home/gpu/het68/pico-sdk/src/rp2_common/pico_runtime_init/include -isystem /home/gpu/het68/pico-sdk/src/common/pico_bit_ops_headers/include -isystem /home/gpu/het68/pico-sdk/src/common/pico_divider_headers/include -isystem /home/gpu/het68/pico-sdk/src/rp2_common/pico_double/include -isystem /home/gpu/het68/pico-sdk/src/rp2_common/pico_float/include -isystem /home/gpu/het68/pico-sdk/src/rp2_common/pico_malloc/include -isystem /home/gpu/het68/pico-sdk/src/common/pico_binary_info/include -isystem /home/gpu/het68/pico-sdk/src/rp2_common/pico_printf/include -isystem /home/gpu/het68/pico-sdk/src/rp2_common/pico_stdio/include -isystem /home/gpu/het68/pico-sdk/src/rp2_common/pico_multicore/include -isystem /home/gpu/het68/pico-sdk/src/common/boot_picobin_headers/include -isystem /home/gpu/het68/pico-sdk/src/rp2350/boot_stage2/include -isystem /home/gpu/het68/pico-sdk/src/rp2_common/hardware_pio/include -isystem /home/gpu/het68/pico-sdk/src/rp2_common/hardware_dma/include -isystem /home/gpu/het68/pico-sdk/src/rp2_common/pico_fix/rp2040_usb_device_enumeration/include -isystem /home/gpu/het68/pico-sdk/src/rp2_common/pico_unique_id/include -isystem /home/gpu/het68/pico-sdk/src/rp2_common/hardware_flash/include -isystem /home/gpu/het68/pico-sdk/src/rp2_common/hardware_xip_cache/include -mcpu=cortex-m33 -mthumb -march=armv8-m.main+fp+dsp -mfloat-abi=softfp -mcmse -g -O3 -DNDEBUG -ffunction-sections -fdata-sections -MD -MT CMakeFiles/pico_6mic_soundcard.dir/pico-sdk/src/rp2350/pico_platform/platform.c.o -MF CMakeFiles/pico_6mic_soundcard.dir/pico-sdk/src/rp2350/pico_platform/platform.c.o.d -o CMakeFiles/pico_6mic_soundcard.dir/pico-sdk/src/rp2350/pico_platform/platform.c.o -c /home/gpu/het68/pico-sdk/src/rp2350/pico_platform/platform.c
[ 32%] Building C object CMakeFiles/pico_6mic_soundcard.dir/pico-sdk/src/rp2_common/hardware_sync_spin_lock/sync_spin_lock.c.o
[ 29%] Building C object CMakeFiles/pico_6mic_soundcard.dir/pico-sdk/src/common/hardware_claim/claim.c.o
/usr/bin/arm-none-eabi-gcc -DCFG_TUSB_DEBUG=0 -DCFG_TUSB_MCU=OPT_MCU_RP2040 -DCFG_TUSB_OS=OPT_OS_PICO -DLIB_BOOT_STAGE2_HEADERS=1 -DLIB_PICO_ATOMIC=1 -DLIB_PICO_BIT_OPS=1 -DLIB_PICO_BIT_OPS_PICO=1 -DLIB_PICO_CLIB_INTERFACE=1 -DLIB_PICO_CRT0=1 -DLIB_PICO_CXX_OPTIONS=1 -DLIB_PICO_DIVIDER=1 -DLIB_PICO_DIVIDER_COMPILER=1 -DLIB_PICO_DOUBLE=1 -DLIB_PICO_DOUBLE_PICO=1 -DLIB_PICO_FIX_RP2040_USB_DEVICE_ENUMERATION=1 -DLIB_PICO_FLASH=1 -DLIB_PICO_FLOAT=1 -DLIB_PICO_FLOAT_PICO=1 -DLIB_PICO_FLOAT_PICO_VFP=1 -DLIB_PICO_INT64_OPS=1 -DLIB_PICO_INT64_OPS_COMPILER=1 -DLIB_PICO_MALLOC=1 -DLIB_PICO_MEM_OPS=1 -DLIB_PICO_MEM_OPS_COMPILER=1 -DLIB_PICO_NEWLIB_INTERFACE=1 -DLIB_PICO_PLATFORM=1 -DLIB_PICO_PLATFORM_COMMON=1 -DLIB_PICO_PLATFORM_COMPILER=1 -DLIB_PICO_PLATFORM_PANIC=1 -DLIB_PICO_PLATFORM_SECTIONS=1 -DLIB_PICO_PRINTF=1 -DLIB_PICO_PRINTF_PICO=1 -DLIB_PICO_RUNTIME=1 -DLIB_PICO_RUNTIME_INIT=1 -DLIB_PICO_STANDARD_BINARY_INFO=1 -DLIB_PICO_STANDARD_LINK=1 -DLIB_PICO_STDIO=1 -DLIB_PICO_STDLIB=1 -DLIB_PICO_SYNC=1 -DLIB_PICO_SYNC_CRITICAL_SECTION=1 -DLIB_PICO_SYNC_MUTEX=1 -DLIB_PICO_SYNC_SEM=1 -DLIB_PICO_TIME=1 -DLIB_PICO_TIME_ADAPTER=1 -DLIB_PICO_UNIQUE_ID=1 -DLIB_PICO_UTIL=1 -DLIB_TINYUSB_BOARD=1 -DLIB_TINYUSB_DEVICE=1 -DPICO_32BIT=1 -DPICO_BOARD=\"pico2\" -DPICO_BUILD=1 -DPICO_CMAKE_BUILD_TYPE=\"Release\" -DPICO_COPY_TO_RAM=0 -DPICO_CXX_ENABLE_EXCEPTIONS=0 -DPICO_NO_FLASH=0 -DPICO_NO_HARDWARE=0 -DPICO_ON_DEVICE=1 -DPICO_RP2040_USB_DEVICE_UFRAME_FIX=1 -DPICO_RP2350=1 -DPICO_TARGET_NAME=\"pico_6mic_soundcard\" -DPICO_USE_BLOCKED_RAM=0 -I/home/gpu/het68/build -I/home/gpu/het68 -I/home/gpu/het68/pico-sdk/src/rp2_common/pico_atomic/include -I/home/gpu/het68/pico-sdk/lib/tinyusb/src -I/home/gpu/het68/pico-sdk/src/rp2_common/tinyusb/include -I/home/gpu/het68/pico-sdk/lib/tinyusb/hw -isystem /home/gpu/het68/pico-sdk/src/common/pico_stdlib_headers/include -isystem /home/gpu/het68/pico-sdk/src/rp2_common/hardware_gpio/include -isystem /home/gpu/het68/pico-sdk/src/common/pico_base_headers/include -isystem /home/gpu/het68/build/generated/pico_base -isystem /home/gpu/het68/pico-sdk/src/boards/include -isystem /home/gpu/het68/pico-sdk/src/rp2350/pico_platform/include -isystem /home/gpu/het68/pico-sdk/src/rp2350/hardware_regs/include -isystem /home/gpu/het68/pico-sdk/src/rp2_common/hardware_base/include -isystem /home/gpu/het68/pico-sdk/src/rp2_common/pico_platform_common/include -isystem /home/gpu/het68/pico-sdk/src/rp2_common/pico_platform_compiler/include -isystem /home/gpu/het68/pico-sdk/src/rp2_common/pico_platform_panic/include -isystem /home/gpu/het68/pico-sdk/src/rp2_common/pico_platform_sections/include -isystem /home/gpu/het68/pico-sdk/src/rp2_common/hardware_dcp/include -isystem /home/gpu/het68/pico-sdk/src/rp2350/hardware_structs/include -isystem /home/gpu/het68/pico-sdk/src/rp2_common/hardware_rcp/include -isystem /home/gpu/het68/pico-sdk/src/common/hardware_claim/include -isystem /home/gpu/het68/pico-sdk/src/rp2_common/hardware_sync/include -isystem /home/gpu/het68/pico-sdk/src/rp2_common/hardware_sync_spin_lock/include -isystem /home/gpu/het68/pico-sdk/src/rp2_common/hardware_irq/include -isystem /home/gpu/het68/pico-sdk/src/rp2_common/hardware_uart/include -isystem /home/gpu/het68/pico-sdk/src/rp2_common/hardware_resets/include -isystem /home/gpu/het68/pico-sdk/src/rp2_common/hardware_clocks/include -isystem /home/gpu/het68/pico-sdk/src/rp2_common/hardware_pll/include -isystem /home/gpu/het68/pico-sdk/src/rp2_common/hardware_vreg/include -isystem /home/gpu/het68/pico-sdk/src/rp2_common/hardware_watchdog/include -isystem /home/gpu/het68/pico-sdk/src/rp2_common/hardware_ticks/include -isystem /home/gpu/het68/pico-sdk/src/rp2_common/pico_bootrom/include -isystem /home/gpu/het68/pico-sdk/src/common/boot_picoboot_headers/include -isystem /home/gpu/het68/pico-sdk/src/rp2_common/boot_bootrom_headers/include -isystem /home/gpu/het68/pico-sdk/src/rp2_common/hardware_boot_lock/include -isystem /home/gpu/het68/pico-sdk/src/rp2_common/pico_flash/include -isystem /home/gpu/het68/pico-sdk/src/common/pico_time/include -isystem /home/gpu/het68/pico-sdk/src/rp2_common/hardware_timer/include -isystem /home/gpu/het68/pico-sdk/src/common/pico_sync/include -isystem /home/gpu/het68/pico-sdk/src/common/pico_util/include -isystem /home/gpu/het68/pico-sdk/src/rp2_common/pico_time_adapter/include -isystem /home/gpu/het68/pico-sdk/src/rp2_common/hardware_xosc/include -isystem /home/gpu/het68/pico-sdk/src/rp2_common/hardware_divider/include -isystem /home/gpu/het68/pico-sdk/src/rp2_common/pico_runtime/include -isystem /home/gpu/het68/pico-sdk/src/rp2_common/pico_runtime_init/include -isystem /home/gpu/het68/pico-sdk/src/common/pico_bit_ops_headers/include -isystem /home/gpu/het68/pico-sdk/src/common/pico_divider_headers/include -isystem /home/gpu/het68/pico-sdk/src/rp2_common/pico_double/include -isystem /home/gpu/het68/pico-sdk/src/rp2_common/pico_float/include -isystem /home/gpu/het68/pico-sdk/src/rp2_common/pico_malloc/include -isystem /home/gpu/het68/pico-sdk/src/common/pico_binary_info/include -isystem /home/gpu/het68/pico-sdk/src/rp2_common/pico_printf/include -isystem /home/gpu/het68/pico-sdk/src/rp2_common/pico_stdio/include -isystem /home/gpu/het68/pico-sdk/src/rp2_common/pico_multicore/include -isystem /home/gpu/het68/pico-sdk/src/common/boot_picobin_headers/include -isystem /home/gpu/het68/pico-sdk/src/rp2350/boot_stage2/include -isystem /home/gpu/het68/pico-sdk/src/rp2_common/hardware_pio/include -isystem /home/gpu/het68/pico-sdk/src/rp2_common/hardware_dma/include -isystem /home/gpu/het68/pico-sdk/src/rp2_common/pico_fix/rp2040_usb_device_enumeration/include -isystem /home/gpu/het68/pico-sdk/src/rp2_common/pico_unique_id/include -isystem /home/gpu/het68/pico-sdk/src/rp2_common/hardware_flash/include -isystem /home/gpu/het68/pico-sdk/src/rp2_common/hardware_xip_cache/include -mcpu=cortex-m33 -mthumb -march=armv8-m.main+fp+dsp -mfloat-abi=softfp -mcmse -g -O3 -DNDEBUG -ffunction-sections -fdata-sections -MD -MT CMakeFiles/pico_6mic_soundcard.dir/pico-sdk/src/common/pico_sync/lock_core.c.o -MF CMakeFiles/pico_6mic_soundcard.dir/pico-sdk/src/common/pico_sync/lock_core.c.o.d -o CMakeFiles/pico_6mic_soundcard.dir/pico-sdk/src/common/pico_sync/lock_core.c.o -c /home/gpu/het68/pico-sdk/src/common/pico_sync/lock_core.c
/usr/bin/arm-none-eabi-gcc -DCFG_TUSB_DEBUG=0 -DCFG_TUSB_MCU=OPT_MCU_RP2040 -DCFG_TUSB_OS=OPT_OS_PICO -DLIB_BOOT_STAGE2_HEADERS=1 -DLIB_PICO_ATOMIC=1 -DLIB_PICO_BIT_OPS=1 -DLIB_PICO_BIT_OPS_PICO=1 -DLIB_PICO_CLIB_INTERFACE=1 -DLIB_PICO_CRT0=1 -DLIB_PICO_CXX_OPTIONS=1 -DLIB_PICO_DIVIDER=1 -DLIB_PICO_DIVIDER_COMPILER=1 -DLIB_PICO_DOUBLE=1 -DLIB_PICO_DOUBLE_PICO=1 -DLIB_PICO_FIX_RP2040_USB_DEVICE_ENUMERATION=1 -DLIB_PICO_FLASH=1 -DLIB_PICO_FLOAT=1 -DLIB_PICO_FLOAT_PICO=1 -DLIB_PICO_FLOAT_PICO_VFP=1 -DLIB_PICO_INT64_OPS=1 -DLIB_PICO_INT64_OPS_COMPILER=1 -DLIB_PICO_MALLOC=1 -DLIB_PICO_MEM_OPS=1 -DLIB_PICO_MEM_OPS_COMPILER=1 -DLIB_PICO_NEWLIB_INTERFACE=1 -DLIB_PICO_PLATFORM=1 -DLIB_PICO_PLATFORM_COMMON=1 -DLIB_PICO_PLATFORM_COMPILER=1 -DLIB_PICO_PLATFORM_PANIC=1 -DLIB_PICO_PLATFORM_SECTIONS=1 -DLIB_PICO_PRINTF=1 -DLIB_PICO_PRINTF_PICO=1 -DLIB_PICO_RUNTIME=1 -DLIB_PICO_RUNTIME_INIT=1 -DLIB_PICO_STANDARD_BINARY_INFO=1 -DLIB_PICO_STANDARD_LINK=1 -DLIB_PICO_STDIO=1 -DLIB_PICO_STDLIB=1 -DLIB_PICO_SYNC=1 -DLIB_PICO_SYNC_CRITICAL_SECTION=1 -DLIB_PICO_SYNC_MUTEX=1 -DLIB_PICO_SYNC_SEM=1 -DLIB_PICO_TIME=1 -DLIB_PICO_TIME_ADAPTER=1 -DLIB_PICO_UNIQUE_ID=1 -DLIB_PICO_UTIL=1 -DLIB_TINYUSB_BOARD=1 -DLIB_TINYUSB_DEVICE=1 -DPICO_32BIT=1 -DPICO_BOARD=\"pico2\" -DPICO_BUILD=1 -DPICO_CMAKE_BUILD_TYPE=\"Release\" -DPICO_COPY_TO_RAM=0 -DPICO_CXX_ENABLE_EXCEPTIONS=0 -DPICO_NO_FLASH=0 -DPICO_NO_HARDWARE=0 -DPICO_ON_DEVICE=1 -DPICO_RP2040_USB_DEVICE_UFRAME_FIX=1 -DPICO_RP2350=1 -DPICO_TARGET_NAME=\"pico_6mic_soundcard\" -DPICO_USE_BLOCKED_RAM=0 -I/home/gpu/het68/build -I/home/gpu/het68 -I/home/gpu/het68/pico-sdk/src/rp2_common/pico_atomic/include -I/home/gpu/het68/pico-sdk/lib/tinyusb/src -I/home/gpu/het68/pico-sdk/src/rp2_common/tinyusb/include -I/home/gpu/het68/pico-sdk/lib/tinyusb/hw -isystem /home/gpu/het68/pico-sdk/src/common/pico_stdlib_headers/include -isystem /home/gpu/het68/pico-sdk/src/rp2_common/hardware_gpio/include -isystem /home/gpu/het68/pico-sdk/src/common/pico_base_headers/include -isystem /home/gpu/het68/build/generated/pico_base -isystem /home/gpu/het68/pico-sdk/src/boards/include -isystem /home/gpu/het68/pico-sdk/src/rp2350/pico_platform/include -isystem /home/gpu/het68/pico-sdk/src/rp2350/hardware_regs/include -isystem /home/gpu/het68/pico-sdk/src/rp2_common/hardware_base/include -isystem /home/gpu/het68/pico-sdk/src/rp2_common/pico_platform_common/include -isystem /home/gpu/het68/pico-sdk/src/rp2_common/pico_platform_compiler/include -isystem /home/gpu/het68/pico-sdk/src/rp2_common/pico_platform_panic/include -isystem /home/gpu/het68/pico-sdk/src/rp2_common/pico_platform_sections/include -isystem /home/gpu/het68/pico-sdk/src/rp2_common/hardware_dcp/include -isystem /home/gpu/het68/pico-sdk/src/rp2350/hardware_structs/include -isystem /home/gpu/het68/pico-sdk/src/rp2_common/hardware_rcp/include -isystem /home/gpu/het68/pico-sdk/src/common/hardware_claim/include -isystem /home/gpu/het68/pico-sdk/src/rp2_common/hardware_sync/include -isystem /home/gpu/het68/pico-sdk/src/rp2_common/hardware_sync_spin_lock/include -isystem /home/gpu/het68/pico-sdk/src/rp2_common/hardware_irq/include -isystem /home/gpu/het68/pico-sdk/src/rp2_common/hardware_uart/include -isystem /home/gpu/het68/pico-sdk/src/rp2_common/hardware_resets/include -isystem /home/gpu/het68/pico-sdk/src/rp2_common/hardware_clocks/include -isystem /home/gpu/het68/pico-sdk/src/rp2_common/hardware_pll/include -isystem /home/gpu/het68/pico-sdk/src/rp2_common/hardware_vreg/include -isystem /home/gpu/het68/pico-sdk/src/rp2_common/hardware_watchdog/include -isystem /home/gpu/het68/pico-sdk/src/rp2_common/hardware_ticks/include -isystem /home/gpu/het68/pico-sdk/src/rp2_common/pico_bootrom/include -isystem /home/gpu/het68/pico-sdk/src/common/boot_picoboot_headers/include -isystem /home/gpu/het68/pico-sdk/src/rp2_common/boot_bootrom_headers/include -isystem /home/gpu/het68/pico-sdk/src/rp2_common/hardware_boot_lock/include -isystem /home/gpu/het68/pico-sdk/src/rp2_common/pico_flash/include -isystem /home/gpu/het68/pico-sdk/src/common/pico_time/include -isystem /home/gpu/het68/pico-sdk/src/rp2_common/hardware_timer/include -isystem /home/gpu/het68/pico-sdk/src/common/pico_sync/include -isystem /home/gpu/het68/pico-sdk/src/common/pico_util/include -isystem /home/gpu/het68/pico-sdk/src/rp2_common/pico_time_adapter/include -isystem /home/gpu/het68/pico-sdk/src/rp2_common/hardware_xosc/include -isystem /home/gpu/het68/pico-sdk/src/rp2_common/hardware_divider/include -isystem /home/gpu/het68/pico-sdk/src/rp2_common/pico_runtime/include -isystem /home/gpu/het68/pico-sdk/src/rp2_common/pico_runtime_init/include -isystem /home/gpu/het68/pico-sdk/src/common/pico_bit_ops_headers/include -isystem /home/gpu/het68/pico-sdk/src/common/pico_divider_headers/include -isystem /home/gpu/het68/pico-sdk/src/rp2_common/pico_double/include -isystem /home/gpu/het68/pico-sdk/src/rp2_common/pico_float/include -isystem /home/gpu/het68/pico-sdk/src/rp2_common/pico_malloc/include -isystem /home/gpu/het68/pico-sdk/src/common/pico_binary_info/include -isystem /home/gpu/het68/pico-sdk/src/rp2_common/pico_printf/include -isystem /home/gpu/het68/pico-sdk/src/rp2_common/pico_stdio/include -isystem /home/gpu/het68/pico-sdk/src/rp2_common/pico_multicore/include -isystem /home/gpu/het68/pico-sdk/src/common/boot_picobin_headers/include -isystem /home/gpu/het68/pico-sdk/src/rp2350/boot_stage2/include -isystem /home/gpu/het68/pico-sdk/src/rp2_common/hardware_pio/include -isystem /home/gpu/het68/pico-sdk/src/rp2_common/hardware_dma/include -isystem /home/gpu/het68/pico-sdk/src/rp2_common/pico_fix/rp2040_usb_device_enumeration/include -isystem /home/gpu/het68/pico-sdk/src/rp2_common/pico_unique_id/include -isystem /home/gpu/het68/pico-sdk/src/rp2_common/hardware_flash/include -isystem /home/gpu/het68/pico-sdk/src/rp2_common/hardware_xip_cache/include -mcpu=cortex-m33 -mthumb -march=armv8-m.main+fp+dsp -mfloat-abi=softfp -mcmse -g -O3 -DNDEBUG -ffunction-sections -fdata-sections -MD -MT CMakeFiles/pico_6mic_soundcard.dir/pico-sdk/src/common/pico_sync/critical_section.c.o -MF CMakeFiles/pico_6mic_soundcard.dir/pico-sdk/src/common/pico_sync/critical_section.c.o.d -o CMakeFiles/pico_6mic_soundcard.dir/pico-sdk/src/common/pico_sync/critical_section.c.o -c /home/gpu/het68/pico-sdk/src/common/pico_sync/critical_section.c
/usr/bin/arm-none-eabi-gcc -DCFG_TUSB_DEBUG=0 -DCFG_TUSB_MCU=OPT_MCU_RP2040 -DCFG_TUSB_OS=OPT_OS_PICO -DLIB_BOOT_STAGE2_HEADERS=1 -DLIB_PICO_ATOMIC=1 -DLIB_PICO_BIT_OPS=1 -DLIB_PICO_BIT_OPS_PICO=1 -DLIB_PICO_CLIB_INTERFACE=1 -DLIB_PICO_CRT0=1 -DLIB_PICO_CXX_OPTIONS=1 -DLIB_PICO_DIVIDER=1 -DLIB_PICO_DIVIDER_COMPILER=1 -DLIB_PICO_DOUBLE=1 -DLIB_PICO_DOUBLE_PICO=1 -DLIB_PICO_FIX_RP2040_USB_DEVICE_ENUMERATION=1 -DLIB_PICO_FLASH=1 -DLIB_PICO_FLOAT=1 -DLIB_PICO_FLOAT_PICO=1 -DLIB_PICO_FLOAT_PICO_VFP=1 -DLIB_PICO_INT64_OPS=1 -DLIB_PICO_INT64_OPS_COMPILER=1 -DLIB_PICO_MALLOC=1 -DLIB_PICO_MEM_OPS=1 -DLIB_PICO_MEM_OPS_COMPILER=1 -DLIB_PICO_NEWLIB_INTERFACE=1 -DLIB_PICO_PLATFORM=1 -DLIB_PICO_PLATFORM_COMMON=1 -DLIB_PICO_PLATFORM_COMPILER=1 -DLIB_PICO_PLATFORM_PANIC=1 -DLIB_PICO_PLATFORM_SECTIONS=1 -DLIB_PICO_PRINTF=1 -DLIB_PICO_PRINTF_PICO=1 -DLIB_PICO_RUNTIME=1 -DLIB_PICO_RUNTIME_INIT=1 -DLIB_PICO_STANDARD_BINARY_INFO=1 -DLIB_PICO_STANDARD_LINK=1 -DLIB_PICO_STDIO=1 -DLIB_PICO_STDLIB=1 -DLIB_PICO_SYNC=1 -DLIB_PICO_SYNC_CRITICAL_SECTION=1 -DLIB_PICO_SYNC_MUTEX=1 -DLIB_PICO_SYNC_SEM=1 -DLIB_PICO_TIME=1 -DLIB_PICO_TIME_ADAPTER=1 -DLIB_PICO_UNIQUE_ID=1 -DLIB_PICO_UTIL=1 -DLIB_TINYUSB_BOARD=1 -DLIB_TINYUSB_DEVICE=1 -DPICO_32BIT=1 -DPICO_BOARD=\"pico2\" -DPICO_BUILD=1 -DPICO_CMAKE_BUILD_TYPE=\"Release\" -DPICO_COPY_TO_RAM=0 -DPICO_CXX_ENABLE_EXCEPTIONS=0 -DPICO_NO_FLASH=0 -DPICO_NO_HARDWARE=0 -DPICO_ON_DEVICE=1 -DPICO_RP2040_USB_DEVICE_UFRAME_FIX=1 -DPICO_RP2350=1 -DPICO_TARGET_NAME=\"pico_6mic_soundcard\" -DPICO_USE_BLOCKED_RAM=0 -I/home/gpu/het68/build -I/home/gpu/het68 -I/home/gpu/het68/pico-sdk/src/rp2_common/pico_atomic/include -I/home/gpu/het68/pico-sdk/lib/tinyusb/src -I/home/gpu/het68/pico-sdk/src/rp2_common/tinyusb/include -I/home/gpu/het68/pico-sdk/lib/tinyusb/hw -isystem /home/gpu/het68/pico-sdk/src/common/pico_stdlib_headers/include -isystem /home/gpu/het68/pico-sdk/src/rp2_common/hardware_gpio/include -isystem /home/gpu/het68/pico-sdk/src/common/pico_base_headers/include -isystem /home/gpu/het68/build/generated/pico_base -isystem /home/gpu/het68/pico-sdk/src/boards/include -isystem /home/gpu/het68/pico-sdk/src/rp2350/pico_platform/include -isystem /home/gpu/het68/pico-sdk/src/rp2350/hardware_regs/include -isystem /home/gpu/het68/pico-sdk/src/rp2_common/hardware_base/include -isystem /home/gpu/het68/pico-sdk/src/rp2_common/pico_platform_common/include -isystem /home/gpu/het68/pico-sdk/src/rp2_common/pico_platform_compiler/include -isystem /home/gpu/het68/pico-sdk/src/rp2_common/pico_platform_panic/include -isystem /home/gpu/het68/pico-sdk/src/rp2_common/pico_platform_sections/include -isystem /home/gpu/het68/pico-sdk/src/rp2_common/hardware_dcp/include -isystem /home/gpu/het68/pico-sdk/src/rp2350/hardware_structs/include -isystem /home/gpu/het68/pico-sdk/src/rp2_common/hardware_rcp/include -isystem /home/gpu/het68/pico-sdk/src/common/hardware_claim/include -isystem /home/gpu/het68/pico-sdk/src/rp2_common/hardware_sync/include -isystem /home/gpu/het68/pico-sdk/src/rp2_common/hardware_sync_spin_lock/include -isystem /home/gpu/het68/pico-sdk/src/rp2_common/hardware_irq/include -isystem /home/gpu/het68/pico-sdk/src/rp2_common/hardware_uart/include -isystem /home/gpu/het68/pico-sdk/src/rp2_common/hardware_resets/include -isystem /home/gpu/het68/pico-sdk/src/rp2_common/hardware_clocks/include -isystem /home/gpu/het68/pico-sdk/src/rp2_common/hardware_pll/include -isystem /home/gpu/het68/pico-sdk/src/rp2_common/hardware_vreg/include -isystem /home/gpu/het68/pico-sdk/src/rp2_common/hardware_watchdog/include -isystem /home/gpu/het68/pico-sdk/src/rp2_common/hardware_ticks/include -isystem /home/gpu/het68/pico-sdk/src/rp2_common/pico_bootrom/include -isystem /home/gpu/het68/pico-sdk/src/common/boot_picoboot_headers/include -isystem /home/gpu/het68/pico-sdk/src/rp2_common/boot_bootrom_headers/include -isystem /home/gpu/het68/pico-sdk/src/rp2_common/hardware_boot_lock/include -isystem /home/gpu/het68/pico-sdk/src/rp2_common/pico_flash/include -isystem /home/gpu/het68/pico-sdk/src/common/pico_time/include -isystem /home/gpu/het68/pico-sdk/src/rp2_common/hardware_timer/include -isystem /home/gpu/het68/pico-sdk/src/common/pico_sync/include -isystem /home/gpu/het68/pico-sdk/src/common/pico_util/include -isystem /home/gpu/het68/pico-sdk/src/rp2_common/pico_time_adapter/include -isystem /home/gpu/het68/pico-sdk/src/rp2_common/hardware_xosc/include -isystem /home/gpu/het68/pico-sdk/src/rp2_common/hardware_divider/include -isystem /home/gpu/het68/pico-sdk/src/rp2_common/pico_runtime/include -isystem /home/gpu/het68/pico-sdk/src/rp2_common/pico_runtime_init/include -isystem /home/gpu/het68/pico-sdk/src/common/pico_bit_ops_headers/include -isystem /home/gpu/het68/pico-sdk/src/common/pico_divider_headers/include -isystem /home/gpu/het68/pico-sdk/src/rp2_common/pico_double/include -isystem /home/gpu/het68/pico-sdk/src/rp2_common/pico_float/include -isystem /home/gpu/het68/pico-sdk/src/rp2_common/pico_malloc/include -isystem /home/gpu/het68/pico-sdk/src/common/pico_binary_info/include -isystem /home/gpu/het68/pico-sdk/src/rp2_common/pico_printf/include -isystem /home/gpu/het68/pico-sdk/src/rp2_common/pico_stdio/include -isystem /home/gpu/het68/pico-sdk/src/rp2_common/pico_multicore/include -isystem /home/gpu/het68/pico-sdk/src/common/boot_picobin_headers/include -isystem /home/gpu/het68/pico-sdk/src/rp2350/boot_stage2/include -isystem /home/gpu/het68/pico-sdk/src/rp2_common/hardware_pio/include -isystem /home/gpu/het68/pico-sdk/src/rp2_common/hardware_dma/include -isystem /home/gpu/het68/pico-sdk/src/rp2_common/pico_fix/rp2040_usb_device_enumeration/include -isystem /home/gpu/het68/pico-sdk/src/rp2_common/pico_unique_id/include -isystem /home/gpu/het68/pico-sdk/src/rp2_common/hardware_flash/include -isystem /home/gpu/het68/pico-sdk/src/rp2_common/hardware_xip_cache/include -mcpu=cortex-m33 -mthumb -march=armv8-m.main+fp+dsp -mfloat-abi=softfp -mcmse -g -O3 -DNDEBUG -ffunction-sections -fdata-sections -MD -MT CMakeFiles/pico_6mic_soundcard.dir/pico-sdk/src/common/hardware_claim/claim.c.o -MF CMakeFiles/pico_6mic_soundcard.dir/pico-sdk/src/common/hardware_claim/claim.c.o.d -o CMakeFiles/pico_6mic_soundcard.dir/pico-sdk/src/common/hardware_claim/claim.c.o -c /home/gpu/het68/pico-sdk/src/common/hardware_claim/claim.c
/usr/bin/arm-none-eabi-gcc -DCFG_TUSB_DEBUG=0 -DCFG_TUSB_MCU=OPT_MCU_RP2040 -DCFG_TUSB_OS=OPT_OS_PICO -DLIB_BOOT_STAGE2_HEADERS=1 -DLIB_PICO_ATOMIC=1 -DLIB_PICO_BIT_OPS=1 -DLIB_PICO_BIT_OPS_PICO=1 -DLIB_PICO_CLIB_INTERFACE=1 -DLIB_PICO_CRT0=1 -DLIB_PICO_CXX_OPTIONS=1 -DLIB_PICO_DIVIDER=1 -DLIB_PICO_DIVIDER_COMPILER=1 -DLIB_PICO_DOUBLE=1 -DLIB_PICO_DOUBLE_PICO=1 -DLIB_PICO_FIX_RP2040_USB_DEVICE_ENUMERATION=1 -DLIB_PICO_FLASH=1 -DLIB_PICO_FLOAT=1 -DLIB_PICO_FLOAT_PICO=1 -DLIB_PICO_FLOAT_PICO_VFP=1 -DLIB_PICO_INT64_OPS=1 -DLIB_PICO_INT64_OPS_COMPILER=1 -DLIB_PICO_MALLOC=1 -DLIB_PICO_MEM_OPS=1 -DLIB_PICO_MEM_OPS_COMPILER=1 -DLIB_PICO_NEWLIB_INTERFACE=1 -DLIB_PICO_PLATFORM=1 -DLIB_PICO_PLATFORM_COMMON=1 -DLIB_PICO_PLATFORM_COMPILER=1 -DLIB_PICO_PLATFORM_PANIC=1 -DLIB_PICO_PLATFORM_SECTIONS=1 -DLIB_PICO_PRINTF=1 -DLIB_PICO_PRINTF_PICO=1 -DLIB_PICO_RUNTIME=1 -DLIB_PICO_RUNTIME_INIT=1 -DLIB_PICO_STANDARD_BINARY_INFO=1 -DLIB_PICO_STANDARD_LINK=1 -DLIB_PICO_STDIO=1 -DLIB_PICO_STDLIB=1 -DLIB_PICO_SYNC=1 -DLIB_PICO_SYNC_CRITICAL_SECTION=1 -DLIB_PICO_SYNC_MUTEX=1 -DLIB_PICO_SYNC_SEM=1 -DLIB_PICO_TIME=1 -DLIB_PICO_TIME_ADAPTER=1 -DLIB_PICO_UNIQUE_ID=1 -DLIB_PICO_UTIL=1 -DLIB_TINYUSB_BOARD=1 -DLIB_TINYUSB_DEVICE=1 -DPICO_32BIT=1 -DPICO_BOARD=\"pico2\" -DPICO_BUILD=1 -DPICO_CMAKE_BUILD_TYPE=\"Release\" -DPICO_COPY_TO_RAM=0 -DPICO_CXX_ENABLE_EXCEPTIONS=0 -DPICO_NO_FLASH=0 -DPICO_NO_HARDWARE=0 -DPICO_ON_DEVICE=1 -DPICO_RP2040_USB_DEVICE_UFRAME_FIX=1 -DPICO_RP2350=1 -DPICO_TARGET_NAME=\"pico_6mic_soundcard\" -DPICO_USE_BLOCKED_RAM=0 -I/home/gpu/het68/build -I/home/gpu/het68 -I/home/gpu/het68/pico-sdk/src/rp2_common/pico_atomic/include -I/home/gpu/het68/pico-sdk/lib/tinyusb/src -I/home/gpu/het68/pico-sdk/src/rp2_common/tinyusb/include -I/home/gpu/het68/pico-sdk/lib/tinyusb/hw -isystem /home/gpu/het68/pico-sdk/src/common/pico_stdlib_headers/include -isystem /home/gpu/het68/pico-sdk/src/rp2_common/hardware_gpio/include -isystem /home/gpu/het68/pico-sdk/src/common/pico_base_headers/include -isystem /home/gpu/het68/build/generated/pico_base -isystem /home/gpu/het68/pico-sdk/src/boards/include -isystem /home/gpu/het68/pico-sdk/src/rp2350/pico_platform/include -isystem /home/gpu/het68/pico-sdk/src/rp2350/hardware_regs/include -isystem /home/gpu/het68/pico-sdk/src/rp2_common/hardware_base/include -isystem /home/gpu/het68/pico-sdk/src/rp2_common/pico_platform_common/include -isystem /home/gpu/het68/pico-sdk/src/rp2_common/pico_platform_compiler/include -isystem /home/gpu/het68/pico-sdk/src/rp2_common/pico_platform_panic/include -isystem /home/gpu/het68/pico-sdk/src/rp2_common/pico_platform_sections/include -isystem /home/gpu/het68/pico-sdk/src/rp2_common/hardware_dcp/include -isystem /home/gpu/het68/pico-sdk/src/rp2350/hardware_structs/include -isystem /home/gpu/het68/pico-sdk/src/rp2_common/hardware_rcp/include -isystem /home/gpu/het68/pico-sdk/src/common/hardware_claim/include -isystem /home/gpu/het68/pico-sdk/src/rp2_common/hardware_sync/include -isystem /home/gpu/het68/pico-sdk/src/rp2_common/hardware_sync_spin_lock/include -isystem /home/gpu/het68/pico-sdk/src/rp2_common/hardware_irq/include -isystem /home/gpu/het68/pico-sdk/src/rp2_common/hardware_uart/include -isystem /home/gpu/het68/pico-sdk/src/rp2_common/hardware_resets/include -isystem /home/gpu/het68/pico-sdk/src/rp2_common/hardware_clocks/include -isystem /home/gpu/het68/pico-sdk/src/rp2_common/hardware_pll/include -isystem /home/gpu/het68/pico-sdk/src/rp2_common/hardware_vreg/include -isystem /home/gpu/het68/pico-sdk/src/rp2_common/hardware_watchdog/include -isystem /home/gpu/het68/pico-sdk/src/rp2_common/hardware_ticks/include -isystem /home/gpu/het68/pico-sdk/src/rp2_common/pico_bootrom/include -isystem /home/gpu/het68/pico-sdk/src/common/boot_picoboot_headers/include -isystem /home/gpu/het68/pico-sdk/src/rp2_common/boot_bootrom_headers/include -isystem /home/gpu/het68/pico-sdk/src/rp2_common/hardware_boot_lock/include -isystem /home/gpu/het68/pico-sdk/src/rp2_common/pico_flash/include -isystem /home/gpu/het68/pico-sdk/src/common/pico_time/include -isystem /home/gpu/het68/pico-sdk/src/rp2_common/hardware_timer/include -isystem /home/gpu/het68/pico-sdk/src/common/pico_sync/include -isystem /home/gpu/het68/pico-sdk/src/common/pico_util/include -isystem /home/gpu/het68/pico-sdk/src/rp2_common/pico_time_adapter/include -isystem /home/gpu/het68/pico-sdk/src/rp2_common/hardware_xosc/include -isystem /home/gpu/het68/pico-sdk/src/rp2_common/hardware_divider/include -isystem /home/gpu/het68/pico-sdk/src/rp2_common/pico_runtime/include -isystem /home/gpu/het68/pico-sdk/src/rp2_common/pico_runtime_init/include -isystem /home/gpu/het68/pico-sdk/src/common/pico_bit_ops_headers/include -isystem /home/gpu/het68/pico-sdk/src/common/pico_divider_headers/include -isystem /home/gpu/het68/pico-sdk/src/rp2_common/pico_double/include -isystem /home/gpu/het68/pico-sdk/src/rp2_common/pico_float/include -isystem /home/gpu/het68/pico-sdk/src/rp2_common/pico_malloc/include -isystem /home/gpu/het68/pico-sdk/src/common/pico_binary_info/include -isystem /home/gpu/het68/pico-sdk/src/rp2_common/pico_printf/include -isystem /home/gpu/het68/pico-sdk/src/rp2_common/pico_stdio/include -isystem /home/gpu/het68/pico-sdk/src/rp2_common/pico_multicore/include -isystem /home/gpu/het68/pico-sdk/src/common/boot_picobin_headers/include -isystem /home/gpu/het68/pico-sdk/src/rp2350/boot_stage2/include -isystem /home/gpu/het68/pico-sdk/src/rp2_common/hardware_pio/include -isystem /home/gpu/het68/pico-sdk/src/rp2_common/hardware_dma/include -isystem /home/gpu/het68/pico-sdk/src/rp2_common/pico_fix/rp2040_usb_device_enumeration/include -isystem /home/gpu/het68/pico-sdk/src/rp2_common/pico_unique_id/include -isystem /home/gpu/het68/pico-sdk/src/rp2_common/hardware_flash/include -isystem /home/gpu/het68/pico-sdk/src/rp2_common/hardware_xip_cache/include -mcpu=cortex-m33 -mthumb -march=armv8-m.main+fp+dsp -mfloat-abi=softfp -mcmse -g -O3 -DNDEBUG -ffunction-sections -fdata-sections -MD -MT CMakeFiles/pico_6mic_soundcard.dir/pico-sdk/src/rp2_common/hardware_sync/sync.c.o -MF CMakeFiles/pico_6mic_soundcard.dir/pico-sdk/src/rp2_common/hardware_sync/sync.c.o.d -o CMakeFiles/pico_6mic_soundcard.dir/pico-sdk/src/rp2_common/hardware_sync/sync.c.o -c /home/gpu/het68/pico-sdk/src/rp2_common/hardware_sync/sync.c
/usr/bin/arm-none-eabi-gcc -DCFG_TUSB_DEBUG=0 -DCFG_TUSB_MCU=OPT_MCU_RP2040 -DCFG_TUSB_OS=OPT_OS_PICO -DLIB_BOOT_STAGE2_HEADERS=1 -DLIB_PICO_ATOMIC=1 -DLIB_PICO_BIT_OPS=1 -DLIB_PICO_BIT_OPS_PICO=1 -DLIB_PICO_CLIB_INTERFACE=1 -DLIB_PICO_CRT0=1 -DLIB_PICO_CXX_OPTIONS=1 -DLIB_PICO_DIVIDER=1 -DLIB_PICO_DIVIDER_COMPILER=1 -DLIB_PICO_DOUBLE=1 -DLIB_PICO_DOUBLE_PICO=1 -DLIB_PICO_FIX_RP2040_USB_DEVICE_ENUMERATION=1 -DLIB_PICO_FLASH=1 -DLIB_PICO_FLOAT=1 -DLIB_PICO_FLOAT_PICO=1 -DLIB_PICO_FLOAT_PICO_VFP=1 -DLIB_PICO_INT64_OPS=1 -DLIB_PICO_INT64_OPS_COMPILER=1 -DLIB_PICO_MALLOC=1 -DLIB_PICO_MEM_OPS=1 -DLIB_PICO_MEM_OPS_COMPILER=1 -DLIB_PICO_NEWLIB_INTERFACE=1 -DLIB_PICO_PLATFORM=1 -DLIB_PICO_PLATFORM_COMMON=1 -DLIB_PICO_PLATFORM_COMPILER=1 -DLIB_PICO_PLATFORM_PANIC=1 -DLIB_PICO_PLATFORM_SECTIONS=1 -DLIB_PICO_PRINTF=1 -DLIB_PICO_PRINTF_PICO=1 -DLIB_PICO_RUNTIME=1 -DLIB_PICO_RUNTIME_INIT=1 -DLIB_PICO_STANDARD_BINARY_INFO=1 -DLIB_PICO_STANDARD_LINK=1 -DLIB_PICO_STDIO=1 -DLIB_PICO_STDLIB=1 -DLIB_PICO_SYNC=1 -DLIB_PICO_SYNC_CRITICAL_SECTION=1 -DLIB_PICO_SYNC_MUTEX=1 -DLIB_PICO_SYNC_SEM=1 -DLIB_PICO_TIME=1 -DLIB_PICO_TIME_ADAPTER=1 -DLIB_PICO_UNIQUE_ID=1 -DLIB_PICO_UTIL=1 -DLIB_TINYUSB_BOARD=1 -DLIB_TINYUSB_DEVICE=1 -DPICO_32BIT=1 -DPICO_BOARD=\"pico2\" -DPICO_BUILD=1 -DPICO_CMAKE_BUILD_TYPE=\"Release\" -DPICO_COPY_TO_RAM=0 -DPICO_CXX_ENABLE_EXCEPTIONS=0 -DPICO_NO_FLASH=0 -DPICO_NO_HARDWARE=0 -DPICO_ON_DEVICE=1 -DPICO_RP2040_USB_DEVICE_UFRAME_FIX=1 -DPICO_RP2350=1 -DPICO_TARGET_NAME=\"pico_6mic_soundcard\" -DPICO_USE_BLOCKED_RAM=0 -I/home/gpu/het68/build -I/home/gpu/het68 -I/home/gpu/het68/pico-sdk/src/rp2_common/pico_atomic/include -I/home/gpu/het68/pico-sdk/lib/tinyusb/src -I/home/gpu/het68/pico-sdk/src/rp2_common/tinyusb/include -I/home/gpu/het68/pico-sdk/lib/tinyusb/hw -isystem /home/gpu/het68/pico-sdk/src/common/pico_stdlib_headers/include -isystem /home/gpu/het68/pico-sdk/src/rp2_common/hardware_gpio/include -isystem /home/gpu/het68/pico-sdk/src/common/pico_base_headers/include -isystem /home/gpu/het68/build/generated/pico_base -isystem /home/gpu/het68/pico-sdk/src/boards/include -isystem /home/gpu/het68/pico-sdk/src/rp2350/pico_platform/include -isystem /home/gpu/het68/pico-sdk/src/rp2350/hardware_regs/include -isystem /home/gpu/het68/pico-sdk/src/rp2_common/hardware_base/include -isystem /home/gpu/het68/pico-sdk/src/rp2_common/pico_platform_common/include -isystem /home/gpu/het68/pico-sdk/src/rp2_common/pico_platform_compiler/include -isystem /home/gpu/het68/pico-sdk/src/rp2_common/pico_platform_panic/include -isystem /home/gpu/het68/pico-sdk/src/rp2_common/pico_platform_sections/include -isystem /home/gpu/het68/pico-sdk/src/rp2_common/hardware_dcp/include -isystem /home/gpu/het68/pico-sdk/src/rp2350/hardware_structs/include -isystem /home/gpu/het68/pico-sdk/src/rp2_common/hardware_rcp/include -isystem /home/gpu/het68/pico-sdk/src/common/hardware_claim/include -isystem /home/gpu/het68/pico-sdk/src/rp2_common/hardware_sync/include -isystem /home/gpu/het68/pico-sdk/src/rp2_common/hardware_sync_spin_lock/include -isystem /home/gpu/het68/pico-sdk/src/rp2_common/hardware_irq/include -isystem /home/gpu/het68/pico-sdk/src/rp2_common/hardware_uart/include -isystem /home/gpu/het68/pico-sdk/src/rp2_common/hardware_resets/include -isystem /home/gpu/het68/pico-sdk/src/rp2_common/hardware_clocks/include -isystem /home/gpu/het68/pico-sdk/src/rp2_common/hardware_pll/include -isystem /home/gpu/het68/pico-sdk/src/rp2_common/hardware_vreg/include -isystem /home/gpu/het68/pico-sdk/src/rp2_common/hardware_watchdog/include -isystem /home/gpu/het68/pico-sdk/src/rp2_common/hardware_ticks/include -isystem /home/gpu/het68/pico-sdk/src/rp2_common/pico_bootrom/include -isystem /home/gpu/het68/pico-sdk/src/common/boot_picoboot_headers/include -isystem /home/gpu/het68/pico-sdk/src/rp2_common/boot_bootrom_headers/include -isystem /home/gpu/het68/pico-sdk/src/rp2_common/hardware_boot_lock/include -isystem /home/gpu/het68/pico-sdk/src/rp2_common/pico_flash/include -isystem /home/gpu/het68/pico-sdk/src/common/pico_time/include -isystem /home/gpu/het68/pico-sdk/src/rp2_common/hardware_timer/include -isystem /home/gpu/het68/pico-sdk/src/common/pico_sync/include -isystem /home/gpu/het68/pico-sdk/src/common/pico_util/include -isystem /home/gpu/het68/pico-sdk/src/rp2_common/pico_time_adapter/include -isystem /home/gpu/het68/pico-sdk/src/rp2_common/hardware_xosc/include -isystem /home/gpu/het68/pico-sdk/src/rp2_common/hardware_divider/include -isystem /home/gpu/het68/pico-sdk/src/rp2_common/pico_runtime/include -isystem /home/gpu/het68/pico-sdk/src/rp2_common/pico_runtime_init/include -isystem /home/gpu/het68/pico-sdk/src/common/pico_bit_ops_headers/include -isystem /home/gpu/het68/pico-sdk/src/common/pico_divider_headers/include -isystem /home/gpu/het68/pico-sdk/src/rp2_common/pico_double/include -isystem /home/gpu/het68/pico-sdk/src/rp2_common/pico_float/include -isystem /home/gpu/het68/pico-sdk/src/rp2_common/pico_malloc/include -isystem /home/gpu/het68/pico-sdk/src/common/pico_binary_info/include -isystem /home/gpu/het68/pico-sdk/src/rp2_common/pico_printf/include -isystem /home/gpu/het68/pico-sdk/src/rp2_common/pico_stdio/include -isystem /home/gpu/het68/pico-sdk/src/rp2_common/pico_multicore/include -isystem /home/gpu/het68/pico-sdk/src/common/boot_picobin_headers/include -isystem /home/gpu/het68/pico-sdk/src/rp2350/boot_stage2/include -isystem /home/gpu/het68/pico-sdk/src/rp2_common/hardware_pio/include -isystem /home/gpu/het68/pico-sdk/src/rp2_common/hardware_dma/include -isystem /home/gpu/het68/pico-sdk/src/rp2_common/pico_fix/rp2040_usb_device_enumeration/include -isystem /home/gpu/het68/pico-sdk/src/rp2_common/pico_unique_id/include -isystem /home/gpu/het68/pico-sdk/src/rp2_common/hardware_flash/include -isystem /home/gpu/het68/pico-sdk/src/rp2_common/hardware_xip_cache/include -mcpu=cortex-m33 -mthumb -march=armv8-m.main+fp+dsp -mfloat-abi=softfp -mcmse -g -O3 -DNDEBUG -ffunction-sections -fdata-sections -MD -MT CMakeFiles/pico_6mic_soundcard.dir/pico-sdk/src/rp2_common/hardware_sync_spin_lock/sync_spin_lock.c.o -MF CMakeFiles/pico_6mic_soundcard.dir/pico-sdk/src/rp2_common/hardware_sync_spin_lock/sync_spin_lock.c.o.d -o CMakeFiles/pico_6mic_soundcard.dir/pico-sdk/src/rp2_common/hardware_sync_spin_lock/sync_spin_lock.c.o -c /home/gpu/het68/pico-sdk/src/rp2_common/hardware_sync_spin_lock/sync_spin_lock.c
[ 34%] Building C object CMakeFiles/pico_6mic_soundcard.dir/pico-sdk/src/rp2_common/hardware_irq/irq.c.o
[ 35%] Building C object CMakeFiles/pico_6mic_soundcard.dir/pico-sdk/src/common/pico_time/time.c.o
/usr/bin/arm-none-eabi-gcc -DCFG_TUSB_DEBUG=0 -DCFG_TUSB_MCU=OPT_MCU_RP2040 -DCFG_TUSB_OS=OPT_OS_PICO -DLIB_BOOT_STAGE2_HEADERS=1 -DLIB_PICO_ATOMIC=1 -DLIB_PICO_BIT_OPS=1 -DLIB_PICO_BIT_OPS_PICO=1 -DLIB_PICO_CLIB_INTERFACE=1 -DLIB_PICO_CRT0=1 -DLIB_PICO_CXX_OPTIONS=1 -DLIB_PICO_DIVIDER=1 -DLIB_PICO_DIVIDER_COMPILER=1 -DLIB_PICO_DOUBLE=1 -DLIB_PICO_DOUBLE_PICO=1 -DLIB_PICO_FIX_RP2040_USB_DEVICE_ENUMERATION=1 -DLIB_PICO_FLASH=1 -DLIB_PICO_FLOAT=1 -DLIB_PICO_FLOAT_PICO=1 -DLIB_PICO_FLOAT_PICO_VFP=1 -DLIB_PICO_INT64_OPS=1 -DLIB_PICO_INT64_OPS_COMPILER=1 -DLIB_PICO_MALLOC=1 -DLIB_PICO_MEM_OPS=1 -DLIB_PICO_MEM_OPS_COMPILER=1 -DLIB_PICO_NEWLIB_INTERFACE=1 -DLIB_PICO_PLATFORM=1 -DLIB_PICO_PLATFORM_COMMON=1 -DLIB_PICO_PLATFORM_COMPILER=1 -DLIB_PICO_PLATFORM_PANIC=1 -DLIB_PICO_PLATFORM_SECTIONS=1 -DLIB_PICO_PRINTF=1 -DLIB_PICO_PRINTF_PICO=1 -DLIB_PICO_RUNTIME=1 -DLIB_PICO_RUNTIME_INIT=1 -DLIB_PICO_STANDARD_BINARY_INFO=1 -DLIB_PICO_STANDARD_LINK=1 -DLIB_PICO_STDIO=1 -DLIB_PICO_STDLIB=1 -DLIB_PICO_SYNC=1 -DLIB_PICO_SYNC_CRITICAL_SECTION=1 -DLIB_PICO_SYNC_MUTEX=1 -DLIB_PICO_SYNC_SEM=1 -DLIB_PICO_TIME=1 -DLIB_PICO_TIME_ADAPTER=1 -DLIB_PICO_UNIQUE_ID=1 -DLIB_PICO_UTIL=1 -DLIB_TINYUSB_BOARD=1 -DLIB_TINYUSB_DEVICE=1 -DPICO_32BIT=1 -DPICO_BOARD=\"pico2\" -DPICO_BUILD=1 -DPICO_CMAKE_BUILD_TYPE=\"Release\" -DPICO_COPY_TO_RAM=0 -DPICO_CXX_ENABLE_EXCEPTIONS=0 -DPICO_NO_FLASH=0 -DPICO_NO_HARDWARE=0 -DPICO_ON_DEVICE=1 -DPICO_RP2040_USB_DEVICE_UFRAME_FIX=1 -DPICO_RP2350=1 -DPICO_TARGET_NAME=\"pico_6mic_soundcard\" -DPICO_USE_BLOCKED_RAM=0 -I/home/gpu/het68/build -I/home/gpu/het68 -I/home/gpu/het68/pico-sdk/src/rp2_common/pico_atomic/include -I/home/gpu/het68/pico-sdk/lib/tinyusb/src -I/home/gpu/het68/pico-sdk/src/rp2_common/tinyusb/include -I/home/gpu/het68/pico-sdk/lib/tinyusb/hw -isystem /home/gpu/het68/pico-sdk/src/common/pico_stdlib_headers/include -isystem /home/gpu/het68/pico-sdk/src/rp2_common/hardware_gpio/include -isystem /home/gpu/het68/pico-sdk/src/common/pico_base_headers/include -isystem /home/gpu/het68/build/generated/pico_base -isystem /home/gpu/het68/pico-sdk/src/boards/include -isystem /home/gpu/het68/pico-sdk/src/rp2350/pico_platform/include -isystem /home/gpu/het68/pico-sdk/src/rp2350/hardware_regs/include -isystem /home/gpu/het68/pico-sdk/src/rp2_common/hardware_base/include -isystem /home/gpu/het68/pico-sdk/src/rp2_common/pico_platform_common/include -isystem /home/gpu/het68/pico-sdk/src/rp2_common/pico_platform_compiler/include -isystem /home/gpu/het68/pico-sdk/src/rp2_common/pico_platform_panic/include -isystem /home/gpu/het68/pico-sdk/src/rp2_common/pico_platform_sections/include -isystem /home/gpu/het68/pico-sdk/src/rp2_common/hardware_dcp/include -isystem /home/gpu/het68/pico-sdk/src/rp2350/hardware_structs/include -isystem /home/gpu/het68/pico-sdk/src/rp2_common/hardware_rcp/include -isystem /home/gpu/het68/pico-sdk/src/common/hardware_claim/include -isystem /home/gpu/het68/pico-sdk/src/rp2_common/hardware_sync/include -isystem /home/gpu/het68/pico-sdk/src/rp2_common/hardware_sync_spin_lock/include -isystem /home/gpu/het68/pico-sdk/src/rp2_common/hardware_irq/include -isystem /home/gpu/het68/pico-sdk/src/rp2_common/hardware_uart/include -isystem /home/gpu/het68/pico-sdk/src/rp2_common/hardware_resets/include -isystem /home/gpu/het68/pico-sdk/src/rp2_common/hardware_clocks/include -isystem /home/gpu/het68/pico-sdk/src/rp2_common/hardware_pll/include -isystem /home/gpu/het68/pico-sdk/src/rp2_common/hardware_vreg/include -isystem /home/gpu/het68/pico-sdk/src/rp2_common/hardware_watchdog/include -isystem /home/gpu/het68/pico-sdk/src/rp2_common/hardware_ticks/include -isystem /home/gpu/het68/pico-sdk/src/rp2_common/pico_bootrom/include -isystem /home/gpu/het68/pico-sdk/src/common/boot_picoboot_headers/include -isystem /home/gpu/het68/pico-sdk/src/rp2_common/boot_bootrom_headers/include -isystem /home/gpu/het68/pico-sdk/src/rp2_common/hardware_boot_lock/include -isystem /home/gpu/het68/pico-sdk/src/rp2_common/pico_flash/include -isystem /home/gpu/het68/pico-sdk/src/common/pico_time/include -isystem /home/gpu/het68/pico-sdk/src/rp2_common/hardware_timer/include -isystem /home/gpu/het68/pico-sdk/src/common/pico_sync/include -isystem /home/gpu/het68/pico-sdk/src/common/pico_util/include -isystem /home/gpu/het68/pico-sdk/src/rp2_common/pico_time_adapter/include -isystem /home/gpu/het68/pico-sdk/src/rp2_common/hardware_xosc/include -isystem /home/gpu/het68/pico-sdk/src/rp2_common/hardware_divider/include -isystem /home/gpu/het68/pico-sdk/src/rp2_common/pico_runtime/include -isystem /home/gpu/het68/pico-sdk/src/rp2_common/pico_runtime_init/include -isystem /home/gpu/het68/pico-sdk/src/common/pico_bit_ops_headers/include -isystem /home/gpu/het68/pico-sdk/src/common/pico_divider_headers/include -isystem /home/gpu/het68/pico-sdk/src/rp2_common/pico_double/include -isystem /home/gpu/het68/pico-sdk/src/rp2_common/pico_float/include -isystem /home/gpu/het68/pico-sdk/src/rp2_common/pico_malloc/include -isystem /home/gpu/het68/pico-sdk/src/common/pico_binary_info/include -isystem /home/gpu/het68/pico-sdk/src/rp2_common/pico_printf/include -isystem /home/gpu/het68/pico-sdk/src/rp2_common/pico_stdio/include -isystem /home/gpu/het68/pico-sdk/src/rp2_common/pico_multicore/include -isystem /home/gpu/het68/pico-sdk/src/common/boot_picobin_headers/include -isystem /home/gpu/het68/pico-sdk/src/rp2350/boot_stage2/include -isystem /home/gpu/het68/pico-sdk/src/rp2_common/hardware_pio/include -isystem /home/gpu/het68/pico-sdk/src/rp2_common/hardware_dma/include -isystem /home/gpu/het68/pico-sdk/src/rp2_common/pico_fix/rp2040_usb_device_enumeration/include -isystem /home/gpu/het68/pico-sdk/src/rp2_common/pico_unique_id/include -isystem /home/gpu/het68/pico-sdk/src/rp2_common/hardware_flash/include -isystem /home/gpu/het68/pico-sdk/src/rp2_common/hardware_xip_cache/include -mcpu=cortex-m33 -mthumb -march=armv8-m.main+fp+dsp -mfloat-abi=softfp -mcmse -g -O3 -DNDEBUG -ffunction-sections -fdata-sections -MD -MT CMakeFiles/pico_6mic_soundcard.dir/pico-sdk/src/rp2_common/hardware_irq/irq.c.o -MF CMakeFiles/pico_6mic_soundcard.dir/pico-sdk/src/rp2_common/hardware_irq/irq.c.o.d -o CMakeFiles/pico_6mic_soundcard.dir/pico-sdk/src/rp2_common/hardware_irq/irq.c.o -c /home/gpu/het68/pico-sdk/src/rp2_common/hardware_irq/irq.c
[ 36%] Building ASM object CMakeFiles/pico_6mic_soundcard.dir/pico-sdk/src/rp2_common/hardware_irq/irq_handler_chain.S.o
[ 37%] Building C object CMakeFiles/pico_6mic_soundcard.dir/pico-sdk/src/common/pico_sync/sem.c.o
[ 38%] Building C object CMakeFiles/pico_6mic_soundcard.dir/pico-sdk/src/common/pico_sync/mutex.c.o
/usr/bin/arm-none-eabi-gcc -DCFG_TUSB_DEBUG=0 -DCFG_TUSB_MCU=OPT_MCU_RP2040 -DCFG_TUSB_OS=OPT_OS_PICO -DLIB_BOOT_STAGE2_HEADERS=1 -DLIB_PICO_ATOMIC=1 -DLIB_PICO_BIT_OPS=1 -DLIB_PICO_BIT_OPS_PICO=1 -DLIB_PICO_CLIB_INTERFACE=1 -DLIB_PICO_CRT0=1 -DLIB_PICO_CXX_OPTIONS=1 -DLIB_PICO_DIVIDER=1 -DLIB_PICO_DIVIDER_COMPILER=1 -DLIB_PICO_DOUBLE=1 -DLIB_PICO_DOUBLE_PICO=1 -DLIB_PICO_FIX_RP2040_USB_DEVICE_ENUMERATION=1 -DLIB_PICO_FLASH=1 -DLIB_PICO_FLOAT=1 -DLIB_PICO_FLOAT_PICO=1 -DLIB_PICO_FLOAT_PICO_VFP=1 -DLIB_PICO_INT64_OPS=1 -DLIB_PICO_INT64_OPS_COMPILER=1 -DLIB_PICO_MALLOC=1 -DLIB_PICO_MEM_OPS=1 -DLIB_PICO_MEM_OPS_COMPILER=1 -DLIB_PICO_NEWLIB_INTERFACE=1 -DLIB_PICO_PLATFORM=1 -DLIB_PICO_PLATFORM_COMMON=1 -DLIB_PICO_PLATFORM_COMPILER=1 -DLIB_PICO_PLATFORM_PANIC=1 -DLIB_PICO_PLATFORM_SECTIONS=1 -DLIB_PICO_PRINTF=1 -DLIB_PICO_PRINTF_PICO=1 -DLIB_PICO_RUNTIME=1 -DLIB_PICO_RUNTIME_INIT=1 -DLIB_PICO_STANDARD_BINARY_INFO=1 -DLIB_PICO_STANDARD_LINK=1 -DLIB_PICO_STDIO=1 -DLIB_PICO_STDLIB=1 -DLIB_PICO_SYNC=1 -DLIB_PICO_SYNC_CRITICAL_SECTION=1 -DLIB_PICO_SYNC_MUTEX=1 -DLIB_PICO_SYNC_SEM=1 -DLIB_PICO_TIME=1 -DLIB_PICO_TIME_ADAPTER=1 -DLIB_PICO_UNIQUE_ID=1 -DLIB_PICO_UTIL=1 -DLIB_TINYUSB_BOARD=1 -DLIB_TINYUSB_DEVICE=1 -DPICO_32BIT=1 -DPICO_BOARD=\"pico2\" -DPICO_BUILD=1 -DPICO_CMAKE_BUILD_TYPE=\"Release\" -DPICO_COPY_TO_RAM=0 -DPICO_CXX_ENABLE_EXCEPTIONS=0 -DPICO_NO_FLASH=0 -DPICO_NO_HARDWARE=0 -DPICO_ON_DEVICE=1 -DPICO_RP2040_USB_DEVICE_UFRAME_FIX=1 -DPICO_RP2350=1 -DPICO_TARGET_NAME=\"pico_6mic_soundcard\" -DPICO_USE_BLOCKED_RAM=0 -I/home/gpu/het68/build -I/home/gpu/het68 -I/home/gpu/het68/pico-sdk/src/rp2_common/pico_atomic/include -I/home/gpu/het68/pico-sdk/lib/tinyusb/src -I/home/gpu/het68/pico-sdk/src/rp2_common/tinyusb/include -I/home/gpu/het68/pico-sdk/lib/tinyusb/hw -isystem /home/gpu/het68/pico-sdk/src/common/pico_stdlib_headers/include -isystem /home/gpu/het68/pico-sdk/src/rp2_common/hardware_gpio/include -isystem /home/gpu/het68/pico-sdk/src/common/pico_base_headers/include -isystem /home/gpu/het68/build/generated/pico_base -isystem /home/gpu/het68/pico-sdk/src/boards/include -isystem /home/gpu/het68/pico-sdk/src/rp2350/pico_platform/include -isystem /home/gpu/het68/pico-sdk/src/rp2350/hardware_regs/include -isystem /home/gpu/het68/pico-sdk/src/rp2_common/hardware_base/include -isystem /home/gpu/het68/pico-sdk/src/rp2_common/pico_platform_common/include -isystem /home/gpu/het68/pico-sdk/src/rp2_common/pico_platform_compiler/include -isystem /home/gpu/het68/pico-sdk/src/rp2_common/pico_platform_panic/include -isystem /home/gpu/het68/pico-sdk/src/rp2_common/pico_platform_sections/include -isystem /home/gpu/het68/pico-sdk/src/rp2_common/hardware_dcp/include -isystem /home/gpu/het68/pico-sdk/src/rp2350/hardware_structs/include -isystem /home/gpu/het68/pico-sdk/src/rp2_common/hardware_rcp/include -isystem /home/gpu/het68/pico-sdk/src/common/hardware_claim/include -isystem /home/gpu/het68/pico-sdk/src/rp2_common/hardware_sync/include -isystem /home/gpu/het68/pico-sdk/src/rp2_common/hardware_sync_spin_lock/include -isystem /home/gpu/het68/pico-sdk/src/rp2_common/hardware_irq/include -isystem /home/gpu/het68/pico-sdk/src/rp2_common/hardware_uart/include -isystem /home/gpu/het68/pico-sdk/src/rp2_common/hardware_resets/include -isystem /home/gpu/het68/pico-sdk/src/rp2_common/hardware_clocks/include -isystem /home/gpu/het68/pico-sdk/src/rp2_common/hardware_pll/include -isystem /home/gpu/het68/pico-sdk/src/rp2_common/hardware_vreg/include -isystem /home/gpu/het68/pico-sdk/src/rp2_common/hardware_watchdog/include -isystem /home/gpu/het68/pico-sdk/src/rp2_common/hardware_ticks/include -isystem /home/gpu/het68/pico-sdk/src/rp2_common/pico_bootrom/include -isystem /home/gpu/het68/pico-sdk/src/common/boot_picoboot_headers/include -isystem /home/gpu/het68/pico-sdk/src/rp2_common/boot_bootrom_headers/include -isystem /home/gpu/het68/pico-sdk/src/rp2_common/hardware_boot_lock/include -isystem /home/gpu/het68/pico-sdk/src/rp2_common/pico_flash/include -isystem /home/gpu/het68/pico-sdk/src/common/pico_time/include -isystem /home/gpu/het68/pico-sdk/src/rp2_common/hardware_timer/include -isystem /home/gpu/het68/pico-sdk/src/common/pico_sync/include -isystem /home/gpu/het68/pico-sdk/src/common/pico_util/include -isystem /home/gpu/het68/pico-sdk/src/rp2_common/pico_time_adapter/include -isystem /home/gpu/het68/pico-sdk/src/rp2_common/hardware_xosc/include -isystem /home/gpu/het68/pico-sdk/src/rp2_common/hardware_divider/include -isystem /home/gpu/het68/pico-sdk/src/rp2_common/pico_runtime/include -isystem /home/gpu/het68/pico-sdk/src/rp2_common/pico_runtime_init/include -isystem /home/gpu/het68/pico-sdk/src/common/pico_bit_ops_headers/include -isystem /home/gpu/het68/pico-sdk/src/common/pico_divider_headers/include -isystem /home/gpu/het68/pico-sdk/src/rp2_common/pico_double/include -isystem /home/gpu/het68/pico-sdk/src/rp2_common/pico_float/include -isystem /home/gpu/het68/pico-sdk/src/rp2_common/pico_malloc/include -isystem /home/gpu/het68/pico-sdk/src/common/pico_binary_info/include -isystem /home/gpu/het68/pico-sdk/src/rp2_common/pico_printf/include -isystem /home/gpu/het68/pico-sdk/src/rp2_common/pico_stdio/include -isystem /home/gpu/het68/pico-sdk/src/rp2_common/pico_multicore/include -isystem /home/gpu/het68/pico-sdk/src/common/boot_picobin_headers/include -isystem /home/gpu/het68/pico-sdk/src/rp2350/boot_stage2/include -isystem /home/gpu/het68/pico-sdk/src/rp2_common/hardware_pio/include -isystem /home/gpu/het68/pico-sdk/src/rp2_common/hardware_dma/include -isystem /home/gpu/het68/pico-sdk/src/rp2_common/pico_fix/rp2040_usb_device_enumeration/include -isystem /home/gpu/het68/pico-sdk/src/rp2_common/pico_unique_id/include -isystem /home/gpu/het68/pico-sdk/src/rp2_common/hardware_flash/include -isystem /home/gpu/het68/pico-sdk/src/rp2_common/hardware_xip_cache/include -mcpu=cortex-m33 -mthumb -march=armv8-m.main+fp+dsp -mfloat-abi=softfp -mcmse -g -O3 -DNDEBUG -ffunction-sections -fdata-sections -o CMakeFiles/pico_6mic_soundcard.dir/pico-sdk/src/rp2_common/hardware_irq/irq_handler_chain.S.o   -c /home/gpu/het68/pico-sdk/src/rp2_common/hardware_irq/irq_handler_chain.S
/usr/bin/arm-none-eabi-gcc -DCFG_TUSB_DEBUG=0 -DCFG_TUSB_MCU=OPT_MCU_RP2040 -DCFG_TUSB_OS=OPT_OS_PICO -DLIB_BOOT_STAGE2_HEADERS=1 -DLIB_PICO_ATOMIC=1 -DLIB_PICO_BIT_OPS=1 -DLIB_PICO_BIT_OPS_PICO=1 -DLIB_PICO_CLIB_INTERFACE=1 -DLIB_PICO_CRT0=1 -DLIB_PICO_CXX_OPTIONS=1 -DLIB_PICO_DIVIDER=1 -DLIB_PICO_DIVIDER_COMPILER=1 -DLIB_PICO_DOUBLE=1 -DLIB_PICO_DOUBLE_PICO=1 -DLIB_PICO_FIX_RP2040_USB_DEVICE_ENUMERATION=1 -DLIB_PICO_FLASH=1 -DLIB_PICO_FLOAT=1 -DLIB_PICO_FLOAT_PICO=1 -DLIB_PICO_FLOAT_PICO_VFP=1 -DLIB_PICO_INT64_OPS=1 -DLIB_PICO_INT64_OPS_COMPILER=1 -DLIB_PICO_MALLOC=1 -DLIB_PICO_MEM_OPS=1 -DLIB_PICO_MEM_OPS_COMPILER=1 -DLIB_PICO_NEWLIB_INTERFACE=1 -DLIB_PICO_PLATFORM=1 -DLIB_PICO_PLATFORM_COMMON=1 -DLIB_PICO_PLATFORM_COMPILER=1 -DLIB_PICO_PLATFORM_PANIC=1 -DLIB_PICO_PLATFORM_SECTIONS=1 -DLIB_PICO_PRINTF=1 -DLIB_PICO_PRINTF_PICO=1 -DLIB_PICO_RUNTIME=1 -DLIB_PICO_RUNTIME_INIT=1 -DLIB_PICO_STANDARD_BINARY_INFO=1 -DLIB_PICO_STANDARD_LINK=1 -DLIB_PICO_STDIO=1 -DLIB_PICO_STDLIB=1 -DLIB_PICO_SYNC=1 -DLIB_PICO_SYNC_CRITICAL_SECTION=1 -DLIB_PICO_SYNC_MUTEX=1 -DLIB_PICO_SYNC_SEM=1 -DLIB_PICO_TIME=1 -DLIB_PICO_TIME_ADAPTER=1 -DLIB_PICO_UNIQUE_ID=1 -DLIB_PICO_UTIL=1 -DLIB_TINYUSB_BOARD=1 -DLIB_TINYUSB_DEVICE=1 -DPICO_32BIT=1 -DPICO_BOARD=\"pico2\" -DPICO_BUILD=1 -DPICO_CMAKE_BUILD_TYPE=\"Release\" -DPICO_COPY_TO_RAM=0 -DPICO_CXX_ENABLE_EXCEPTIONS=0 -DPICO_NO_FLASH=0 -DPICO_NO_HARDWARE=0 -DPICO_ON_DEVICE=1 -DPICO_RP2040_USB_DEVICE_UFRAME_FIX=1 -DPICO_RP2350=1 -DPICO_TARGET_NAME=\"pico_6mic_soundcard\" -DPICO_USE_BLOCKED_RAM=0 -I/home/gpu/het68/build -I/home/gpu/het68 -I/home/gpu/het68/pico-sdk/src/rp2_common/pico_atomic/include -I/home/gpu/het68/pico-sdk/lib/tinyusb/src -I/home/gpu/het68/pico-sdk/src/rp2_common/tinyusb/include -I/home/gpu/het68/pico-sdk/lib/tinyusb/hw -isystem /home/gpu/het68/pico-sdk/src/common/pico_stdlib_headers/include -isystem /home/gpu/het68/pico-sdk/src/rp2_common/hardware_gpio/include -isystem /home/gpu/het68/pico-sdk/src/common/pico_base_headers/include -isystem /home/gpu/het68/build/generated/pico_base -isystem /home/gpu/het68/pico-sdk/src/boards/include -isystem /home/gpu/het68/pico-sdk/src/rp2350/pico_platform/include -isystem /home/gpu/het68/pico-sdk/src/rp2350/hardware_regs/include -isystem /home/gpu/het68/pico-sdk/src/rp2_common/hardware_base/include -isystem /home/gpu/het68/pico-sdk/src/rp2_common/pico_platform_common/include -isystem /home/gpu/het68/pico-sdk/src/rp2_common/pico_platform_compiler/include -isystem /home/gpu/het68/pico-sdk/src/rp2_common/pico_platform_panic/include -isystem /home/gpu/het68/pico-sdk/src/rp2_common/pico_platform_sections/include -isystem /home/gpu/het68/pico-sdk/src/rp2_common/hardware_dcp/include -isystem /home/gpu/het68/pico-sdk/src/rp2350/hardware_structs/include -isystem /home/gpu/het68/pico-sdk/src/rp2_common/hardware_rcp/include -isystem /home/gpu/het68/pico-sdk/src/common/hardware_claim/include -isystem /home/gpu/het68/pico-sdk/src/rp2_common/hardware_sync/include -isystem /home/gpu/het68/pico-sdk/src/rp2_common/hardware_sync_spin_lock/include -isystem /home/gpu/het68/pico-sdk/src/rp2_common/hardware_irq/include -isystem /home/gpu/het68/pico-sdk/src/rp2_common/hardware_uart/include -isystem /home/gpu/het68/pico-sdk/src/rp2_common/hardware_resets/include -isystem /home/gpu/het68/pico-sdk/src/rp2_common/hardware_clocks/include -isystem /home/gpu/het68/pico-sdk/src/rp2_common/hardware_pll/include -isystem /home/gpu/het68/pico-sdk/src/rp2_common/hardware_vreg/include -isystem /home/gpu/het68/pico-sdk/src/rp2_common/hardware_watchdog/include -isystem /home/gpu/het68/pico-sdk/src/rp2_common/hardware_ticks/include -isystem /home/gpu/het68/pico-sdk/src/rp2_common/pico_bootrom/include -isystem /home/gpu/het68/pico-sdk/src/common/boot_picoboot_headers/include -isystem /home/gpu/het68/pico-sdk/src/rp2_common/boot_bootrom_headers/include -isystem /home/gpu/het68/pico-sdk/src/rp2_common/hardware_boot_lock/include -isystem /home/gpu/het68/pico-sdk/src/rp2_common/pico_flash/include -isystem /home/gpu/het68/pico-sdk/src/common/pico_time/include -isystem /home/gpu/het68/pico-sdk/src/rp2_common/hardware_timer/include -isystem /home/gpu/het68/pico-sdk/src/common/pico_sync/include -isystem /home/gpu/het68/pico-sdk/src/common/pico_util/include -isystem /home/gpu/het68/pico-sdk/src/rp2_common/pico_time_adapter/include -isystem /home/gpu/het68/pico-sdk/src/rp2_common/hardware_xosc/include -isystem /home/gpu/het68/pico-sdk/src/rp2_common/hardware_divider/include -isystem /home/gpu/het68/pico-sdk/src/rp2_common/pico_runtime/include -isystem /home/gpu/het68/pico-sdk/src/rp2_common/pico_runtime_init/include -isystem /home/gpu/het68/pico-sdk/src/common/pico_bit_ops_headers/include -isystem /home/gpu/het68/pico-sdk/src/common/pico_divider_headers/include -isystem /home/gpu/het68/pico-sdk/src/rp2_common/pico_double/include -isystem /home/gpu/het68/pico-sdk/src/rp2_common/pico_float/include -isystem /home/gpu/het68/pico-sdk/src/rp2_common/pico_malloc/include -isystem /home/gpu/het68/pico-sdk/src/common/pico_binary_info/include -isystem /home/gpu/het68/pico-sdk/src/rp2_common/pico_printf/include -isystem /home/gpu/het68/pico-sdk/src/rp2_common/pico_stdio/include -isystem /home/gpu/het68/pico-sdk/src/rp2_common/pico_multicore/include -isystem /home/gpu/het68/pico-sdk/src/common/boot_picobin_headers/include -isystem /home/gpu/het68/pico-sdk/src/rp2350/boot_stage2/include -isystem /home/gpu/het68/pico-sdk/src/rp2_common/hardware_pio/include -isystem /home/gpu/het68/pico-sdk/src/rp2_common/hardware_dma/include -isystem /home/gpu/het68/pico-sdk/src/rp2_common/pico_fix/rp2040_usb_device_enumeration/include -isystem /home/gpu/het68/pico-sdk/src/rp2_common/pico_unique_id/include -isystem /home/gpu/het68/pico-sdk/src/rp2_common/hardware_flash/include -isystem /home/gpu/het68/pico-sdk/src/rp2_common/hardware_xip_cache/include -mcpu=cortex-m33 -mthumb -march=armv8-m.main+fp+dsp -mfloat-abi=softfp -mcmse -g -O3 -DNDEBUG -ffunction-sections -fdata-sections -MD -MT CMakeFiles/pico_6mic_soundcard.dir/pico-sdk/src/common/pico_sync/sem.c.o -MF CMakeFiles/pico_6mic_soundcard.dir/pico-sdk/src/common/pico_sync/sem.c.o.d -o CMakeFiles/pico_6mic_soundcard.dir/pico-sdk/src/common/pico_sync/sem.c.o -c /home/gpu/het68/pico-sdk/src/common/pico_sync/sem.c
/usr/bin/arm-none-eabi-gcc -DCFG_TUSB_DEBUG=0 -DCFG_TUSB_MCU=OPT_MCU_RP2040 -DCFG_TUSB_OS=OPT_OS_PICO -DLIB_BOOT_STAGE2_HEADERS=1 -DLIB_PICO_ATOMIC=1 -DLIB_PICO_BIT_OPS=1 -DLIB_PICO_BIT_OPS_PICO=1 -DLIB_PICO_CLIB_INTERFACE=1 -DLIB_PICO_CRT0=1 -DLIB_PICO_CXX_OPTIONS=1 -DLIB_PICO_DIVIDER=1 -DLIB_PICO_DIVIDER_COMPILER=1 -DLIB_PICO_DOUBLE=1 -DLIB_PICO_DOUBLE_PICO=1 -DLIB_PICO_FIX_RP2040_USB_DEVICE_ENUMERATION=1 -DLIB_PICO_FLASH=1 -DLIB_PICO_FLOAT=1 -DLIB_PICO_FLOAT_PICO=1 -DLIB_PICO_FLOAT_PICO_VFP=1 -DLIB_PICO_INT64_OPS=1 -DLIB_PICO_INT64_OPS_COMPILER=1 -DLIB_PICO_MALLOC=1 -DLIB_PICO_MEM_OPS=1 -DLIB_PICO_MEM_OPS_COMPILER=1 -DLIB_PICO_NEWLIB_INTERFACE=1 -DLIB_PICO_PLATFORM=1 -DLIB_PICO_PLATFORM_COMMON=1 -DLIB_PICO_PLATFORM_COMPILER=1 -DLIB_PICO_PLATFORM_PANIC=1 -DLIB_PICO_PLATFORM_SECTIONS=1 -DLIB_PICO_PRINTF=1 -DLIB_PICO_PRINTF_PICO=1 -DLIB_PICO_RUNTIME=1 -DLIB_PICO_RUNTIME_INIT=1 -DLIB_PICO_STANDARD_BINARY_INFO=1 -DLIB_PICO_STANDARD_LINK=1 -DLIB_PICO_STDIO=1 -DLIB_PICO_STDLIB=1 -DLIB_PICO_SYNC=1 -DLIB_PICO_SYNC_CRITICAL_SECTION=1 -DLIB_PICO_SYNC_MUTEX=1 -DLIB_PICO_SYNC_SEM=1 -DLIB_PICO_TIME=1 -DLIB_PICO_TIME_ADAPTER=1 -DLIB_PICO_UNIQUE_ID=1 -DLIB_PICO_UTIL=1 -DLIB_TINYUSB_BOARD=1 -DLIB_TINYUSB_DEVICE=1 -DPICO_32BIT=1 -DPICO_BOARD=\"pico2\" -DPICO_BUILD=1 -DPICO_CMAKE_BUILD_TYPE=\"Release\" -DPICO_COPY_TO_RAM=0 -DPICO_CXX_ENABLE_EXCEPTIONS=0 -DPICO_NO_FLASH=0 -DPICO_NO_HARDWARE=0 -DPICO_ON_DEVICE=1 -DPICO_RP2040_USB_DEVICE_UFRAME_FIX=1 -DPICO_RP2350=1 -DPICO_TARGET_NAME=\"pico_6mic_soundcard\" -DPICO_USE_BLOCKED_RAM=0 -I/home/gpu/het68/build -I/home/gpu/het68 -I/home/gpu/het68/pico-sdk/src/rp2_common/pico_atomic/include -I/home/gpu/het68/pico-sdk/lib/tinyusb/src -I/home/gpu/het68/pico-sdk/src/rp2_common/tinyusb/include -I/home/gpu/het68/pico-sdk/lib/tinyusb/hw -isystem /home/gpu/het68/pico-sdk/src/common/pico_stdlib_headers/include -isystem /home/gpu/het68/pico-sdk/src/rp2_common/hardware_gpio/include -isystem /home/gpu/het68/pico-sdk/src/common/pico_base_headers/include -isystem /home/gpu/het68/build/generated/pico_base -isystem /home/gpu/het68/pico-sdk/src/boards/include -isystem /home/gpu/het68/pico-sdk/src/rp2350/pico_platform/include -isystem /home/gpu/het68/pico-sdk/src/rp2350/hardware_regs/include -isystem /home/gpu/het68/pico-sdk/src/rp2_common/hardware_base/include -isystem /home/gpu/het68/pico-sdk/src/rp2_common/pico_platform_common/include -isystem /home/gpu/het68/pico-sdk/src/rp2_common/pico_platform_compiler/include -isystem /home/gpu/het68/pico-sdk/src/rp2_common/pico_platform_panic/include -isystem /home/gpu/het68/pico-sdk/src/rp2_common/pico_platform_sections/include -isystem /home/gpu/het68/pico-sdk/src/rp2_common/hardware_dcp/include -isystem /home/gpu/het68/pico-sdk/src/rp2350/hardware_structs/include -isystem /home/gpu/het68/pico-sdk/src/rp2_common/hardware_rcp/include -isystem /home/gpu/het68/pico-sdk/src/common/hardware_claim/include -isystem /home/gpu/het68/pico-sdk/src/rp2_common/hardware_sync/include -isystem /home/gpu/het68/pico-sdk/src/rp2_common/hardware_sync_spin_lock/include -isystem /home/gpu/het68/pico-sdk/src/rp2_common/hardware_irq/include -isystem /home/gpu/het68/pico-sdk/src/rp2_common/hardware_uart/include -isystem /home/gpu/het68/pico-sdk/src/rp2_common/hardware_resets/include -isystem /home/gpu/het68/pico-sdk/src/rp2_common/hardware_clocks/include -isystem /home/gpu/het68/pico-sdk/src/rp2_common/hardware_pll/include -isystem /home/gpu/het68/pico-sdk/src/rp2_common/hardware_vreg/include -isystem /home/gpu/het68/pico-sdk/src/rp2_common/hardware_watchdog/include -isystem /home/gpu/het68/pico-sdk/src/rp2_common/hardware_ticks/include -isystem /home/gpu/het68/pico-sdk/src/rp2_common/pico_bootrom/include -isystem /home/gpu/het68/pico-sdk/src/common/boot_picoboot_headers/include -isystem /home/gpu/het68/pico-sdk/src/rp2_common/boot_bootrom_headers/include -isystem /home/gpu/het68/pico-sdk/src/rp2_common/hardware_boot_lock/include -isystem /home/gpu/het68/pico-sdk/src/rp2_common/pico_flash/include -isystem /home/gpu/het68/pico-sdk/src/common/pico_time/include -isystem /home/gpu/het68/pico-sdk/src/rp2_common/hardware_timer/include -isystem /home/gpu/het68/pico-sdk/src/common/pico_sync/include -isystem /home/gpu/het68/pico-sdk/src/common/pico_util/include -isystem /home/gpu/het68/pico-sdk/src/rp2_common/pico_time_adapter/include -isystem /home/gpu/het68/pico-sdk/src/rp2_common/hardware_xosc/include -isystem /home/gpu/het68/pico-sdk/src/rp2_common/hardware_divider/include -isystem /home/gpu/het68/pico-sdk/src/rp2_common/pico_runtime/include -isystem /home/gpu/het68/pico-sdk/src/rp2_common/pico_runtime_init/include -isystem /home/gpu/het68/pico-sdk/src/common/pico_bit_ops_headers/include -isystem /home/gpu/het68/pico-sdk/src/common/pico_divider_headers/include -isystem /home/gpu/het68/pico-sdk/src/rp2_common/pico_double/include -isystem /home/gpu/het68/pico-sdk/src/rp2_common/pico_float/include -isystem /home/gpu/het68/pico-sdk/src/rp2_common/pico_malloc/include -isystem /home/gpu/het68/pico-sdk/src/common/pico_binary_info/include -isystem /home/gpu/het68/pico-sdk/src/rp2_common/pico_printf/include -isystem /home/gpu/het68/pico-sdk/src/rp2_common/pico_stdio/include -isystem /home/gpu/het68/pico-sdk/src/rp2_common/pico_multicore/include -isystem /home/gpu/het68/pico-sdk/src/common/boot_picobin_headers/include -isystem /home/gpu/het68/pico-sdk/src/rp2350/boot_stage2/include -isystem /home/gpu/het68/pico-sdk/src/rp2_common/hardware_pio/include -isystem /home/gpu/het68/pico-sdk/src/rp2_common/hardware_dma/include -isystem /home/gpu/het68/pico-sdk/src/rp2_common/pico_fix/rp2040_usb_device_enumeration/include -isystem /home/gpu/het68/pico-sdk/src/rp2_common/pico_unique_id/include -isystem /home/gpu/het68/pico-sdk/src/rp2_common/hardware_flash/include -isystem /home/gpu/het68/pico-sdk/src/rp2_common/hardware_xip_cache/include -mcpu=cortex-m33 -mthumb -march=armv8-m.main+fp+dsp -mfloat-abi=softfp -mcmse -g -O3 -DNDEBUG -ffunction-sections -fdata-sections -MD -MT CMakeFiles/pico_6mic_soundcard.dir/pico-sdk/src/common/pico_sync/mutex.c.o -MF CMakeFiles/pico_6mic_soundcard.dir/pico-sdk/src/common/pico_sync/mutex.c.o.d -o CMakeFiles/pico_6mic_soundcard.dir/pico-sdk/src/common/pico_sync/mutex.c.o -c /home/gpu/het68/pico-sdk/src/common/pico_sync/mutex.c
[ 38%] Building C object CMakeFiles/pico_6mic_soundcard.dir/pico-sdk/src/common/pico_time/timeout_helper.c.o
/usr/bin/arm-none-eabi-gcc -DCFG_TUSB_DEBUG=0 -DCFG_TUSB_MCU=OPT_MCU_RP2040 -DCFG_TUSB_OS=OPT_OS_PICO -DLIB_BOOT_STAGE2_HEADERS=1 -DLIB_PICO_ATOMIC=1 -DLIB_PICO_BIT_OPS=1 -DLIB_PICO_BIT_OPS_PICO=1 -DLIB_PICO_CLIB_INTERFACE=1 -DLIB_PICO_CRT0=1 -DLIB_PICO_CXX_OPTIONS=1 -DLIB_PICO_DIVIDER=1 -DLIB_PICO_DIVIDER_COMPILER=1 -DLIB_PICO_DOUBLE=1 -DLIB_PICO_DOUBLE_PICO=1 -DLIB_PICO_FIX_RP2040_USB_DEVICE_ENUMERATION=1 -DLIB_PICO_FLASH=1 -DLIB_PICO_FLOAT=1 -DLIB_PICO_FLOAT_PICO=1 -DLIB_PICO_FLOAT_PICO_VFP=1 -DLIB_PICO_INT64_OPS=1 -DLIB_PICO_INT64_OPS_COMPILER=1 -DLIB_PICO_MALLOC=1 -DLIB_PICO_MEM_OPS=1 -DLIB_PICO_MEM_OPS_COMPILER=1 -DLIB_PICO_NEWLIB_INTERFACE=1 -DLIB_PICO_PLATFORM=1 -DLIB_PICO_PLATFORM_COMMON=1 -DLIB_PICO_PLATFORM_COMPILER=1 -DLIB_PICO_PLATFORM_PANIC=1 -DLIB_PICO_PLATFORM_SECTIONS=1 -DLIB_PICO_PRINTF=1 -DLIB_PICO_PRINTF_PICO=1 -DLIB_PICO_RUNTIME=1 -DLIB_PICO_RUNTIME_INIT=1 -DLIB_PICO_STANDARD_BINARY_INFO=1 -DLIB_PICO_STANDARD_LINK=1 -DLIB_PICO_STDIO=1 -DLIB_PICO_STDLIB=1 -DLIB_PICO_SYNC=1 -DLIB_PICO_SYNC_CRITICAL_SECTION=1 -DLIB_PICO_SYNC_MUTEX=1 -DLIB_PICO_SYNC_SEM=1 -DLIB_PICO_TIME=1 -DLIB_PICO_TIME_ADAPTER=1 -DLIB_PICO_UNIQUE_ID=1 -DLIB_PICO_UTIL=1 -DLIB_TINYUSB_BOARD=1 -DLIB_TINYUSB_DEVICE=1 -DPICO_32BIT=1 -DPICO_BOARD=\"pico2\" -DPICO_BUILD=1 -DPICO_CMAKE_BUILD_TYPE=\"Release\" -DPICO_COPY_TO_RAM=0 -DPICO_CXX_ENABLE_EXCEPTIONS=0 -DPICO_NO_FLASH=0 -DPICO_NO_HARDWARE=0 -DPICO_ON_DEVICE=1 -DPICO_RP2040_USB_DEVICE_UFRAME_FIX=1 -DPICO_RP2350=1 -DPICO_TARGET_NAME=\"pico_6mic_soundcard\" -DPICO_USE_BLOCKED_RAM=0 -I/home/gpu/het68/build -I/home/gpu/het68 -I/home/gpu/het68/pico-sdk/src/rp2_common/pico_atomic/include -I/home/gpu/het68/pico-sdk/lib/tinyusb/src -I/home/gpu/het68/pico-sdk/src/rp2_common/tinyusb/include -I/home/gpu/het68/pico-sdk/lib/tinyusb/hw -isystem /home/gpu/het68/pico-sdk/src/common/pico_stdlib_headers/include -isystem /home/gpu/het68/pico-sdk/src/rp2_common/hardware_gpio/include -isystem /home/gpu/het68/pico-sdk/src/common/pico_base_headers/include -isystem /home/gpu/het68/build/generated/pico_base -isystem /home/gpu/het68/pico-sdk/src/boards/include -isystem /home/gpu/het68/pico-sdk/src/rp2350/pico_platform/include -isystem /home/gpu/het68/pico-sdk/src/rp2350/hardware_regs/include -isystem /home/gpu/het68/pico-sdk/src/rp2_common/hardware_base/include -isystem /home/gpu/het68/pico-sdk/src/rp2_common/pico_platform_common/include -isystem /home/gpu/het68/pico-sdk/src/rp2_common/pico_platform_compiler/include -isystem /home/gpu/het68/pico-sdk/src/rp2_common/pico_platform_panic/include -isystem /home/gpu/het68/pico-sdk/src/rp2_common/pico_platform_sections/include -isystem /home/gpu/het68/pico-sdk/src/rp2_common/hardware_dcp/include -isystem /home/gpu/het68/pico-sdk/src/rp2350/hardware_structs/include -isystem /home/gpu/het68/pico-sdk/src/rp2_common/hardware_rcp/include -isystem /home/gpu/het68/pico-sdk/src/common/hardware_claim/include -isystem /home/gpu/het68/pico-sdk/src/rp2_common/hardware_sync/include -isystem /home/gpu/het68/pico-sdk/src/rp2_common/hardware_sync_spin_lock/include -isystem /home/gpu/het68/pico-sdk/src/rp2_common/hardware_irq/include -isystem /home/gpu/het68/pico-sdk/src/rp2_common/hardware_uart/include -isystem /home/gpu/het68/pico-sdk/src/rp2_common/hardware_resets/include -isystem /home/gpu/het68/pico-sdk/src/rp2_common/hardware_clocks/include -isystem /home/gpu/het68/pico-sdk/src/rp2_common/hardware_pll/include -isystem /home/gpu/het68/pico-sdk/src/rp2_common/hardware_vreg/include -isystem /home/gpu/het68/pico-sdk/src/rp2_common/hardware_watchdog/include -isystem /home/gpu/het68/pico-sdk/src/rp2_common/hardware_ticks/include -isystem /home/gpu/het68/pico-sdk/src/rp2_common/pico_bootrom/include -isystem /home/gpu/het68/pico-sdk/src/common/boot_picoboot_headers/include -isystem /home/gpu/het68/pico-sdk/src/rp2_common/boot_bootrom_headers/include -isystem /home/gpu/het68/pico-sdk/src/rp2_common/hardware_boot_lock/include -isystem /home/gpu/het68/pico-sdk/src/rp2_common/pico_flash/include -isystem /home/gpu/het68/pico-sdk/src/common/pico_time/include -isystem /home/gpu/het68/pico-sdk/src/rp2_common/hardware_timer/include -isystem /home/gpu/het68/pico-sdk/src/common/pico_sync/include -isystem /home/gpu/het68/pico-sdk/src/common/pico_util/include -isystem /home/gpu/het68/pico-sdk/src/rp2_common/pico_time_adapter/include -isystem /home/gpu/het68/pico-sdk/src/rp2_common/hardware_xosc/include -isystem /home/gpu/het68/pico-sdk/src/rp2_common/hardware_divider/include -isystem /home/gpu/het68/pico-sdk/src/rp2_common/pico_runtime/include -isystem /home/gpu/het68/pico-sdk/src/rp2_common/pico_runtime_init/include -isystem /home/gpu/het68/pico-sdk/src/common/pico_bit_ops_headers/include -isystem /home/gpu/het68/pico-sdk/src/common/pico_divider_headers/include -isystem /home/gpu/het68/pico-sdk/src/rp2_common/pico_double/include -isystem /home/gpu/het68/pico-sdk/src/rp2_common/pico_float/include -isystem /home/gpu/het68/pico-sdk/src/rp2_common/pico_malloc/include -isystem /home/gpu/het68/pico-sdk/src/common/pico_binary_info/include -isystem /home/gpu/het68/pico-sdk/src/rp2_common/pico_printf/include -isystem /home/gpu/het68/pico-sdk/src/rp2_common/pico_stdio/include -isystem /home/gpu/het68/pico-sdk/src/rp2_common/pico_multicore/include -isystem /home/gpu/het68/pico-sdk/src/common/boot_picobin_headers/include -isystem /home/gpu/het68/pico-sdk/src/rp2350/boot_stage2/include -isystem /home/gpu/het68/pico-sdk/src/rp2_common/hardware_pio/include -isystem /home/gpu/het68/pico-sdk/src/rp2_common/hardware_dma/include -isystem /home/gpu/het68/pico-sdk/src/rp2_common/pico_fix/rp2040_usb_device_enumeration/include -isystem /home/gpu/het68/pico-sdk/src/rp2_common/pico_unique_id/include -isystem /home/gpu/het68/pico-sdk/src/rp2_common/hardware_flash/include -isystem /home/gpu/het68/pico-sdk/src/rp2_common/hardware_xip_cache/include -mcpu=cortex-m33 -mthumb -march=armv8-m.main+fp+dsp -mfloat-abi=softfp -mcmse -g -O3 -DNDEBUG -ffunction-sections -fdata-sections -MD -MT CMakeFiles/pico_6mic_soundcard.dir/pico-sdk/src/common/pico_time/time.c.o -MF CMakeFiles/pico_6mic_soundcard.dir/pico-sdk/src/common/pico_time/time.c.o.d -o CMakeFiles/pico_6mic_soundcard.dir/pico-sdk/src/common/pico_time/time.c.o -c /home/gpu/het68/pico-sdk/src/common/pico_time/time.c
/usr/bin/arm-none-eabi-gcc -DCFG_TUSB_DEBUG=0 -DCFG_TUSB_MCU=OPT_MCU_RP2040 -DCFG_TUSB_OS=OPT_OS_PICO -DLIB_BOOT_STAGE2_HEADERS=1 -DLIB_PICO_ATOMIC=1 -DLIB_PICO_BIT_OPS=1 -DLIB_PICO_BIT_OPS_PICO=1 -DLIB_PICO_CLIB_INTERFACE=1 -DLIB_PICO_CRT0=1 -DLIB_PICO_CXX_OPTIONS=1 -DLIB_PICO_DIVIDER=1 -DLIB_PICO_DIVIDER_COMPILER=1 -DLIB_PICO_DOUBLE=1 -DLIB_PICO_DOUBLE_PICO=1 -DLIB_PICO_FIX_RP2040_USB_DEVICE_ENUMERATION=1 -DLIB_PICO_FLASH=1 -DLIB_PICO_FLOAT=1 -DLIB_PICO_FLOAT_PICO=1 -DLIB_PICO_FLOAT_PICO_VFP=1 -DLIB_PICO_INT64_OPS=1 -DLIB_PICO_INT64_OPS_COMPILER=1 -DLIB_PICO_MALLOC=1 -DLIB_PICO_MEM_OPS=1 -DLIB_PICO_MEM_OPS_COMPILER=1 -DLIB_PICO_NEWLIB_INTERFACE=1 -DLIB_PICO_PLATFORM=1 -DLIB_PICO_PLATFORM_COMMON=1 -DLIB_PICO_PLATFORM_COMPILER=1 -DLIB_PICO_PLATFORM_PANIC=1 -DLIB_PICO_PLATFORM_SECTIONS=1 -DLIB_PICO_PRINTF=1 -DLIB_PICO_PRINTF_PICO=1 -DLIB_PICO_RUNTIME=1 -DLIB_PICO_RUNTIME_INIT=1 -DLIB_PICO_STANDARD_BINARY_INFO=1 -DLIB_PICO_STANDARD_LINK=1 -DLIB_PICO_STDIO=1 -DLIB_PICO_STDLIB=1 -DLIB_PICO_SYNC=1 -DLIB_PICO_SYNC_CRITICAL_SECTION=1 -DLIB_PICO_SYNC_MUTEX=1 -DLIB_PICO_SYNC_SEM=1 -DLIB_PICO_TIME=1 -DLIB_PICO_TIME_ADAPTER=1 -DLIB_PICO_UNIQUE_ID=1 -DLIB_PICO_UTIL=1 -DLIB_TINYUSB_BOARD=1 -DLIB_TINYUSB_DEVICE=1 -DPICO_32BIT=1 -DPICO_BOARD=\"pico2\" -DPICO_BUILD=1 -DPICO_CMAKE_BUILD_TYPE=\"Release\" -DPICO_COPY_TO_RAM=0 -DPICO_CXX_ENABLE_EXCEPTIONS=0 -DPICO_NO_FLASH=0 -DPICO_NO_HARDWARE=0 -DPICO_ON_DEVICE=1 -DPICO_RP2040_USB_DEVICE_UFRAME_FIX=1 -DPICO_RP2350=1 -DPICO_TARGET_NAME=\"pico_6mic_soundcard\" -DPICO_USE_BLOCKED_RAM=0 -I/home/gpu/het68/build -I/home/gpu/het68 -I/home/gpu/het68/pico-sdk/src/rp2_common/pico_atomic/include -I/home/gpu/het68/pico-sdk/lib/tinyusb/src -I/home/gpu/het68/pico-sdk/src/rp2_common/tinyusb/include -I/home/gpu/het68/pico-sdk/lib/tinyusb/hw -isystem /home/gpu/het68/pico-sdk/src/common/pico_stdlib_headers/include -isystem /home/gpu/het68/pico-sdk/src/rp2_common/hardware_gpio/include -isystem /home/gpu/het68/pico-sdk/src/common/pico_base_headers/include -isystem /home/gpu/het68/build/generated/pico_base -isystem /home/gpu/het68/pico-sdk/src/boards/include -isystem /home/gpu/het68/pico-sdk/src/rp2350/pico_platform/include -isystem /home/gpu/het68/pico-sdk/src/rp2350/hardware_regs/include -isystem /home/gpu/het68/pico-sdk/src/rp2_common/hardware_base/include -isystem /home/gpu/het68/pico-sdk/src/rp2_common/pico_platform_common/include -isystem /home/gpu/het68/pico-sdk/src/rp2_common/pico_platform_compiler/include -isystem /home/gpu/het68/pico-sdk/src/rp2_common/pico_platform_panic/include -isystem /home/gpu/het68/pico-sdk/src/rp2_common/pico_platform_sections/include -isystem /home/gpu/het68/pico-sdk/src/rp2_common/hardware_dcp/include -isystem /home/gpu/het68/pico-sdk/src/rp2350/hardware_structs/include -isystem /home/gpu/het68/pico-sdk/src/rp2_common/hardware_rcp/include -isystem /home/gpu/het68/pico-sdk/src/common/hardware_claim/include -isystem /home/gpu/het68/pico-sdk/src/rp2_common/hardware_sync/include -isystem /home/gpu/het68/pico-sdk/src/rp2_common/hardware_sync_spin_lock/include -isystem /home/gpu/het68/pico-sdk/src/rp2_common/hardware_irq/include -isystem /home/gpu/het68/pico-sdk/src/rp2_common/hardware_uart/include -isystem /home/gpu/het68/pico-sdk/src/rp2_common/hardware_resets/include -isystem /home/gpu/het68/pico-sdk/src/rp2_common/hardware_clocks/include -isystem /home/gpu/het68/pico-sdk/src/rp2_common/hardware_pll/include -isystem /home/gpu/het68/pico-sdk/src/rp2_common/hardware_vreg/include -isystem /home/gpu/het68/pico-sdk/src/rp2_common/hardware_watchdog/include -isystem /home/gpu/het68/pico-sdk/src/rp2_common/hardware_ticks/include -isystem /home/gpu/het68/pico-sdk/src/rp2_common/pico_bootrom/include -isystem /home/gpu/het68/pico-sdk/src/common/boot_picoboot_headers/include -isystem /home/gpu/het68/pico-sdk/src/rp2_common/boot_bootrom_headers/include -isystem /home/gpu/het68/pico-sdk/src/rp2_common/hardware_boot_lock/include -isystem /home/gpu/het68/pico-sdk/src/rp2_common/pico_flash/include -isystem /home/gpu/het68/pico-sdk/src/common/pico_time/include -isystem /home/gpu/het68/pico-sdk/src/rp2_common/hardware_timer/include -isystem /home/gpu/het68/pico-sdk/src/common/pico_sync/include -isystem /home/gpu/het68/pico-sdk/src/common/pico_util/include -isystem /home/gpu/het68/pico-sdk/src/rp2_common/pico_time_adapter/include -isystem /home/gpu/het68/pico-sdk/src/rp2_common/hardware_xosc/include -isystem /home/gpu/het68/pico-sdk/src/rp2_common/hardware_divider/include -isystem /home/gpu/het68/pico-sdk/src/rp2_common/pico_runtime/include -isystem /home/gpu/het68/pico-sdk/src/rp2_common/pico_runtime_init/include -isystem /home/gpu/het68/pico-sdk/src/common/pico_bit_ops_headers/include -isystem /home/gpu/het68/pico-sdk/src/common/pico_divider_headers/include -isystem /home/gpu/het68/pico-sdk/src/rp2_common/pico_double/include -isystem /home/gpu/het68/pico-sdk/src/rp2_common/pico_float/include -isystem /home/gpu/het68/pico-sdk/src/rp2_common/pico_malloc/include -isystem /home/gpu/het68/pico-sdk/src/common/pico_binary_info/include -isystem /home/gpu/het68/pico-sdk/src/rp2_common/pico_printf/include -isystem /home/gpu/het68/pico-sdk/src/rp2_common/pico_stdio/include -isystem /home/gpu/het68/pico-sdk/src/rp2_common/pico_multicore/include -isystem /home/gpu/het68/pico-sdk/src/common/boot_picobin_headers/include -isystem /home/gpu/het68/pico-sdk/src/rp2350/boot_stage2/include -isystem /home/gpu/het68/pico-sdk/src/rp2_common/hardware_pio/include -isystem /home/gpu/het68/pico-sdk/src/rp2_common/hardware_dma/include -isystem /home/gpu/het68/pico-sdk/src/rp2_common/pico_fix/rp2040_usb_device_enumeration/include -isystem /home/gpu/het68/pico-sdk/src/rp2_common/pico_unique_id/include -isystem /home/gpu/het68/pico-sdk/src/rp2_common/hardware_flash/include -isystem /home/gpu/het68/pico-sdk/src/rp2_common/hardware_xip_cache/include -mcpu=cortex-m33 -mthumb -march=armv8-m.main+fp+dsp -mfloat-abi=softfp -mcmse -g -O3 -DNDEBUG -ffunction-sections -fdata-sections -MD -MT CMakeFiles/pico_6mic_soundcard.dir/pico-sdk/src/common/pico_time/timeout_helper.c.o -MF CMakeFiles/pico_6mic_soundcard.dir/pico-sdk/src/common/pico_time/timeout_helper.c.o.d -o CMakeFiles/pico_6mic_soundcard.dir/pico-sdk/src/common/pico_time/timeout_helper.c.o -c /home/gpu/het68/pico-sdk/src/common/pico_time/timeout_helper.c
[ 39%] Building C object CMakeFiles/pico_6mic_soundcard.dir/pico-sdk/src/rp2_common/hardware_timer/timer.c.o
/usr/bin/arm-none-eabi-gcc -DCFG_TUSB_DEBUG=0 -DCFG_TUSB_MCU=OPT_MCU_RP2040 -DCFG_TUSB_OS=OPT_OS_PICO -DLIB_BOOT_STAGE2_HEADERS=1 -DLIB_PICO_ATOMIC=1 -DLIB_PICO_BIT_OPS=1 -DLIB_PICO_BIT_OPS_PICO=1 -DLIB_PICO_CLIB_INTERFACE=1 -DLIB_PICO_CRT0=1 -DLIB_PICO_CXX_OPTIONS=1 -DLIB_PICO_DIVIDER=1 -DLIB_PICO_DIVIDER_COMPILER=1 -DLIB_PICO_DOUBLE=1 -DLIB_PICO_DOUBLE_PICO=1 -DLIB_PICO_FIX_RP2040_USB_DEVICE_ENUMERATION=1 -DLIB_PICO_FLASH=1 -DLIB_PICO_FLOAT=1 -DLIB_PICO_FLOAT_PICO=1 -DLIB_PICO_FLOAT_PICO_VFP=1 -DLIB_PICO_INT64_OPS=1 -DLIB_PICO_INT64_OPS_COMPILER=1 -DLIB_PICO_MALLOC=1 -DLIB_PICO_MEM_OPS=1 -DLIB_PICO_MEM_OPS_COMPILER=1 -DLIB_PICO_NEWLIB_INTERFACE=1 -DLIB_PICO_PLATFORM=1 -DLIB_PICO_PLATFORM_COMMON=1 -DLIB_PICO_PLATFORM_COMPILER=1 -DLIB_PICO_PLATFORM_PANIC=1 -DLIB_PICO_PLATFORM_SECTIONS=1 -DLIB_PICO_PRINTF=1 -DLIB_PICO_PRINTF_PICO=1 -DLIB_PICO_RUNTIME=1 -DLIB_PICO_RUNTIME_INIT=1 -DLIB_PICO_STANDARD_BINARY_INFO=1 -DLIB_PICO_STANDARD_LINK=1 -DLIB_PICO_STDIO=1 -DLIB_PICO_STDLIB=1 -DLIB_PICO_SYNC=1 -DLIB_PICO_SYNC_CRITICAL_SECTION=1 -DLIB_PICO_SYNC_MUTEX=1 -DLIB_PICO_SYNC_SEM=1 -DLIB_PICO_TIME=1 -DLIB_PICO_TIME_ADAPTER=1 -DLIB_PICO_UNIQUE_ID=1 -DLIB_PICO_UTIL=1 -DLIB_TINYUSB_BOARD=1 -DLIB_TINYUSB_DEVICE=1 -DPICO_32BIT=1 -DPICO_BOARD=\"pico2\" -DPICO_BUILD=1 -DPICO_CMAKE_BUILD_TYPE=\"Release\" -DPICO_COPY_TO_RAM=0 -DPICO_CXX_ENABLE_EXCEPTIONS=0 -DPICO_NO_FLASH=0 -DPICO_NO_HARDWARE=0 -DPICO_ON_DEVICE=1 -DPICO_RP2040_USB_DEVICE_UFRAME_FIX=1 -DPICO_RP2350=1 -DPICO_TARGET_NAME=\"pico_6mic_soundcard\" -DPICO_USE_BLOCKED_RAM=0 -I/home/gpu/het68/build -I/home/gpu/het68 -I/home/gpu/het68/pico-sdk/src/rp2_common/pico_atomic/include -I/home/gpu/het68/pico-sdk/lib/tinyusb/src -I/home/gpu/het68/pico-sdk/src/rp2_common/tinyusb/include -I/home/gpu/het68/pico-sdk/lib/tinyusb/hw -isystem /home/gpu/het68/pico-sdk/src/common/pico_stdlib_headers/include -isystem /home/gpu/het68/pico-sdk/src/rp2_common/hardware_gpio/include -isystem /home/gpu/het68/pico-sdk/src/common/pico_base_headers/include -isystem /home/gpu/het68/build/generated/pico_base -isystem /home/gpu/het68/pico-sdk/src/boards/include -isystem /home/gpu/het68/pico-sdk/src/rp2350/pico_platform/include -isystem /home/gpu/het68/pico-sdk/src/rp2350/hardware_regs/include -isystem /home/gpu/het68/pico-sdk/src/rp2_common/hardware_base/include -isystem /home/gpu/het68/pico-sdk/src/rp2_common/pico_platform_common/include -isystem /home/gpu/het68/pico-sdk/src/rp2_common/pico_platform_compiler/include -isystem /home/gpu/het68/pico-sdk/src/rp2_common/pico_platform_panic/include -isystem /home/gpu/het68/pico-sdk/src/rp2_common/pico_platform_sections/include -isystem /home/gpu/het68/pico-sdk/src/rp2_common/hardware_dcp/include -isystem /home/gpu/het68/pico-sdk/src/rp2350/hardware_structs/include -isystem /home/gpu/het68/pico-sdk/src/rp2_common/hardware_rcp/include -isystem /home/gpu/het68/pico-sdk/src/common/hardware_claim/include -isystem /home/gpu/het68/pico-sdk/src/rp2_common/hardware_sync/include -isystem /home/gpu/het68/pico-sdk/src/rp2_common/hardware_sync_spin_lock/include -isystem /home/gpu/het68/pico-sdk/src/rp2_common/hardware_irq/include -isystem /home/gpu/het68/pico-sdk/src/rp2_common/hardware_uart/include -isystem /home/gpu/het68/pico-sdk/src/rp2_common/hardware_resets/include -isystem /home/gpu/het68/pico-sdk/src/rp2_common/hardware_clocks/include -isystem /home/gpu/het68/pico-sdk/src/rp2_common/hardware_pll/include -isystem /home/gpu/het68/pico-sdk/src/rp2_common/hardware_vreg/include -isystem /home/gpu/het68/pico-sdk/src/rp2_common/hardware_watchdog/include -isystem /home/gpu/het68/pico-sdk/src/rp2_common/hardware_ticks/include -isystem /home/gpu/het68/pico-sdk/src/rp2_common/pico_bootrom/include -isystem /home/gpu/het68/pico-sdk/src/common/boot_picoboot_headers/include -isystem /home/gpu/het68/pico-sdk/src/rp2_common/boot_bootrom_headers/include -isystem /home/gpu/het68/pico-sdk/src/rp2_common/hardware_boot_lock/include -isystem /home/gpu/het68/pico-sdk/src/rp2_common/pico_flash/include -isystem /home/gpu/het68/pico-sdk/src/common/pico_time/include -isystem /home/gpu/het68/pico-sdk/src/rp2_common/hardware_timer/include -isystem /home/gpu/het68/pico-sdk/src/common/pico_sync/include -isystem /home/gpu/het68/pico-sdk/src/common/pico_util/include -isystem /home/gpu/het68/pico-sdk/src/rp2_common/pico_time_adapter/include -isystem /home/gpu/het68/pico-sdk/src/rp2_common/hardware_xosc/include -isystem /home/gpu/het68/pico-sdk/src/rp2_common/hardware_divider/include -isystem /home/gpu/het68/pico-sdk/src/rp2_common/pico_runtime/include -isystem /home/gpu/het68/pico-sdk/src/rp2_common/pico_runtime_init/include -isystem /home/gpu/het68/pico-sdk/src/common/pico_bit_ops_headers/include -isystem /home/gpu/het68/pico-sdk/src/common/pico_divider_headers/include -isystem /home/gpu/het68/pico-sdk/src/rp2_common/pico_double/include -isystem /home/gpu/het68/pico-sdk/src/rp2_common/pico_float/include -isystem /home/gpu/het68/pico-sdk/src/rp2_common/pico_malloc/include -isystem /home/gpu/het68/pico-sdk/src/common/pico_binary_info/include -isystem /home/gpu/het68/pico-sdk/src/rp2_common/pico_printf/include -isystem /home/gpu/het68/pico-sdk/src/rp2_common/pico_stdio/include -isystem /home/gpu/het68/pico-sdk/src/rp2_common/pico_multicore/include -isystem /home/gpu/het68/pico-sdk/src/common/boot_picobin_headers/include -isystem /home/gpu/het68/pico-sdk/src/rp2350/boot_stage2/include -isystem /home/gpu/het68/pico-sdk/src/rp2_common/hardware_pio/include -isystem /home/gpu/het68/pico-sdk/src/rp2_common/hardware_dma/include -isystem /home/gpu/het68/pico-sdk/src/rp2_common/pico_fix/rp2040_usb_device_enumeration/include -isystem /home/gpu/het68/pico-sdk/src/rp2_common/pico_unique_id/include -isystem /home/gpu/het68/pico-sdk/src/rp2_common/hardware_flash/include -isystem /home/gpu/het68/pico-sdk/src/rp2_common/hardware_xip_cache/include -mcpu=cortex-m33 -mthumb -march=armv8-m.main+fp+dsp -mfloat-abi=softfp -mcmse -g -O3 -DNDEBUG -ffunction-sections -fdata-sections -MD -MT CMakeFiles/pico_6mic_soundcard.dir/pico-sdk/src/rp2_common/hardware_timer/timer.c.o -MF CMakeFiles/pico_6mic_soundcard.dir/pico-sdk/src/rp2_common/hardware_timer/timer.c.o.d -o CMakeFiles/pico_6mic_soundcard.dir/pico-sdk/src/rp2_common/hardware_timer/timer.c.o -c /home/gpu/het68/pico-sdk/src/rp2_common/hardware_timer/timer.c
[ 40%] Building C object CMakeFiles/pico_6mic_soundcard.dir/pico-sdk/src/rp2_common/hardware_clocks/clocks.c.o
[ 41%] Building C object CMakeFiles/pico_6mic_soundcard.dir/pico-sdk/src/common/pico_util/datetime.c.o
/usr/bin/arm-none-eabi-gcc -DCFG_TUSB_DEBUG=0 -DCFG_TUSB_MCU=OPT_MCU_RP2040 -DCFG_TUSB_OS=OPT_OS_PICO -DLIB_BOOT_STAGE2_HEADERS=1 -DLIB_PICO_ATOMIC=1 -DLIB_PICO_BIT_OPS=1 -DLIB_PICO_BIT_OPS_PICO=1 -DLIB_PICO_CLIB_INTERFACE=1 -DLIB_PICO_CRT0=1 -DLIB_PICO_CXX_OPTIONS=1 -DLIB_PICO_DIVIDER=1 -DLIB_PICO_DIVIDER_COMPILER=1 -DLIB_PICO_DOUBLE=1 -DLIB_PICO_DOUBLE_PICO=1 -DLIB_PICO_FIX_RP2040_USB_DEVICE_ENUMERATION=1 -DLIB_PICO_FLASH=1 -DLIB_PICO_FLOAT=1 -DLIB_PICO_FLOAT_PICO=1 -DLIB_PICO_FLOAT_PICO_VFP=1 -DLIB_PICO_INT64_OPS=1 -DLIB_PICO_INT64_OPS_COMPILER=1 -DLIB_PICO_MALLOC=1 -DLIB_PICO_MEM_OPS=1 -DLIB_PICO_MEM_OPS_COMPILER=1 -DLIB_PICO_NEWLIB_INTERFACE=1 -DLIB_PICO_PLATFORM=1 -DLIB_PICO_PLATFORM_COMMON=1 -DLIB_PICO_PLATFORM_COMPILER=1 -DLIB_PICO_PLATFORM_PANIC=1 -DLIB_PICO_PLATFORM_SECTIONS=1 -DLIB_PICO_PRINTF=1 -DLIB_PICO_PRINTF_PICO=1 -DLIB_PICO_RUNTIME=1 -DLIB_PICO_RUNTIME_INIT=1 -DLIB_PICO_STANDARD_BINARY_INFO=1 -DLIB_PICO_STANDARD_LINK=1 -DLIB_PICO_STDIO=1 -DLIB_PICO_STDLIB=1 -DLIB_PICO_SYNC=1 -DLIB_PICO_SYNC_CRITICAL_SECTION=1 -DLIB_PICO_SYNC_MUTEX=1 -DLIB_PICO_SYNC_SEM=1 -DLIB_PICO_TIME=1 -DLIB_PICO_TIME_ADAPTER=1 -DLIB_PICO_UNIQUE_ID=1 -DLIB_PICO_UTIL=1 -DLIB_TINYUSB_BOARD=1 -DLIB_TINYUSB_DEVICE=1 -DPICO_32BIT=1 -DPICO_BOARD=\"pico2\" -DPICO_BUILD=1 -DPICO_CMAKE_BUILD_TYPE=\"Release\" -DPICO_COPY_TO_RAM=0 -DPICO_CXX_ENABLE_EXCEPTIONS=0 -DPICO_NO_FLASH=0 -DPICO_NO_HARDWARE=0 -DPICO_ON_DEVICE=1 -DPICO_RP2040_USB_DEVICE_UFRAME_FIX=1 -DPICO_RP2350=1 -DPICO_TARGET_NAME=\"pico_6mic_soundcard\" -DPICO_USE_BLOCKED_RAM=0 -I/home/gpu/het68/build -I/home/gpu/het68 -I/home/gpu/het68/pico-sdk/src/rp2_common/pico_atomic/include -I/home/gpu/het68/pico-sdk/lib/tinyusb/src -I/home/gpu/het68/pico-sdk/src/rp2_common/tinyusb/include -I/home/gpu/het68/pico-sdk/lib/tinyusb/hw -isystem /home/gpu/het68/pico-sdk/src/common/pico_stdlib_headers/include -isystem /home/gpu/het68/pico-sdk/src/rp2_common/hardware_gpio/include -isystem /home/gpu/het68/pico-sdk/src/common/pico_base_headers/include -isystem /home/gpu/het68/build/generated/pico_base -isystem /home/gpu/het68/pico-sdk/src/boards/include -isystem /home/gpu/het68/pico-sdk/src/rp2350/pico_platform/include -isystem /home/gpu/het68/pico-sdk/src/rp2350/hardware_regs/include -isystem /home/gpu/het68/pico-sdk/src/rp2_common/hardware_base/include -isystem /home/gpu/het68/pico-sdk/src/rp2_common/pico_platform_common/include -isystem /home/gpu/het68/pico-sdk/src/rp2_common/pico_platform_compiler/include -isystem /home/gpu/het68/pico-sdk/src/rp2_common/pico_platform_panic/include -isystem /home/gpu/het68/pico-sdk/src/rp2_common/pico_platform_sections/include -isystem /home/gpu/het68/pico-sdk/src/rp2_common/hardware_dcp/include -isystem /home/gpu/het68/pico-sdk/src/rp2350/hardware_structs/include -isystem /home/gpu/het68/pico-sdk/src/rp2_common/hardware_rcp/include -isystem /home/gpu/het68/pico-sdk/src/common/hardware_claim/include -isystem /home/gpu/het68/pico-sdk/src/rp2_common/hardware_sync/include -isystem /home/gpu/het68/pico-sdk/src/rp2_common/hardware_sync_spin_lock/include -isystem /home/gpu/het68/pico-sdk/src/rp2_common/hardware_irq/include -isystem /home/gpu/het68/pico-sdk/src/rp2_common/hardware_uart/include -isystem /home/gpu/het68/pico-sdk/src/rp2_common/hardware_resets/include -isystem /home/gpu/het68/pico-sdk/src/rp2_common/hardware_clocks/include -isystem /home/gpu/het68/pico-sdk/src/rp2_common/hardware_pll/include -isystem /home/gpu/het68/pico-sdk/src/rp2_common/hardware_vreg/include -isystem /home/gpu/het68/pico-sdk/src/rp2_common/hardware_watchdog/include -isystem /home/gpu/het68/pico-sdk/src/rp2_common/hardware_ticks/include -isystem /home/gpu/het68/pico-sdk/src/rp2_common/pico_bootrom/include -isystem /home/gpu/het68/pico-sdk/src/common/boot_picoboot_headers/include -isystem /home/gpu/het68/pico-sdk/src/rp2_common/boot_bootrom_headers/include -isystem /home/gpu/het68/pico-sdk/src/rp2_common/hardware_boot_lock/include -isystem /home/gpu/het68/pico-sdk/src/rp2_common/pico_flash/include -isystem /home/gpu/het68/pico-sdk/src/common/pico_time/include -isystem /home/gpu/het68/pico-sdk/src/rp2_common/hardware_timer/include -isystem /home/gpu/het68/pico-sdk/src/common/pico_sync/include -isystem /home/gpu/het68/pico-sdk/src/common/pico_util/include -isystem /home/gpu/het68/pico-sdk/src/rp2_common/pico_time_adapter/include -isystem /home/gpu/het68/pico-sdk/src/rp2_common/hardware_xosc/include -isystem /home/gpu/het68/pico-sdk/src/rp2_common/hardware_divider/include -isystem /home/gpu/het68/pico-sdk/src/rp2_common/pico_runtime/include -isystem /home/gpu/het68/pico-sdk/src/rp2_common/pico_runtime_init/include -isystem /home/gpu/het68/pico-sdk/src/common/pico_bit_ops_headers/include -isystem /home/gpu/het68/pico-sdk/src/common/pico_divider_headers/include -isystem /home/gpu/het68/pico-sdk/src/rp2_common/pico_double/include -isystem /home/gpu/het68/pico-sdk/src/rp2_common/pico_float/include -isystem /home/gpu/het68/pico-sdk/src/rp2_common/pico_malloc/include -isystem /home/gpu/het68/pico-sdk/src/common/pico_binary_info/include -isystem /home/gpu/het68/pico-sdk/src/rp2_common/pico_printf/include -isystem /home/gpu/het68/pico-sdk/src/rp2_common/pico_stdio/include -isystem /home/gpu/het68/pico-sdk/src/rp2_common/pico_multicore/include -isystem /home/gpu/het68/pico-sdk/src/common/boot_picobin_headers/include -isystem /home/gpu/het68/pico-sdk/src/rp2350/boot_stage2/include -isystem /home/gpu/het68/pico-sdk/src/rp2_common/hardware_pio/include -isystem /home/gpu/het68/pico-sdk/src/rp2_common/hardware_dma/include -isystem /home/gpu/het68/pico-sdk/src/rp2_common/pico_fix/rp2040_usb_device_enumeration/include -isystem /home/gpu/het68/pico-sdk/src/rp2_common/pico_unique_id/include -isystem /home/gpu/het68/pico-sdk/src/rp2_common/hardware_flash/include -isystem /home/gpu/het68/pico-sdk/src/rp2_common/hardware_xip_cache/include -mcpu=cortex-m33 -mthumb -march=armv8-m.main+fp+dsp -mfloat-abi=softfp -mcmse -g -O3 -DNDEBUG -ffunction-sections -fdata-sections -MD -MT CMakeFiles/pico_6mic_soundcard.dir/pico-sdk/src/rp2_common/hardware_clocks/clocks.c.o -MF CMakeFiles/pico_6mic_soundcard.dir/pico-sdk/src/rp2_common/hardware_clocks/clocks.c.o.d -o CMakeFiles/pico_6mic_soundcard.dir/pico-sdk/src/rp2_common/hardware_clocks/clocks.c.o -c /home/gpu/het68/pico-sdk/src/rp2_common/hardware_clocks/clocks.c
/usr/bin/arm-none-eabi-gcc -DCFG_TUSB_DEBUG=0 -DCFG_TUSB_MCU=OPT_MCU_RP2040 -DCFG_TUSB_OS=OPT_OS_PICO -DLIB_BOOT_STAGE2_HEADERS=1 -DLIB_PICO_ATOMIC=1 -DLIB_PICO_BIT_OPS=1 -DLIB_PICO_BIT_OPS_PICO=1 -DLIB_PICO_CLIB_INTERFACE=1 -DLIB_PICO_CRT0=1 -DLIB_PICO_CXX_OPTIONS=1 -DLIB_PICO_DIVIDER=1 -DLIB_PICO_DIVIDER_COMPILER=1 -DLIB_PICO_DOUBLE=1 -DLIB_PICO_DOUBLE_PICO=1 -DLIB_PICO_FIX_RP2040_USB_DEVICE_ENUMERATION=1 -DLIB_PICO_FLASH=1 -DLIB_PICO_FLOAT=1 -DLIB_PICO_FLOAT_PICO=1 -DLIB_PICO_FLOAT_PICO_VFP=1 -DLIB_PICO_INT64_OPS=1 -DLIB_PICO_INT64_OPS_COMPILER=1 -DLIB_PICO_MALLOC=1 -DLIB_PICO_MEM_OPS=1 -DLIB_PICO_MEM_OPS_COMPILER=1 -DLIB_PICO_NEWLIB_INTERFACE=1 -DLIB_PICO_PLATFORM=1 -DLIB_PICO_PLATFORM_COMMON=1 -DLIB_PICO_PLATFORM_COMPILER=1 -DLIB_PICO_PLATFORM_PANIC=1 -DLIB_PICO_PLATFORM_SECTIONS=1 -DLIB_PICO_PRINTF=1 -DLIB_PICO_PRINTF_PICO=1 -DLIB_PICO_RUNTIME=1 -DLIB_PICO_RUNTIME_INIT=1 -DLIB_PICO_STANDARD_BINARY_INFO=1 -DLIB_PICO_STANDARD_LINK=1 -DLIB_PICO_STDIO=1 -DLIB_PICO_STDLIB=1 -DLIB_PICO_SYNC=1 -DLIB_PICO_SYNC_CRITICAL_SECTION=1 -DLIB_PICO_SYNC_MUTEX=1 -DLIB_PICO_SYNC_SEM=1 -DLIB_PICO_TIME=1 -DLIB_PICO_TIME_ADAPTER=1 -DLIB_PICO_UNIQUE_ID=1 -DLIB_PICO_UTIL=1 -DLIB_TINYUSB_BOARD=1 -DLIB_TINYUSB_DEVICE=1 -DPICO_32BIT=1 -DPICO_BOARD=\"pico2\" -DPICO_BUILD=1 -DPICO_CMAKE_BUILD_TYPE=\"Release\" -DPICO_COPY_TO_RAM=0 -DPICO_CXX_ENABLE_EXCEPTIONS=0 -DPICO_NO_FLASH=0 -DPICO_NO_HARDWARE=0 -DPICO_ON_DEVICE=1 -DPICO_RP2040_USB_DEVICE_UFRAME_FIX=1 -DPICO_RP2350=1 -DPICO_TARGET_NAME=\"pico_6mic_soundcard\" -DPICO_USE_BLOCKED_RAM=0 -I/home/gpu/het68/build -I/home/gpu/het68 -I/home/gpu/het68/pico-sdk/src/rp2_common/pico_atomic/include -I/home/gpu/het68/pico-sdk/lib/tinyusb/src -I/home/gpu/het68/pico-sdk/src/rp2_common/tinyusb/include -I/home/gpu/het68/pico-sdk/lib/tinyusb/hw -isystem /home/gpu/het68/pico-sdk/src/common/pico_stdlib_headers/include -isystem /home/gpu/het68/pico-sdk/src/rp2_common/hardware_gpio/include -isystem /home/gpu/het68/pico-sdk/src/common/pico_base_headers/include -isystem /home/gpu/het68/build/generated/pico_base -isystem /home/gpu/het68/pico-sdk/src/boards/include -isystem /home/gpu/het68/pico-sdk/src/rp2350/pico_platform/include -isystem /home/gpu/het68/pico-sdk/src/rp2350/hardware_regs/include -isystem /home/gpu/het68/pico-sdk/src/rp2_common/hardware_base/include -isystem /home/gpu/het68/pico-sdk/src/rp2_common/pico_platform_common/include -isystem /home/gpu/het68/pico-sdk/src/rp2_common/pico_platform_compiler/include -isystem /home/gpu/het68/pico-sdk/src/rp2_common/pico_platform_panic/include -isystem /home/gpu/het68/pico-sdk/src/rp2_common/pico_platform_sections/include -isystem /home/gpu/het68/pico-sdk/src/rp2_common/hardware_dcp/include -isystem /home/gpu/het68/pico-sdk/src/rp2350/hardware_structs/include -isystem /home/gpu/het68/pico-sdk/src/rp2_common/hardware_rcp/include -isystem /home/gpu/het68/pico-sdk/src/common/hardware_claim/include -isystem /home/gpu/het68/pico-sdk/src/rp2_common/hardware_sync/include -isystem /home/gpu/het68/pico-sdk/src/rp2_common/hardware_sync_spin_lock/include -isystem /home/gpu/het68/pico-sdk/src/rp2_common/hardware_irq/include -isystem /home/gpu/het68/pico-sdk/src/rp2_common/hardware_uart/include -isystem /home/gpu/het68/pico-sdk/src/rp2_common/hardware_resets/include -isystem /home/gpu/het68/pico-sdk/src/rp2_common/hardware_clocks/include -isystem /home/gpu/het68/pico-sdk/src/rp2_common/hardware_pll/include -isystem /home/gpu/het68/pico-sdk/src/rp2_common/hardware_vreg/include -isystem /home/gpu/het68/pico-sdk/src/rp2_common/hardware_watchdog/include -isystem /home/gpu/het68/pico-sdk/src/rp2_common/hardware_ticks/include -isystem /home/gpu/het68/pico-sdk/src/rp2_common/pico_bootrom/include -isystem /home/gpu/het68/pico-sdk/src/common/boot_picoboot_headers/include -isystem /home/gpu/het68/pico-sdk/src/rp2_common/boot_bootrom_headers/include -isystem /home/gpu/het68/pico-sdk/src/rp2_common/hardware_boot_lock/include -isystem /home/gpu/het68/pico-sdk/src/rp2_common/pico_flash/include -isystem /home/gpu/het68/pico-sdk/src/common/pico_time/include -isystem /home/gpu/het68/pico-sdk/src/rp2_common/hardware_timer/include -isystem /home/gpu/het68/pico-sdk/src/common/pico_sync/include -isystem /home/gpu/het68/pico-sdk/src/common/pico_util/include -isystem /home/gpu/het68/pico-sdk/src/rp2_common/pico_time_adapter/include -isystem /home/gpu/het68/pico-sdk/src/rp2_common/hardware_xosc/include -isystem /home/gpu/het68/pico-sdk/src/rp2_common/hardware_divider/include -isystem /home/gpu/het68/pico-sdk/src/rp2_common/pico_runtime/include -isystem /home/gpu/het68/pico-sdk/src/rp2_common/pico_runtime_init/include -isystem /home/gpu/het68/pico-sdk/src/common/pico_bit_ops_headers/include -isystem /home/gpu/het68/pico-sdk/src/common/pico_divider_headers/include -isystem /home/gpu/het68/pico-sdk/src/rp2_common/pico_double/include -isystem /home/gpu/het68/pico-sdk/src/rp2_common/pico_float/include -isystem /home/gpu/het68/pico-sdk/src/rp2_common/pico_malloc/include -isystem /home/gpu/het68/pico-sdk/src/common/pico_binary_info/include -isystem /home/gpu/het68/pico-sdk/src/rp2_common/pico_printf/include -isystem /home/gpu/het68/pico-sdk/src/rp2_common/pico_stdio/include -isystem /home/gpu/het68/pico-sdk/src/rp2_common/pico_multicore/include -isystem /home/gpu/het68/pico-sdk/src/common/boot_picobin_headers/include -isystem /home/gpu/het68/pico-sdk/src/rp2350/boot_stage2/include -isystem /home/gpu/het68/pico-sdk/src/rp2_common/hardware_pio/include -isystem /home/gpu/het68/pico-sdk/src/rp2_common/hardware_dma/include -isystem /home/gpu/het68/pico-sdk/src/rp2_common/pico_fix/rp2040_usb_device_enumeration/include -isystem /home/gpu/het68/pico-sdk/src/rp2_common/pico_unique_id/include -isystem /home/gpu/het68/pico-sdk/src/rp2_common/hardware_flash/include -isystem /home/gpu/het68/pico-sdk/src/rp2_common/hardware_xip_cache/include -mcpu=cortex-m33 -mthumb -march=armv8-m.main+fp+dsp -mfloat-abi=softfp -mcmse -g -O3 -DNDEBUG -ffunction-sections -fdata-sections -MD -MT CMakeFiles/pico_6mic_soundcard.dir/pico-sdk/src/common/pico_util/datetime.c.o -MF CMakeFiles/pico_6mic_soundcard.dir/pico-sdk/src/common/pico_util/datetime.c.o.d -o CMakeFiles/pico_6mic_soundcard.dir/pico-sdk/src/common/pico_util/datetime.c.o -c /home/gpu/het68/pico-sdk/src/common/pico_util/datetime.c
[ 42%] Building C object CMakeFiles/pico_6mic_soundcard.dir/pico-sdk/src/rp2_common/hardware_uart/uart.c.o
[ 43%] Building C object CMakeFiles/pico_6mic_soundcard.dir/pico-sdk/src/rp2_common/hardware_watchdog/watchdog.c.o
/usr/bin/arm-none-eabi-gcc -DCFG_TUSB_DEBUG=0 -DCFG_TUSB_MCU=OPT_MCU_RP2040 -DCFG_TUSB_OS=OPT_OS_PICO -DLIB_BOOT_STAGE2_HEADERS=1 -DLIB_PICO_ATOMIC=1 -DLIB_PICO_BIT_OPS=1 -DLIB_PICO_BIT_OPS_PICO=1 -DLIB_PICO_CLIB_INTERFACE=1 -DLIB_PICO_CRT0=1 -DLIB_PICO_CXX_OPTIONS=1 -DLIB_PICO_DIVIDER=1 -DLIB_PICO_DIVIDER_COMPILER=1 -DLIB_PICO_DOUBLE=1 -DLIB_PICO_DOUBLE_PICO=1 -DLIB_PICO_FIX_RP2040_USB_DEVICE_ENUMERATION=1 -DLIB_PICO_FLASH=1 -DLIB_PICO_FLOAT=1 -DLIB_PICO_FLOAT_PICO=1 -DLIB_PICO_FLOAT_PICO_VFP=1 -DLIB_PICO_INT64_OPS=1 -DLIB_PICO_INT64_OPS_COMPILER=1 -DLIB_PICO_MALLOC=1 -DLIB_PICO_MEM_OPS=1 -DLIB_PICO_MEM_OPS_COMPILER=1 -DLIB_PICO_NEWLIB_INTERFACE=1 -DLIB_PICO_PLATFORM=1 -DLIB_PICO_PLATFORM_COMMON=1 -DLIB_PICO_PLATFORM_COMPILER=1 -DLIB_PICO_PLATFORM_PANIC=1 -DLIB_PICO_PLATFORM_SECTIONS=1 -DLIB_PICO_PRINTF=1 -DLIB_PICO_PRINTF_PICO=1 -DLIB_PICO_RUNTIME=1 -DLIB_PICO_RUNTIME_INIT=1 -DLIB_PICO_STANDARD_BINARY_INFO=1 -DLIB_PICO_STANDARD_LINK=1 -DLIB_PICO_STDIO=1 -DLIB_PICO_STDLIB=1 -DLIB_PICO_SYNC=1 -DLIB_PICO_SYNC_CRITICAL_SECTION=1 -DLIB_PICO_SYNC_MUTEX=1 -DLIB_PICO_SYNC_SEM=1 -DLIB_PICO_TIME=1 -DLIB_PICO_TIME_ADAPTER=1 -DLIB_PICO_UNIQUE_ID=1 -DLIB_PICO_UTIL=1 -DLIB_TINYUSB_BOARD=1 -DLIB_TINYUSB_DEVICE=1 -DPICO_32BIT=1 -DPICO_BOARD=\"pico2\" -DPICO_BUILD=1 -DPICO_CMAKE_BUILD_TYPE=\"Release\" -DPICO_COPY_TO_RAM=0 -DPICO_CXX_ENABLE_EXCEPTIONS=0 -DPICO_NO_FLASH=0 -DPICO_NO_HARDWARE=0 -DPICO_ON_DEVICE=1 -DPICO_RP2040_USB_DEVICE_UFRAME_FIX=1 -DPICO_RP2350=1 -DPICO_TARGET_NAME=\"pico_6mic_soundcard\" -DPICO_USE_BLOCKED_RAM=0 -I/home/gpu/het68/build -I/home/gpu/het68 -I/home/gpu/het68/pico-sdk/src/rp2_common/pico_atomic/include -I/home/gpu/het68/pico-sdk/lib/tinyusb/src -I/home/gpu/het68/pico-sdk/src/rp2_common/tinyusb/include -I/home/gpu/het68/pico-sdk/lib/tinyusb/hw -isystem /home/gpu/het68/pico-sdk/src/common/pico_stdlib_headers/include -isystem /home/gpu/het68/pico-sdk/src/rp2_common/hardware_gpio/include -isystem /home/gpu/het68/pico-sdk/src/common/pico_base_headers/include -isystem /home/gpu/het68/build/generated/pico_base -isystem /home/gpu/het68/pico-sdk/src/boards/include -isystem /home/gpu/het68/pico-sdk/src/rp2350/pico_platform/include -isystem /home/gpu/het68/pico-sdk/src/rp2350/hardware_regs/include -isystem /home/gpu/het68/pico-sdk/src/rp2_common/hardware_base/include -isystem /home/gpu/het68/pico-sdk/src/rp2_common/pico_platform_common/include -isystem /home/gpu/het68/pico-sdk/src/rp2_common/pico_platform_compiler/include -isystem /home/gpu/het68/pico-sdk/src/rp2_common/pico_platform_panic/include -isystem /home/gpu/het68/pico-sdk/src/rp2_common/pico_platform_sections/include -isystem /home/gpu/het68/pico-sdk/src/rp2_common/hardware_dcp/include -isystem /home/gpu/het68/pico-sdk/src/rp2350/hardware_structs/include -isystem /home/gpu/het68/pico-sdk/src/rp2_common/hardware_rcp/include -isystem /home/gpu/het68/pico-sdk/src/common/hardware_claim/include -isystem /home/gpu/het68/pico-sdk/src/rp2_common/hardware_sync/include -isystem /home/gpu/het68/pico-sdk/src/rp2_common/hardware_sync_spin_lock/include -isystem /home/gpu/het68/pico-sdk/src/rp2_common/hardware_irq/include -isystem /home/gpu/het68/pico-sdk/src/rp2_common/hardware_uart/include -isystem /home/gpu/het68/pico-sdk/src/rp2_common/hardware_resets/include -isystem /home/gpu/het68/pico-sdk/src/rp2_common/hardware_clocks/include -isystem /home/gpu/het68/pico-sdk/src/rp2_common/hardware_pll/include -isystem /home/gpu/het68/pico-sdk/src/rp2_common/hardware_vreg/include -isystem /home/gpu/het68/pico-sdk/src/rp2_common/hardware_watchdog/include -isystem /home/gpu/het68/pico-sdk/src/rp2_common/hardware_ticks/include -isystem /home/gpu/het68/pico-sdk/src/rp2_common/pico_bootrom/include -isystem /home/gpu/het68/pico-sdk/src/common/boot_picoboot_headers/include -isystem /home/gpu/het68/pico-sdk/src/rp2_common/boot_bootrom_headers/include -isystem /home/gpu/het68/pico-sdk/src/rp2_common/hardware_boot_lock/include -isystem /home/gpu/het68/pico-sdk/src/rp2_common/pico_flash/include -isystem /home/gpu/het68/pico-sdk/src/common/pico_time/include -isystem /home/gpu/het68/pico-sdk/src/rp2_common/hardware_timer/include -isystem /home/gpu/het68/pico-sdk/src/common/pico_sync/include -isystem /home/gpu/het68/pico-sdk/src/common/pico_util/include -isystem /home/gpu/het68/pico-sdk/src/rp2_common/pico_time_adapter/include -isystem /home/gpu/het68/pico-sdk/src/rp2_common/hardware_xosc/include -isystem /home/gpu/het68/pico-sdk/src/rp2_common/hardware_divider/include -isystem /home/gpu/het68/pico-sdk/src/rp2_common/pico_runtime/include -isystem /home/gpu/het68/pico-sdk/src/rp2_common/pico_runtime_init/include -isystem /home/gpu/het68/pico-sdk/src/common/pico_bit_ops_headers/include -isystem /home/gpu/het68/pico-sdk/src/common/pico_divider_headers/include -isystem /home/gpu/het68/pico-sdk/src/rp2_common/pico_double/include -isystem /home/gpu/het68/pico-sdk/src/rp2_common/pico_float/include -isystem /home/gpu/het68/pico-sdk/src/rp2_common/pico_malloc/include -isystem /home/gpu/het68/pico-sdk/src/common/pico_binary_info/include -isystem /home/gpu/het68/pico-sdk/src/rp2_common/pico_printf/include -isystem /home/gpu/het68/pico-sdk/src/rp2_common/pico_stdio/include -isystem /home/gpu/het68/pico-sdk/src/rp2_common/pico_multicore/include -isystem /home/gpu/het68/pico-sdk/src/common/boot_picobin_headers/include -isystem /home/gpu/het68/pico-sdk/src/rp2350/boot_stage2/include -isystem /home/gpu/het68/pico-sdk/src/rp2_common/hardware_pio/include -isystem /home/gpu/het68/pico-sdk/src/rp2_common/hardware_dma/include -isystem /home/gpu/het68/pico-sdk/src/rp2_common/pico_fix/rp2040_usb_device_enumeration/include -isystem /home/gpu/het68/pico-sdk/src/rp2_common/pico_unique_id/include -isystem /home/gpu/het68/pico-sdk/src/rp2_common/hardware_flash/include -isystem /home/gpu/het68/pico-sdk/src/rp2_common/hardware_xip_cache/include -mcpu=cortex-m33 -mthumb -march=armv8-m.main+fp+dsp -mfloat-abi=softfp -mcmse -g -O3 -DNDEBUG -ffunction-sections -fdata-sections -MD -MT CMakeFiles/pico_6mic_soundcard.dir/pico-sdk/src/rp2_common/hardware_watchdog/watchdog.c.o -MF CMakeFiles/pico_6mic_soundcard.dir/pico-sdk/src/rp2_common/hardware_watchdog/watchdog.c.o.d -o CMakeFiles/pico_6mic_soundcard.dir/pico-sdk/src/rp2_common/hardware_watchdog/watchdog.c.o -c /home/gpu/het68/pico-sdk/src/rp2_common/hardware_watchdog/watchdog.c
/usr/bin/arm-none-eabi-gcc -DCFG_TUSB_DEBUG=0 -DCFG_TUSB_MCU=OPT_MCU_RP2040 -DCFG_TUSB_OS=OPT_OS_PICO -DLIB_BOOT_STAGE2_HEADERS=1 -DLIB_PICO_ATOMIC=1 -DLIB_PICO_BIT_OPS=1 -DLIB_PICO_BIT_OPS_PICO=1 -DLIB_PICO_CLIB_INTERFACE=1 -DLIB_PICO_CRT0=1 -DLIB_PICO_CXX_OPTIONS=1 -DLIB_PICO_DIVIDER=1 -DLIB_PICO_DIVIDER_COMPILER=1 -DLIB_PICO_DOUBLE=1 -DLIB_PICO_DOUBLE_PICO=1 -DLIB_PICO_FIX_RP2040_USB_DEVICE_ENUMERATION=1 -DLIB_PICO_FLASH=1 -DLIB_PICO_FLOAT=1 -DLIB_PICO_FLOAT_PICO=1 -DLIB_PICO_FLOAT_PICO_VFP=1 -DLIB_PICO_INT64_OPS=1 -DLIB_PICO_INT64_OPS_COMPILER=1 -DLIB_PICO_MALLOC=1 -DLIB_PICO_MEM_OPS=1 -DLIB_PICO_MEM_OPS_COMPILER=1 -DLIB_PICO_NEWLIB_INTERFACE=1 -DLIB_PICO_PLATFORM=1 -DLIB_PICO_PLATFORM_COMMON=1 -DLIB_PICO_PLATFORM_COMPILER=1 -DLIB_PICO_PLATFORM_PANIC=1 -DLIB_PICO_PLATFORM_SECTIONS=1 -DLIB_PICO_PRINTF=1 -DLIB_PICO_PRINTF_PICO=1 -DLIB_PICO_RUNTIME=1 -DLIB_PICO_RUNTIME_INIT=1 -DLIB_PICO_STANDARD_BINARY_INFO=1 -DLIB_PICO_STANDARD_LINK=1 -DLIB_PICO_STDIO=1 -DLIB_PICO_STDLIB=1 -DLIB_PICO_SYNC=1 -DLIB_PICO_SYNC_CRITICAL_SECTION=1 -DLIB_PICO_SYNC_MUTEX=1 -DLIB_PICO_SYNC_SEM=1 -DLIB_PICO_TIME=1 -DLIB_PICO_TIME_ADAPTER=1 -DLIB_PICO_UNIQUE_ID=1 -DLIB_PICO_UTIL=1 -DLIB_TINYUSB_BOARD=1 -DLIB_TINYUSB_DEVICE=1 -DPICO_32BIT=1 -DPICO_BOARD=\"pico2\" -DPICO_BUILD=1 -DPICO_CMAKE_BUILD_TYPE=\"Release\" -DPICO_COPY_TO_RAM=0 -DPICO_CXX_ENABLE_EXCEPTIONS=0 -DPICO_NO_FLASH=0 -DPICO_NO_HARDWARE=0 -DPICO_ON_DEVICE=1 -DPICO_RP2040_USB_DEVICE_UFRAME_FIX=1 -DPICO_RP2350=1 -DPICO_TARGET_NAME=\"pico_6mic_soundcard\" -DPICO_USE_BLOCKED_RAM=0 -I/home/gpu/het68/build -I/home/gpu/het68 -I/home/gpu/het68/pico-sdk/src/rp2_common/pico_atomic/include -I/home/gpu/het68/pico-sdk/lib/tinyusb/src -I/home/gpu/het68/pico-sdk/src/rp2_common/tinyusb/include -I/home/gpu/het68/pico-sdk/lib/tinyusb/hw -isystem /home/gpu/het68/pico-sdk/src/common/pico_stdlib_headers/include -isystem /home/gpu/het68/pico-sdk/src/rp2_common/hardware_gpio/include -isystem /home/gpu/het68/pico-sdk/src/common/pico_base_headers/include -isystem /home/gpu/het68/build/generated/pico_base -isystem /home/gpu/het68/pico-sdk/src/boards/include -isystem /home/gpu/het68/pico-sdk/src/rp2350/pico_platform/include -isystem /home/gpu/het68/pico-sdk/src/rp2350/hardware_regs/include -isystem /home/gpu/het68/pico-sdk/src/rp2_common/hardware_base/include -isystem /home/gpu/het68/pico-sdk/src/rp2_common/pico_platform_common/include -isystem /home/gpu/het68/pico-sdk/src/rp2_common/pico_platform_compiler/include -isystem /home/gpu/het68/pico-sdk/src/rp2_common/pico_platform_panic/include -isystem /home/gpu/het68/pico-sdk/src/rp2_common/pico_platform_sections/include -isystem /home/gpu/het68/pico-sdk/src/rp2_common/hardware_dcp/include -isystem /home/gpu/het68/pico-sdk/src/rp2350/hardware_structs/include -isystem /home/gpu/het68/pico-sdk/src/rp2_common/hardware_rcp/include -isystem /home/gpu/het68/pico-sdk/src/common/hardware_claim/include -isystem /home/gpu/het68/pico-sdk/src/rp2_common/hardware_sync/include -isystem /home/gpu/het68/pico-sdk/src/rp2_common/hardware_sync_spin_lock/include -isystem /home/gpu/het68/pico-sdk/src/rp2_common/hardware_irq/include -isystem /home/gpu/het68/pico-sdk/src/rp2_common/hardware_uart/include -isystem /home/gpu/het68/pico-sdk/src/rp2_common/hardware_resets/include -isystem /home/gpu/het68/pico-sdk/src/rp2_common/hardware_clocks/include -isystem /home/gpu/het68/pico-sdk/src/rp2_common/hardware_pll/include -isystem /home/gpu/het68/pico-sdk/src/rp2_common/hardware_vreg/include -isystem /home/gpu/het68/pico-sdk/src/rp2_common/hardware_watchdog/include -isystem /home/gpu/het68/pico-sdk/src/rp2_common/hardware_ticks/include -isystem /home/gpu/het68/pico-sdk/src/rp2_common/pico_bootrom/include -isystem /home/gpu/het68/pico-sdk/src/common/boot_picoboot_headers/include -isystem /home/gpu/het68/pico-sdk/src/rp2_common/boot_bootrom_headers/include -isystem /home/gpu/het68/pico-sdk/src/rp2_common/hardware_boot_lock/include -isystem /home/gpu/het68/pico-sdk/src/rp2_common/pico_flash/include -isystem /home/gpu/het68/pico-sdk/src/common/pico_time/include -isystem /home/gpu/het68/pico-sdk/src/rp2_common/hardware_timer/include -isystem /home/gpu/het68/pico-sdk/src/common/pico_sync/include -isystem /home/gpu/het68/pico-sdk/src/common/pico_util/include -isystem /home/gpu/het68/pico-sdk/src/rp2_common/pico_time_adapter/include -isystem /home/gpu/het68/pico-sdk/src/rp2_common/hardware_xosc/include -isystem /home/gpu/het68/pico-sdk/src/rp2_common/hardware_divider/include -isystem /home/gpu/het68/pico-sdk/src/rp2_common/pico_runtime/include -isystem /home/gpu/het68/pico-sdk/src/rp2_common/pico_runtime_init/include -isystem /home/gpu/het68/pico-sdk/src/common/pico_bit_ops_headers/include -isystem /home/gpu/het68/pico-sdk/src/common/pico_divider_headers/include -isystem /home/gpu/het68/pico-sdk/src/rp2_common/pico_double/include -isystem /home/gpu/het68/pico-sdk/src/rp2_common/pico_float/include -isystem /home/gpu/het68/pico-sdk/src/rp2_common/pico_malloc/include -isystem /home/gpu/het68/pico-sdk/src/common/pico_binary_info/include -isystem /home/gpu/het68/pico-sdk/src/rp2_common/pico_printf/include -isystem /home/gpu/het68/pico-sdk/src/rp2_common/pico_stdio/include -isystem /home/gpu/het68/pico-sdk/src/rp2_common/pico_multicore/include -isystem /home/gpu/het68/pico-sdk/src/common/boot_picobin_headers/include -isystem /home/gpu/het68/pico-sdk/src/rp2350/boot_stage2/include -isystem /home/gpu/het68/pico-sdk/src/rp2_common/hardware_pio/include -isystem /home/gpu/het68/pico-sdk/src/rp2_common/hardware_dma/include -isystem /home/gpu/het68/pico-sdk/src/rp2_common/pico_fix/rp2040_usb_device_enumeration/include -isystem /home/gpu/het68/pico-sdk/src/rp2_common/pico_unique_id/include -isystem /home/gpu/het68/pico-sdk/src/rp2_common/hardware_flash/include -isystem /home/gpu/het68/pico-sdk/src/rp2_common/hardware_xip_cache/include -mcpu=cortex-m33 -mthumb -march=armv8-m.main+fp+dsp -mfloat-abi=softfp -mcmse -g -O3 -DNDEBUG -ffunction-sections -fdata-sections -MD -MT CMakeFiles/pico_6mic_soundcard.dir/pico-sdk/src/rp2_common/hardware_uart/uart.c.o -MF CMakeFiles/pico_6mic_soundcard.dir/pico-sdk/src/rp2_common/hardware_uart/uart.c.o.d -o CMakeFiles/pico_6mic_soundcard.dir/pico-sdk/src/rp2_common/hardware_uart/uart.c.o -c /home/gpu/het68/pico-sdk/src/rp2_common/hardware_uart/uart.c
[ 45%] Building C object CMakeFiles/pico_6mic_soundcard.dir/pico-sdk/src/rp2_common/hardware_vreg/vreg.c.o
[ 46%] Building C object CMakeFiles/pico_6mic_soundcard.dir/pico-sdk/src/rp2_common/hardware_boot_lock/boot_lock.c.o
/usr/bin/arm-none-eabi-gcc -DCFG_TUSB_DEBUG=0 -DCFG_TUSB_MCU=OPT_MCU_RP2040 -DCFG_TUSB_OS=OPT_OS_PICO -DLIB_BOOT_STAGE2_HEADERS=1 -DLIB_PICO_ATOMIC=1 -DLIB_PICO_BIT_OPS=1 -DLIB_PICO_BIT_OPS_PICO=1 -DLIB_PICO_CLIB_INTERFACE=1 -DLIB_PICO_CRT0=1 -DLIB_PICO_CXX_OPTIONS=1 -DLIB_PICO_DIVIDER=1 -DLIB_PICO_DIVIDER_COMPILER=1 -DLIB_PICO_DOUBLE=1 -DLIB_PICO_DOUBLE_PICO=1 -DLIB_PICO_FIX_RP2040_USB_DEVICE_ENUMERATION=1 -DLIB_PICO_FLASH=1 -DLIB_PICO_FLOAT=1 -DLIB_PICO_FLOAT_PICO=1 -DLIB_PICO_FLOAT_PICO_VFP=1 -DLIB_PICO_INT64_OPS=1 -DLIB_PICO_INT64_OPS_COMPILER=1 -DLIB_PICO_MALLOC=1 -DLIB_PICO_MEM_OPS=1 -DLIB_PICO_MEM_OPS_COMPILER=1 -DLIB_PICO_NEWLIB_INTERFACE=1 -DLIB_PICO_PLATFORM=1 -DLIB_PICO_PLATFORM_COMMON=1 -DLIB_PICO_PLATFORM_COMPILER=1 -DLIB_PICO_PLATFORM_PANIC=1 -DLIB_PICO_PLATFORM_SECTIONS=1 -DLIB_PICO_PRINTF=1 -DLIB_PICO_PRINTF_PICO=1 -DLIB_PICO_RUNTIME=1 -DLIB_PICO_RUNTIME_INIT=1 -DLIB_PICO_STANDARD_BINARY_INFO=1 -DLIB_PICO_STANDARD_LINK=1 -DLIB_PICO_STDIO=1 -DLIB_PICO_STDLIB=1 -DLIB_PICO_SYNC=1 -DLIB_PICO_SYNC_CRITICAL_SECTION=1 -DLIB_PICO_SYNC_MUTEX=1 -DLIB_PICO_SYNC_SEM=1 -DLIB_PICO_TIME=1 -DLIB_PICO_TIME_ADAPTER=1 -DLIB_PICO_UNIQUE_ID=1 -DLIB_PICO_UTIL=1 -DLIB_TINYUSB_BOARD=1 -DLIB_TINYUSB_DEVICE=1 -DPICO_32BIT=1 -DPICO_BOARD=\"pico2\" -DPICO_BUILD=1 -DPICO_CMAKE_BUILD_TYPE=\"Release\" -DPICO_COPY_TO_RAM=0 -DPICO_CXX_ENABLE_EXCEPTIONS=0 -DPICO_NO_FLASH=0 -DPICO_NO_HARDWARE=0 -DPICO_ON_DEVICE=1 -DPICO_RP2040_USB_DEVICE_UFRAME_FIX=1 -DPICO_RP2350=1 -DPICO_TARGET_NAME=\"pico_6mic_soundcard\" -DPICO_USE_BLOCKED_RAM=0 -I/home/gpu/het68/build -I/home/gpu/het68 -I/home/gpu/het68/pico-sdk/src/rp2_common/pico_atomic/include -I/home/gpu/het68/pico-sdk/lib/tinyusb/src -I/home/gpu/het68/pico-sdk/src/rp2_common/tinyusb/include -I/home/gpu/het68/pico-sdk/lib/tinyusb/hw -isystem /home/gpu/het68/pico-sdk/src/common/pico_stdlib_headers/include -isystem /home/gpu/het68/pico-sdk/src/rp2_common/hardware_gpio/include -isystem /home/gpu/het68/pico-sdk/src/common/pico_base_headers/include -isystem /home/gpu/het68/build/generated/pico_base -isystem /home/gpu/het68/pico-sdk/src/boards/include -isystem /home/gpu/het68/pico-sdk/src/rp2350/pico_platform/include -isystem /home/gpu/het68/pico-sdk/src/rp2350/hardware_regs/include -isystem /home/gpu/het68/pico-sdk/src/rp2_common/hardware_base/include -isystem /home/gpu/het68/pico-sdk/src/rp2_common/pico_platform_common/include -isystem /home/gpu/het68/pico-sdk/src/rp2_common/pico_platform_compiler/include -isystem /home/gpu/het68/pico-sdk/src/rp2_common/pico_platform_panic/include -isystem /home/gpu/het68/pico-sdk/src/rp2_common/pico_platform_sections/include -isystem /home/gpu/het68/pico-sdk/src/rp2_common/hardware_dcp/include -isystem /home/gpu/het68/pico-sdk/src/rp2350/hardware_structs/include -isystem /home/gpu/het68/pico-sdk/src/rp2_common/hardware_rcp/include -isystem /home/gpu/het68/pico-sdk/src/common/hardware_claim/include -isystem /home/gpu/het68/pico-sdk/src/rp2_common/hardware_sync/include -isystem /home/gpu/het68/pico-sdk/src/rp2_common/hardware_sync_spin_lock/include -isystem /home/gpu/het68/pico-sdk/src/rp2_common/hardware_irq/include -isystem /home/gpu/het68/pico-sdk/src/rp2_common/hardware_uart/include -isystem /home/gpu/het68/pico-sdk/src/rp2_common/hardware_resets/include -isystem /home/gpu/het68/pico-sdk/src/rp2_common/hardware_clocks/include -isystem /home/gpu/het68/pico-sdk/src/rp2_common/hardware_pll/include -isystem /home/gpu/het68/pico-sdk/src/rp2_common/hardware_vreg/include -isystem /home/gpu/het68/pico-sdk/src/rp2_common/hardware_watchdog/include -isystem /home/gpu/het68/pico-sdk/src/rp2_common/hardware_ticks/include -isystem /home/gpu/het68/pico-sdk/src/rp2_common/pico_bootrom/include -isystem /home/gpu/het68/pico-sdk/src/common/boot_picoboot_headers/include -isystem /home/gpu/het68/pico-sdk/src/rp2_common/boot_bootrom_headers/include -isystem /home/gpu/het68/pico-sdk/src/rp2_common/hardware_boot_lock/include -isystem /home/gpu/het68/pico-sdk/src/rp2_common/pico_flash/include -isystem /home/gpu/het68/pico-sdk/src/common/pico_time/include -isystem /home/gpu/het68/pico-sdk/src/rp2_common/hardware_timer/include -isystem /home/gpu/het68/pico-sdk/src/common/pico_sync/include -isystem /home/gpu/het68/pico-sdk/src/common/pico_util/include -isystem /home/gpu/het68/pico-sdk/src/rp2_common/pico_time_adapter/include -isystem /home/gpu/het68/pico-sdk/src/rp2_common/hardware_xosc/include -isystem /home/gpu/het68/pico-sdk/src/rp2_common/hardware_divider/include -isystem /home/gpu/het68/pico-sdk/src/rp2_common/pico_runtime/include -isystem /home/gpu/het68/pico-sdk/src/rp2_common/pico_runtime_init/include -isystem /home/gpu/het68/pico-sdk/src/common/pico_bit_ops_headers/include -isystem /home/gpu/het68/pico-sdk/src/common/pico_divider_headers/include -isystem /home/gpu/het68/pico-sdk/src/rp2_common/pico_double/include -isystem /home/gpu/het68/pico-sdk/src/rp2_common/pico_float/include -isystem /home/gpu/het68/pico-sdk/src/rp2_common/pico_malloc/include -isystem /home/gpu/het68/pico-sdk/src/common/pico_binary_info/include -isystem /home/gpu/het68/pico-sdk/src/rp2_common/pico_printf/include -isystem /home/gpu/het68/pico-sdk/src/rp2_common/pico_stdio/include -isystem /home/gpu/het68/pico-sdk/src/rp2_common/pico_multicore/include -isystem /home/gpu/het68/pico-sdk/src/common/boot_picobin_headers/include -isystem /home/gpu/het68/pico-sdk/src/rp2350/boot_stage2/include -isystem /home/gpu/het68/pico-sdk/src/rp2_common/hardware_pio/include -isystem /home/gpu/het68/pico-sdk/src/rp2_common/hardware_dma/include -isystem /home/gpu/het68/pico-sdk/src/rp2_common/pico_fix/rp2040_usb_device_enumeration/include -isystem /home/gpu/het68/pico-sdk/src/rp2_common/pico_unique_id/include -isystem /home/gpu/het68/pico-sdk/src/rp2_common/hardware_flash/include -isystem /home/gpu/het68/pico-sdk/src/rp2_common/hardware_xip_cache/include -mcpu=cortex-m33 -mthumb -march=armv8-m.main+fp+dsp -mfloat-abi=softfp -mcmse -g -O3 -DNDEBUG -ffunction-sections -fdata-sections -MD -MT CMakeFiles/pico_6mic_soundcard.dir/pico-sdk/src/rp2_common/hardware_boot_lock/boot_lock.c.o -MF CMakeFiles/pico_6mic_soundcard.dir/pico-sdk/src/rp2_common/hardware_boot_lock/boot_lock.c.o.d -o CMakeFiles/pico_6mic_soundcard.dir/pico-sdk/src/rp2_common/hardware_boot_lock/boot_lock.c.o -c /home/gpu/het68/pico-sdk/src/rp2_common/hardware_boot_lock/boot_lock.c
[ 48%] Building C object CMakeFiles/pico_6mic_soundcard.dir/pico-sdk/src/common/pico_util/pheap.c.o
[ 49%] Building C object CMakeFiles/pico_6mic_soundcard.dir/pico-sdk/src/rp2_common/hardware_xosc/xosc.c.o
[ 50%] Building C object CMakeFiles/pico_6mic_soundcard.dir/pico-sdk/src/rp2_common/hardware_ticks/ticks.c.o
[ 51%] Building ASM object CMakeFiles/pico_6mic_soundcard.dir/pico-sdk/src/rp2_common/pico_double/double_sci_m33.S.o
/usr/bin/arm-none-eabi-gcc -DCFG_TUSB_DEBUG=0 -DCFG_TUSB_MCU=OPT_MCU_RP2040 -DCFG_TUSB_OS=OPT_OS_PICO -DLIB_BOOT_STAGE2_HEADERS=1 -DLIB_PICO_ATOMIC=1 -DLIB_PICO_BIT_OPS=1 -DLIB_PICO_BIT_OPS_PICO=1 -DLIB_PICO_CLIB_INTERFACE=1 -DLIB_PICO_CRT0=1 -DLIB_PICO_CXX_OPTIONS=1 -DLIB_PICO_DIVIDER=1 -DLIB_PICO_DIVIDER_COMPILER=1 -DLIB_PICO_DOUBLE=1 -DLIB_PICO_DOUBLE_PICO=1 -DLIB_PICO_FIX_RP2040_USB_DEVICE_ENUMERATION=1 -DLIB_PICO_FLASH=1 -DLIB_PICO_FLOAT=1 -DLIB_PICO_FLOAT_PICO=1 -DLIB_PICO_FLOAT_PICO_VFP=1 -DLIB_PICO_INT64_OPS=1 -DLIB_PICO_INT64_OPS_COMPILER=1 -DLIB_PICO_MALLOC=1 -DLIB_PICO_MEM_OPS=1 -DLIB_PICO_MEM_OPS_COMPILER=1 -DLIB_PICO_NEWLIB_INTERFACE=1 -DLIB_PICO_PLATFORM=1 -DLIB_PICO_PLATFORM_COMMON=1 -DLIB_PICO_PLATFORM_COMPILER=1 -DLIB_PICO_PLATFORM_PANIC=1 -DLIB_PICO_PLATFORM_SECTIONS=1 -DLIB_PICO_PRINTF=1 -DLIB_PICO_PRINTF_PICO=1 -DLIB_PICO_RUNTIME=1 -DLIB_PICO_RUNTIME_INIT=1 -DLIB_PICO_STANDARD_BINARY_INFO=1 -DLIB_PICO_STANDARD_LINK=1 -DLIB_PICO_STDIO=1 -DLIB_PICO_STDLIB=1 -DLIB_PICO_SYNC=1 -DLIB_PICO_SYNC_CRITICAL_SECTION=1 -DLIB_PICO_SYNC_MUTEX=1 -DLIB_PICO_SYNC_SEM=1 -DLIB_PICO_TIME=1 -DLIB_PICO_TIME_ADAPTER=1 -DLIB_PICO_UNIQUE_ID=1 -DLIB_PICO_UTIL=1 -DLIB_TINYUSB_BOARD=1 -DLIB_TINYUSB_DEVICE=1 -DPICO_32BIT=1 -DPICO_BOARD=\"pico2\" -DPICO_BUILD=1 -DPICO_CMAKE_BUILD_TYPE=\"Release\" -DPICO_COPY_TO_RAM=0 -DPICO_CXX_ENABLE_EXCEPTIONS=0 -DPICO_NO_FLASH=0 -DPICO_NO_HARDWARE=0 -DPICO_ON_DEVICE=1 -DPICO_RP2040_USB_DEVICE_UFRAME_FIX=1 -DPICO_RP2350=1 -DPICO_TARGET_NAME=\"pico_6mic_soundcard\" -DPICO_USE_BLOCKED_RAM=0 -I/home/gpu/het68/build -I/home/gpu/het68 -I/home/gpu/het68/pico-sdk/src/rp2_common/pico_atomic/include -I/home/gpu/het68/pico-sdk/lib/tinyusb/src -I/home/gpu/het68/pico-sdk/src/rp2_common/tinyusb/include -I/home/gpu/het68/pico-sdk/lib/tinyusb/hw -isystem /home/gpu/het68/pico-sdk/src/common/pico_stdlib_headers/include -isystem /home/gpu/het68/pico-sdk/src/rp2_common/hardware_gpio/include -isystem /home/gpu/het68/pico-sdk/src/common/pico_base_headers/include -isystem /home/gpu/het68/build/generated/pico_base -isystem /home/gpu/het68/pico-sdk/src/boards/include -isystem /home/gpu/het68/pico-sdk/src/rp2350/pico_platform/include -isystem /home/gpu/het68/pico-sdk/src/rp2350/hardware_regs/include -isystem /home/gpu/het68/pico-sdk/src/rp2_common/hardware_base/include -isystem /home/gpu/het68/pico-sdk/src/rp2_common/pico_platform_common/include -isystem /home/gpu/het68/pico-sdk/src/rp2_common/pico_platform_compiler/include -isystem /home/gpu/het68/pico-sdk/src/rp2_common/pico_platform_panic/include -isystem /home/gpu/het68/pico-sdk/src/rp2_common/pico_platform_sections/include -isystem /home/gpu/het68/pico-sdk/src/rp2_common/hardware_dcp/include -isystem /home/gpu/het68/pico-sdk/src/rp2350/hardware_structs/include -isystem /home/gpu/het68/pico-sdk/src/rp2_common/hardware_rcp/include -isystem /home/gpu/het68/pico-sdk/src/common/hardware_claim/include -isystem /home/gpu/het68/pico-sdk/src/rp2_common/hardware_sync/include -isystem /home/gpu/het68/pico-sdk/src/rp2_common/hardware_sync_spin_lock/include -isystem /home/gpu/het68/pico-sdk/src/rp2_common/hardware_irq/include -isystem /home/gpu/het68/pico-sdk/src/rp2_common/hardware_uart/include -isystem /home/gpu/het68/pico-sdk/src/rp2_common/hardware_resets/include -isystem /home/gpu/het68/pico-sdk/src/rp2_common/hardware_clocks/include -isystem /home/gpu/het68/pico-sdk/src/rp2_common/hardware_pll/include -isystem /home/gpu/het68/pico-sdk/src/rp2_common/hardware_vreg/include -isystem /home/gpu/het68/pico-sdk/src/rp2_common/hardware_watchdog/include -isystem /home/gpu/het68/pico-sdk/src/rp2_common/hardware_ticks/include -isystem /home/gpu/het68/pico-sdk/src/rp2_common/pico_bootrom/include -isystem /home/gpu/het68/pico-sdk/src/common/boot_picoboot_headers/include -isystem /home/gpu/het68/pico-sdk/src/rp2_common/boot_bootrom_headers/include -isystem /home/gpu/het68/pico-sdk/src/rp2_common/hardware_boot_lock/include -isystem /home/gpu/het68/pico-sdk/src/rp2_common/pico_flash/include -isystem /home/gpu/het68/pico-sdk/src/common/pico_time/include -isystem /home/gpu/het68/pico-sdk/src/rp2_common/hardware_timer/include -isystem /home/gpu/het68/pico-sdk/src/common/pico_sync/include -isystem /home/gpu/het68/pico-sdk/src/common/pico_util/include -isystem /home/gpu/het68/pico-sdk/src/rp2_common/pico_time_adapter/include -isystem /home/gpu/het68/pico-sdk/src/rp2_common/hardware_xosc/include -isystem /home/gpu/het68/pico-sdk/src/rp2_common/hardware_divider/include -isystem /home/gpu/het68/pico-sdk/src/rp2_common/pico_runtime/include -isystem /home/gpu/het68/pico-sdk/src/rp2_common/pico_runtime_init/include -isystem /home/gpu/het68/pico-sdk/src/common/pico_bit_ops_headers/include -isystem /home/gpu/het68/pico-sdk/src/common/pico_divider_headers/include -isystem /home/gpu/het68/pico-sdk/src/rp2_common/pico_double/include -isystem /home/gpu/het68/pico-sdk/src/rp2_common/pico_float/include -isystem /home/gpu/het68/pico-sdk/src/rp2_common/pico_malloc/include -isystem /home/gpu/het68/pico-sdk/src/common/pico_binary_info/include -isystem /home/gpu/het68/pico-sdk/src/rp2_common/pico_printf/include -isystem /home/gpu/het68/pico-sdk/src/rp2_common/pico_stdio/include -isystem /home/gpu/het68/pico-sdk/src/rp2_common/pico_multicore/include -isystem /home/gpu/het68/pico-sdk/src/common/boot_picobin_headers/include -isystem /home/gpu/het68/pico-sdk/src/rp2350/boot_stage2/include -isystem /home/gpu/het68/pico-sdk/src/rp2_common/hardware_pio/include -isystem /home/gpu/het68/pico-sdk/src/rp2_common/hardware_dma/include -isystem /home/gpu/het68/pico-sdk/src/rp2_common/pico_fix/rp2040_usb_device_enumeration/include -isystem /home/gpu/het68/pico-sdk/src/rp2_common/pico_unique_id/include -isystem /home/gpu/het68/pico-sdk/src/rp2_common/hardware_flash/include -isystem /home/gpu/het68/pico-sdk/src/rp2_common/hardware_xip_cache/include -mcpu=cortex-m33 -mthumb -march=armv8-m.main+fp+dsp -mfloat-abi=softfp -mcmse -g -O3 -DNDEBUG -ffunction-sections -fdata-sections -MD -MT CMakeFiles/pico_6mic_soundcard.dir/pico-sdk/src/common/pico_util/pheap.c.o -MF CMakeFiles/pico_6mic_soundcard.dir/pico-sdk/src/common/pico_util/pheap.c.o.d -o CMakeFiles/pico_6mic_soundcard.dir/pico-sdk/src/common/pico_util/pheap.c.o -c /home/gpu/het68/pico-sdk/src/common/pico_util/pheap.c
/usr/bin/arm-none-eabi-gcc -DCFG_TUSB_DEBUG=0 -DCFG_TUSB_MCU=OPT_MCU_RP2040 -DCFG_TUSB_OS=OPT_OS_PICO -DLIB_BOOT_STAGE2_HEADERS=1 -DLIB_PICO_ATOMIC=1 -DLIB_PICO_BIT_OPS=1 -DLIB_PICO_BIT_OPS_PICO=1 -DLIB_PICO_CLIB_INTERFACE=1 -DLIB_PICO_CRT0=1 -DLIB_PICO_CXX_OPTIONS=1 -DLIB_PICO_DIVIDER=1 -DLIB_PICO_DIVIDER_COMPILER=1 -DLIB_PICO_DOUBLE=1 -DLIB_PICO_DOUBLE_PICO=1 -DLIB_PICO_FIX_RP2040_USB_DEVICE_ENUMERATION=1 -DLIB_PICO_FLASH=1 -DLIB_PICO_FLOAT=1 -DLIB_PICO_FLOAT_PICO=1 -DLIB_PICO_FLOAT_PICO_VFP=1 -DLIB_PICO_INT64_OPS=1 -DLIB_PICO_INT64_OPS_COMPILER=1 -DLIB_PICO_MALLOC=1 -DLIB_PICO_MEM_OPS=1 -DLIB_PICO_MEM_OPS_COMPILER=1 -DLIB_PICO_NEWLIB_INTERFACE=1 -DLIB_PICO_PLATFORM=1 -DLIB_PICO_PLATFORM_COMMON=1 -DLIB_PICO_PLATFORM_COMPILER=1 -DLIB_PICO_PLATFORM_PANIC=1 -DLIB_PICO_PLATFORM_SECTIONS=1 -DLIB_PICO_PRINTF=1 -DLIB_PICO_PRINTF_PICO=1 -DLIB_PICO_RUNTIME=1 -DLIB_PICO_RUNTIME_INIT=1 -DLIB_PICO_STANDARD_BINARY_INFO=1 -DLIB_PICO_STANDARD_LINK=1 -DLIB_PICO_STDIO=1 -DLIB_PICO_STDLIB=1 -DLIB_PICO_SYNC=1 -DLIB_PICO_SYNC_CRITICAL_SECTION=1 -DLIB_PICO_SYNC_MUTEX=1 -DLIB_PICO_SYNC_SEM=1 -DLIB_PICO_TIME=1 -DLIB_PICO_TIME_ADAPTER=1 -DLIB_PICO_UNIQUE_ID=1 -DLIB_PICO_UTIL=1 -DLIB_TINYUSB_BOARD=1 -DLIB_TINYUSB_DEVICE=1 -DPICO_32BIT=1 -DPICO_BOARD=\"pico2\" -DPICO_BUILD=1 -DPICO_CMAKE_BUILD_TYPE=\"Release\" -DPICO_COPY_TO_RAM=0 -DPICO_CXX_ENABLE_EXCEPTIONS=0 -DPICO_NO_FLASH=0 -DPICO_NO_HARDWARE=0 -DPICO_ON_DEVICE=1 -DPICO_RP2040_USB_DEVICE_UFRAME_FIX=1 -DPICO_RP2350=1 -DPICO_TARGET_NAME=\"pico_6mic_soundcard\" -DPICO_USE_BLOCKED_RAM=0 -I/home/gpu/het68/build -I/home/gpu/het68 -I/home/gpu/het68/pico-sdk/src/rp2_common/pico_atomic/include -I/home/gpu/het68/pico-sdk/lib/tinyusb/src -I/home/gpu/het68/pico-sdk/src/rp2_common/tinyusb/include -I/home/gpu/het68/pico-sdk/lib/tinyusb/hw -isystem /home/gpu/het68/pico-sdk/src/common/pico_stdlib_headers/include -isystem /home/gpu/het68/pico-sdk/src/rp2_common/hardware_gpio/include -isystem /home/gpu/het68/pico-sdk/src/common/pico_base_headers/include -isystem /home/gpu/het68/build/generated/pico_base -isystem /home/gpu/het68/pico-sdk/src/boards/include -isystem /home/gpu/het68/pico-sdk/src/rp2350/pico_platform/include -isystem /home/gpu/het68/pico-sdk/src/rp2350/hardware_regs/include -isystem /home/gpu/het68/pico-sdk/src/rp2_common/hardware_base/include -isystem /home/gpu/het68/pico-sdk/src/rp2_common/pico_platform_common/include -isystem /home/gpu/het68/pico-sdk/src/rp2_common/pico_platform_compiler/include -isystem /home/gpu/het68/pico-sdk/src/rp2_common/pico_platform_panic/include -isystem /home/gpu/het68/pico-sdk/src/rp2_common/pico_platform_sections/include -isystem /home/gpu/het68/pico-sdk/src/rp2_common/hardware_dcp/include -isystem /home/gpu/het68/pico-sdk/src/rp2350/hardware_structs/include -isystem /home/gpu/het68/pico-sdk/src/rp2_common/hardware_rcp/include -isystem /home/gpu/het68/pico-sdk/src/common/hardware_claim/include -isystem /home/gpu/het68/pico-sdk/src/rp2_common/hardware_sync/include -isystem /home/gpu/het68/pico-sdk/src/rp2_common/hardware_sync_spin_lock/include -isystem /home/gpu/het68/pico-sdk/src/rp2_common/hardware_irq/include -isystem /home/gpu/het68/pico-sdk/src/rp2_common/hardware_uart/include -isystem /home/gpu/het68/pico-sdk/src/rp2_common/hardware_resets/include -isystem /home/gpu/het68/pico-sdk/src/rp2_common/hardware_clocks/include -isystem /home/gpu/het68/pico-sdk/src/rp2_common/hardware_pll/include -isystem /home/gpu/het68/pico-sdk/src/rp2_common/hardware_vreg/include -isystem /home/gpu/het68/pico-sdk/src/rp2_common/hardware_watchdog/include -isystem /home/gpu/het68/pico-sdk/src/rp2_common/hardware_ticks/include -isystem /home/gpu/het68/pico-sdk/src/rp2_common/pico_bootrom/include -isystem /home/gpu/het68/pico-sdk/src/common/boot_picoboot_headers/include -isystem /home/gpu/het68/pico-sdk/src/rp2_common/boot_bootrom_headers/include -isystem /home/gpu/het68/pico-sdk/src/rp2_common/hardware_boot_lock/include -isystem /home/gpu/het68/pico-sdk/src/rp2_common/pico_flash/include -isystem /home/gpu/het68/pico-sdk/src/common/pico_time/include -isystem /home/gpu/het68/pico-sdk/src/rp2_common/hardware_timer/include -isystem /home/gpu/het68/pico-sdk/src/common/pico_sync/include -isystem /home/gpu/het68/pico-sdk/src/common/pico_util/include -isystem /home/gpu/het68/pico-sdk/src/rp2_common/pico_time_adapter/include -isystem /home/gpu/het68/pico-sdk/src/rp2_common/hardware_xosc/include -isystem /home/gpu/het68/pico-sdk/src/rp2_common/hardware_divider/include -isystem /home/gpu/het68/pico-sdk/src/rp2_common/pico_runtime/include -isystem /home/gpu/het68/pico-sdk/src/rp2_common/pico_runtime_init/include -isystem /home/gpu/het68/pico-sdk/src/common/pico_bit_ops_headers/include -isystem /home/gpu/het68/pico-sdk/src/common/pico_divider_headers/include -isystem /home/gpu/het68/pico-sdk/src/rp2_common/pico_double/include -isystem /home/gpu/het68/pico-sdk/src/rp2_common/pico_float/include -isystem /home/gpu/het68/pico-sdk/src/rp2_common/pico_malloc/include -isystem /home/gpu/het68/pico-sdk/src/common/pico_binary_info/include -isystem /home/gpu/het68/pico-sdk/src/rp2_common/pico_printf/include -isystem /home/gpu/het68/pico-sdk/src/rp2_common/pico_stdio/include -isystem /home/gpu/het68/pico-sdk/src/rp2_common/pico_multicore/include -isystem /home/gpu/het68/pico-sdk/src/common/boot_picobin_headers/include -isystem /home/gpu/het68/pico-sdk/src/rp2350/boot_stage2/include -isystem /home/gpu/het68/pico-sdk/src/rp2_common/hardware_pio/include -isystem /home/gpu/het68/pico-sdk/src/rp2_common/hardware_dma/include -isystem /home/gpu/het68/pico-sdk/src/rp2_common/pico_fix/rp2040_usb_device_enumeration/include -isystem /home/gpu/het68/pico-sdk/src/rp2_common/pico_unique_id/include -isystem /home/gpu/het68/pico-sdk/src/rp2_common/hardware_flash/include -isystem /home/gpu/het68/pico-sdk/src/rp2_common/hardware_xip_cache/include -mcpu=cortex-m33 -mthumb -march=armv8-m.main+fp+dsp -mfloat-abi=softfp -mcmse -g -O3 -DNDEBUG -ffunction-sections -fdata-sections -MD -MT CMakeFiles/pico_6mic_soundcard.dir/pico-sdk/src/rp2_common/hardware_vreg/vreg.c.o -MF CMakeFiles/pico_6mic_soundcard.dir/pico-sdk/src/rp2_common/hardware_vreg/vreg.c.o.d -o CMakeFiles/pico_6mic_soundcard.dir/pico-sdk/src/rp2_common/hardware_vreg/vreg.c.o -c /home/gpu/het68/pico-sdk/src/rp2_common/hardware_vreg/vreg.c
[ 52%] Building C object CMakeFiles/pico_6mic_soundcard.dir/pico-sdk/src/rp2_common/pico_runtime_init/runtime_init_stack_guard.c.o
[ 45%] Building C object CMakeFiles/pico_6mic_soundcard.dir/pico-sdk/src/common/pico_util/queue.c.o
/usr/bin/arm-none-eabi-gcc -DCFG_TUSB_DEBUG=0 -DCFG_TUSB_MCU=OPT_MCU_RP2040 -DCFG_TUSB_OS=OPT_OS_PICO -DLIB_BOOT_STAGE2_HEADERS=1 -DLIB_PICO_ATOMIC=1 -DLIB_PICO_BIT_OPS=1 -DLIB_PICO_BIT_OPS_PICO=1 -DLIB_PICO_CLIB_INTERFACE=1 -DLIB_PICO_CRT0=1 -DLIB_PICO_CXX_OPTIONS=1 -DLIB_PICO_DIVIDER=1 -DLIB_PICO_DIVIDER_COMPILER=1 -DLIB_PICO_DOUBLE=1 -DLIB_PICO_DOUBLE_PICO=1 -DLIB_PICO_FIX_RP2040_USB_DEVICE_ENUMERATION=1 -DLIB_PICO_FLASH=1 -DLIB_PICO_FLOAT=1 -DLIB_PICO_FLOAT_PICO=1 -DLIB_PICO_FLOAT_PICO_VFP=1 -DLIB_PICO_INT64_OPS=1 -DLIB_PICO_INT64_OPS_COMPILER=1 -DLIB_PICO_MALLOC=1 -DLIB_PICO_MEM_OPS=1 -DLIB_PICO_MEM_OPS_COMPILER=1 -DLIB_PICO_NEWLIB_INTERFACE=1 -DLIB_PICO_PLATFORM=1 -DLIB_PICO_PLATFORM_COMMON=1 -DLIB_PICO_PLATFORM_COMPILER=1 -DLIB_PICO_PLATFORM_PANIC=1 -DLIB_PICO_PLATFORM_SECTIONS=1 -DLIB_PICO_PRINTF=1 -DLIB_PICO_PRINTF_PICO=1 -DLIB_PICO_RUNTIME=1 -DLIB_PICO_RUNTIME_INIT=1 -DLIB_PICO_STANDARD_BINARY_INFO=1 -DLIB_PICO_STANDARD_LINK=1 -DLIB_PICO_STDIO=1 -DLIB_PICO_STDLIB=1 -DLIB_PICO_SYNC=1 -DLIB_PICO_SYNC_CRITICAL_SECTION=1 -DLIB_PICO_SYNC_MUTEX=1 -DLIB_PICO_SYNC_SEM=1 -DLIB_PICO_TIME=1 -DLIB_PICO_TIME_ADAPTER=1 -DLIB_PICO_UNIQUE_ID=1 -DLIB_PICO_UTIL=1 -DLIB_TINYUSB_BOARD=1 -DLIB_TINYUSB_DEVICE=1 -DPICO_32BIT=1 -DPICO_BOARD=\"pico2\" -DPICO_BUILD=1 -DPICO_CMAKE_BUILD_TYPE=\"Release\" -DPICO_COPY_TO_RAM=0 -DPICO_CXX_ENABLE_EXCEPTIONS=0 -DPICO_NO_FLASH=0 -DPICO_NO_HARDWARE=0 -DPICO_ON_DEVICE=1 -DPICO_RP2040_USB_DEVICE_UFRAME_FIX=1 -DPICO_RP2350=1 -DPICO_TARGET_NAME=\"pico_6mic_soundcard\" -DPICO_USE_BLOCKED_RAM=0 -I/home/gpu/het68/build -I/home/gpu/het68 -I/home/gpu/het68/pico-sdk/src/rp2_common/pico_atomic/include -I/home/gpu/het68/pico-sdk/lib/tinyusb/src -I/home/gpu/het68/pico-sdk/src/rp2_common/tinyusb/include -I/home/gpu/het68/pico-sdk/lib/tinyusb/hw -isystem /home/gpu/het68/pico-sdk/src/common/pico_stdlib_headers/include -isystem /home/gpu/het68/pico-sdk/src/rp2_common/hardware_gpio/include -isystem /home/gpu/het68/pico-sdk/src/common/pico_base_headers/include -isystem /home/gpu/het68/build/generated/pico_base -isystem /home/gpu/het68/pico-sdk/src/boards/include -isystem /home/gpu/het68/pico-sdk/src/rp2350/pico_platform/include -isystem /home/gpu/het68/pico-sdk/src/rp2350/hardware_regs/include -isystem /home/gpu/het68/pico-sdk/src/rp2_common/hardware_base/include -isystem /home/gpu/het68/pico-sdk/src/rp2_common/pico_platform_common/include -isystem /home/gpu/het68/pico-sdk/src/rp2_common/pico_platform_compiler/include -isystem /home/gpu/het68/pico-sdk/src/rp2_common/pico_platform_panic/include -isystem /home/gpu/het68/pico-sdk/src/rp2_common/pico_platform_sections/include -isystem /home/gpu/het68/pico-sdk/src/rp2_common/hardware_dcp/include -isystem /home/gpu/het68/pico-sdk/src/rp2350/hardware_structs/include -isystem /home/gpu/het68/pico-sdk/src/rp2_common/hardware_rcp/include -isystem /home/gpu/het68/pico-sdk/src/common/hardware_claim/include -isystem /home/gpu/het68/pico-sdk/src/rp2_common/hardware_sync/include -isystem /home/gpu/het68/pico-sdk/src/rp2_common/hardware_sync_spin_lock/include -isystem /home/gpu/het68/pico-sdk/src/rp2_common/hardware_irq/include -isystem /home/gpu/het68/pico-sdk/src/rp2_common/hardware_uart/include -isystem /home/gpu/het68/pico-sdk/src/rp2_common/hardware_resets/include -isystem /home/gpu/het68/pico-sdk/src/rp2_common/hardware_clocks/include -isystem /home/gpu/het68/pico-sdk/src/rp2_common/hardware_pll/include -isystem /home/gpu/het68/pico-sdk/src/rp2_common/hardware_vreg/include -isystem /home/gpu/het68/pico-sdk/src/rp2_common/hardware_watchdog/include -isystem /home/gpu/het68/pico-sdk/src/rp2_common/hardware_ticks/include -isystem /home/gpu/het68/pico-sdk/src/rp2_common/pico_bootrom/include -isystem /home/gpu/het68/pico-sdk/src/common/boot_picoboot_headers/include -isystem /home/gpu/het68/pico-sdk/src/rp2_common/boot_bootrom_headers/include -isystem /home/gpu/het68/pico-sdk/src/rp2_common/hardware_boot_lock/include -isystem /home/gpu/het68/pico-sdk/src/rp2_common/pico_flash/include -isystem /home/gpu/het68/pico-sdk/src/common/pico_time/include -isystem /home/gpu/het68/pico-sdk/src/rp2_common/hardware_timer/include -isystem /home/gpu/het68/pico-sdk/src/common/pico_sync/include -isystem /home/gpu/het68/pico-sdk/src/common/pico_util/include -isystem /home/gpu/het68/pico-sdk/src/rp2_common/pico_time_adapter/include -isystem /home/gpu/het68/pico-sdk/src/rp2_common/hardware_xosc/include -isystem /home/gpu/het68/pico-sdk/src/rp2_common/hardware_divider/include -isystem /home/gpu/het68/pico-sdk/src/rp2_common/pico_runtime/include -isystem /home/gpu/het68/pico-sdk/src/rp2_common/pico_runtime_init/include -isystem /home/gpu/het68/pico-sdk/src/common/pico_bit_ops_headers/include -isystem /home/gpu/het68/pico-sdk/src/common/pico_divider_headers/include -isystem /home/gpu/het68/pico-sdk/src/rp2_common/pico_double/include -isystem /home/gpu/het68/pico-sdk/src/rp2_common/pico_float/include -isystem /home/gpu/het68/pico-sdk/src/rp2_common/pico_malloc/include -isystem /home/gpu/het68/pico-sdk/src/common/pico_binary_info/include -isystem /home/gpu/het68/pico-sdk/src/rp2_common/pico_printf/include -isystem /home/gpu/het68/pico-sdk/src/rp2_common/pico_stdio/include -isystem /home/gpu/het68/pico-sdk/src/rp2_common/pico_multicore/include -isystem /home/gpu/het68/pico-sdk/src/common/boot_picobin_headers/include -isystem /home/gpu/het68/pico-sdk/src/rp2350/boot_stage2/include -isystem /home/gpu/het68/pico-sdk/src/rp2_common/hardware_pio/include -isystem /home/gpu/het68/pico-sdk/src/rp2_common/hardware_dma/include -isystem /home/gpu/het68/pico-sdk/src/rp2_common/pico_fix/rp2040_usb_device_enumeration/include -isystem /home/gpu/het68/pico-sdk/src/rp2_common/pico_unique_id/include -isystem /home/gpu/het68/pico-sdk/src/rp2_common/hardware_flash/include -isystem /home/gpu/het68/pico-sdk/src/rp2_common/hardware_xip_cache/include -mcpu=cortex-m33 -mthumb -march=armv8-m.main+fp+dsp -mfloat-abi=softfp -mcmse -g -O3 -DNDEBUG -ffunction-sections -fdata-sections -o CMakeFiles/pico_6mic_soundcard.dir/pico-sdk/src/rp2_common/pico_double/double_sci_m33.S.o   -c /home/gpu/het68/pico-sdk/src/rp2_common/pico_double/double_sci_m33.S
[ 47%] Building C object CMakeFiles/pico_6mic_soundcard.dir/pico-sdk/src/rp2_common/pico_bootrom/bootrom.c.o
[ 55%] Building C object CMakeFiles/pico_6mic_soundcard.dir/pico-sdk/src/rp2_common/pico_bootrom/bootrom_lock.c.o
/usr/bin/arm-none-eabi-gcc -DCFG_TUSB_DEBUG=0 -DCFG_TUSB_MCU=OPT_MCU_RP2040 -DCFG_TUSB_OS=OPT_OS_PICO -DLIB_BOOT_STAGE2_HEADERS=1 -DLIB_PICO_ATOMIC=1 -DLIB_PICO_BIT_OPS=1 -DLIB_PICO_BIT_OPS_PICO=1 -DLIB_PICO_CLIB_INTERFACE=1 -DLIB_PICO_CRT0=1 -DLIB_PICO_CXX_OPTIONS=1 -DLIB_PICO_DIVIDER=1 -DLIB_PICO_DIVIDER_COMPILER=1 -DLIB_PICO_DOUBLE=1 -DLIB_PICO_DOUBLE_PICO=1 -DLIB_PICO_FIX_RP2040_USB_DEVICE_ENUMERATION=1 -DLIB_PICO_FLASH=1 -DLIB_PICO_FLOAT=1 -DLIB_PICO_FLOAT_PICO=1 -DLIB_PICO_FLOAT_PICO_VFP=1 -DLIB_PICO_INT64_OPS=1 -DLIB_PICO_INT64_OPS_COMPILER=1 -DLIB_PICO_MALLOC=1 -DLIB_PICO_MEM_OPS=1 -DLIB_PICO_MEM_OPS_COMPILER=1 -DLIB_PICO_NEWLIB_INTERFACE=1 -DLIB_PICO_PLATFORM=1 -DLIB_PICO_PLATFORM_COMMON=1 -DLIB_PICO_PLATFORM_COMPILER=1 -DLIB_PICO_PLATFORM_PANIC=1 -DLIB_PICO_PLATFORM_SECTIONS=1 -DLIB_PICO_PRINTF=1 -DLIB_PICO_PRINTF_PICO=1 -DLIB_PICO_RUNTIME=1 -DLIB_PICO_RUNTIME_INIT=1 -DLIB_PICO_STANDARD_BINARY_INFO=1 -DLIB_PICO_STANDARD_LINK=1 -DLIB_PICO_STDIO=1 -DLIB_PICO_STDLIB=1 -DLIB_PICO_SYNC=1 -DLIB_PICO_SYNC_CRITICAL_SECTION=1 -DLIB_PICO_SYNC_MUTEX=1 -DLIB_PICO_SYNC_SEM=1 -DLIB_PICO_TIME=1 -DLIB_PICO_TIME_ADAPTER=1 -DLIB_PICO_UNIQUE_ID=1 -DLIB_PICO_UTIL=1 -DLIB_TINYUSB_BOARD=1 -DLIB_TINYUSB_DEVICE=1 -DPICO_32BIT=1 -DPICO_BOARD=\"pico2\" -DPICO_BUILD=1 -DPICO_CMAKE_BUILD_TYPE=\"Release\" -DPICO_COPY_TO_RAM=0 -DPICO_CXX_ENABLE_EXCEPTIONS=0 -DPICO_NO_FLASH=0 -DPICO_NO_HARDWARE=0 -DPICO_ON_DEVICE=1 -DPICO_RP2040_USB_DEVICE_UFRAME_FIX=1 -DPICO_RP2350=1 -DPICO_TARGET_NAME=\"pico_6mic_soundcard\" -DPICO_USE_BLOCKED_RAM=0 -I/home/gpu/het68/build -I/home/gpu/het68 -I/home/gpu/het68/pico-sdk/src/rp2_common/pico_atomic/include -I/home/gpu/het68/pico-sdk/lib/tinyusb/src -I/home/gpu/het68/pico-sdk/src/rp2_common/tinyusb/include -I/home/gpu/het68/pico-sdk/lib/tinyusb/hw -isystem /home/gpu/het68/pico-sdk/src/common/pico_stdlib_headers/include -isystem /home/gpu/het68/pico-sdk/src/rp2_common/hardware_gpio/include -isystem /home/gpu/het68/pico-sdk/src/common/pico_base_headers/include -isystem /home/gpu/het68/build/generated/pico_base -isystem /home/gpu/het68/pico-sdk/src/boards/include -isystem /home/gpu/het68/pico-sdk/src/rp2350/pico_platform/include -isystem /home/gpu/het68/pico-sdk/src/rp2350/hardware_regs/include -isystem /home/gpu/het68/pico-sdk/src/rp2_common/hardware_base/include -isystem /home/gpu/het68/pico-sdk/src/rp2_common/pico_platform_common/include -isystem /home/gpu/het68/pico-sdk/src/rp2_common/pico_platform_compiler/include -isystem /home/gpu/het68/pico-sdk/src/rp2_common/pico_platform_panic/include -isystem /home/gpu/het68/pico-sdk/src/rp2_common/pico_platform_sections/include -isystem /home/gpu/het68/pico-sdk/src/rp2_common/hardware_dcp/include -isystem /home/gpu/het68/pico-sdk/src/rp2350/hardware_structs/include -isystem /home/gpu/het68/pico-sdk/src/rp2_common/hardware_rcp/include -isystem /home/gpu/het68/pico-sdk/src/common/hardware_claim/include -isystem /home/gpu/het68/pico-sdk/src/rp2_common/hardware_sync/include -isystem /home/gpu/het68/pico-sdk/src/rp2_common/hardware_sync_spin_lock/include -isystem /home/gpu/het68/pico-sdk/src/rp2_common/hardware_irq/include -isystem /home/gpu/het68/pico-sdk/src/rp2_common/hardware_uart/include -isystem /home/gpu/het68/pico-sdk/src/rp2_common/hardware_resets/include -isystem /home/gpu/het68/pico-sdk/src/rp2_common/hardware_clocks/include -isystem /home/gpu/het68/pico-sdk/src/rp2_common/hardware_pll/include -isystem /home/gpu/het68/pico-sdk/src/rp2_common/hardware_vreg/include -isystem /home/gpu/het68/pico-sdk/src/rp2_common/hardware_watchdog/include -isystem /home/gpu/het68/pico-sdk/src/rp2_common/hardware_ticks/include -isystem /home/gpu/het68/pico-sdk/src/rp2_common/pico_bootrom/include -isystem /home/gpu/het68/pico-sdk/src/common/boot_picoboot_headers/include -isystem /home/gpu/het68/pico-sdk/src/rp2_common/boot_bootrom_headers/include -isystem /home/gpu/het68/pico-sdk/src/rp2_common/hardware_boot_lock/include -isystem /home/gpu/het68/pico-sdk/src/rp2_common/pico_flash/include -isystem /home/gpu/het68/pico-sdk/src/common/pico_time/include -isystem /home/gpu/het68/pico-sdk/src/rp2_common/hardware_timer/include -isystem /home/gpu/het68/pico-sdk/src/common/pico_sync/include -isystem /home/gpu/het68/pico-sdk/src/common/pico_util/include -isystem /home/gpu/het68/pico-sdk/src/rp2_common/pico_time_adapter/include -isystem /home/gpu/het68/pico-sdk/src/rp2_common/hardware_xosc/include -isystem /home/gpu/het68/pico-sdk/src/rp2_common/hardware_divider/include -isystem /home/gpu/het68/pico-sdk/src/rp2_common/pico_runtime/include -isystem /home/gpu/het68/pico-sdk/src/rp2_common/pico_runtime_init/include -isystem /home/gpu/het68/pico-sdk/src/common/pico_bit_ops_headers/include -isystem /home/gpu/het68/pico-sdk/src/common/pico_divider_headers/include -isystem /home/gpu/het68/pico-sdk/src/rp2_common/pico_double/include -isystem /home/gpu/het68/pico-sdk/src/rp2_common/pico_float/include -isystem /home/gpu/het68/pico-sdk/src/rp2_common/pico_malloc/include -isystem /home/gpu/het68/pico-sdk/src/common/pico_binary_info/include -isystem /home/gpu/het68/pico-sdk/src/rp2_common/pico_printf/include -isystem /home/gpu/het68/pico-sdk/src/rp2_common/pico_stdio/include -isystem /home/gpu/het68/pico-sdk/src/rp2_common/pico_multicore/include -isystem /home/gpu/het68/pico-sdk/src/common/boot_picobin_headers/include -isystem /home/gpu/het68/pico-sdk/src/rp2350/boot_stage2/include -isystem /home/gpu/het68/pico-sdk/src/rp2_common/hardware_pio/include -isystem /home/gpu/het68/pico-sdk/src/rp2_common/hardware_dma/include -isystem /home/gpu/het68/pico-sdk/src/rp2_common/pico_fix/rp2040_usb_device_enumeration/include -isystem /home/gpu/het68/pico-sdk/src/rp2_common/pico_unique_id/include -isystem /home/gpu/het68/pico-sdk/src/rp2_common/hardware_flash/include -isystem /home/gpu/het68/pico-sdk/src/rp2_common/hardware_xip_cache/include -mcpu=cortex-m33 -mthumb -march=armv8-m.main+fp+dsp -mfloat-abi=softfp -mcmse -g -O3 -DNDEBUG -ffunction-sections -fdata-sections -MD -MT CMakeFiles/pico_6mic_soundcard.dir/pico-sdk/src/rp2_common/hardware_ticks/ticks.c.o -MF CMakeFiles/pico_6mic_soundcard.dir/pico-sdk/src/rp2_common/hardware_ticks/ticks.c.o.d -o CMakeFiles/pico_6mic_soundcard.dir/pico-sdk/src/rp2_common/hardware_ticks/ticks.c.o -c /home/gpu/het68/pico-sdk/src/rp2_common/hardware_ticks/ticks.c
[ 55%] Building C object CMakeFiles/pico_6mic_soundcard.dir/pico-sdk/src/rp2_common/pico_flash/flash.c.o
[ 56%] Building C object CMakeFiles/pico_6mic_soundcard.dir/pico-sdk/src/rp2_common/hardware_divider/divider.c.o
/usr/bin/arm-none-eabi-gcc -DCFG_TUSB_DEBUG=0 -DCFG_TUSB_MCU=OPT_MCU_RP2040 -DCFG_TUSB_OS=OPT_OS_PICO -DLIB_BOOT_STAGE2_HEADERS=1 -DLIB_PICO_ATOMIC=1 -DLIB_PICO_BIT_OPS=1 -DLIB_PICO_BIT_OPS_PICO=1 -DLIB_PICO_CLIB_INTERFACE=1 -DLIB_PICO_CRT0=1 -DLIB_PICO_CXX_OPTIONS=1 -DLIB_PICO_DIVIDER=1 -DLIB_PICO_DIVIDER_COMPILER=1 -DLIB_PICO_DOUBLE=1 -DLIB_PICO_DOUBLE_PICO=1 -DLIB_PICO_FIX_RP2040_USB_DEVICE_ENUMERATION=1 -DLIB_PICO_FLASH=1 -DLIB_PICO_FLOAT=1 -DLIB_PICO_FLOAT_PICO=1 -DLIB_PICO_FLOAT_PICO_VFP=1 -DLIB_PICO_INT64_OPS=1 -DLIB_PICO_INT64_OPS_COMPILER=1 -DLIB_PICO_MALLOC=1 -DLIB_PICO_MEM_OPS=1 -DLIB_PICO_MEM_OPS_COMPILER=1 -DLIB_PICO_NEWLIB_INTERFACE=1 -DLIB_PICO_PLATFORM=1 -DLIB_PICO_PLATFORM_COMMON=1 -DLIB_PICO_PLATFORM_COMPILER=1 -DLIB_PICO_PLATFORM_PANIC=1 -DLIB_PICO_PLATFORM_SECTIONS=1 -DLIB_PICO_PRINTF=1 -DLIB_PICO_PRINTF_PICO=1 -DLIB_PICO_RUNTIME=1 -DLIB_PICO_RUNTIME_INIT=1 -DLIB_PICO_STANDARD_BINARY_INFO=1 -DLIB_PICO_STANDARD_LINK=1 -DLIB_PICO_STDIO=1 -DLIB_PICO_STDLIB=1 -DLIB_PICO_SYNC=1 -DLIB_PICO_SYNC_CRITICAL_SECTION=1 -DLIB_PICO_SYNC_MUTEX=1 -DLIB_PICO_SYNC_SEM=1 -DLIB_PICO_TIME=1 -DLIB_PICO_TIME_ADAPTER=1 -DLIB_PICO_UNIQUE_ID=1 -DLIB_PICO_UTIL=1 -DLIB_TINYUSB_BOARD=1 -DLIB_TINYUSB_DEVICE=1 -DPICO_32BIT=1 -DPICO_BOARD=\"pico2\" -DPICO_BUILD=1 -DPICO_CMAKE_BUILD_TYPE=\"Release\" -DPICO_COPY_TO_RAM=0 -DPICO_CXX_ENABLE_EXCEPTIONS=0 -DPICO_NO_FLASH=0 -DPICO_NO_HARDWARE=0 -DPICO_ON_DEVICE=1 -DPICO_RP2040_USB_DEVICE_UFRAME_FIX=1 -DPICO_RP2350=1 -DPICO_TARGET_NAME=\"pico_6mic_soundcard\" -DPICO_USE_BLOCKED_RAM=0 -I/home/gpu/het68/build -I/home/gpu/het68 -I/home/gpu/het68/pico-sdk/src/rp2_common/pico_atomic/include -I/home/gpu/het68/pico-sdk/lib/tinyusb/src -I/home/gpu/het68/pico-sdk/src/rp2_common/tinyusb/include -I/home/gpu/het68/pico-sdk/lib/tinyusb/hw -isystem /home/gpu/het68/pico-sdk/src/common/pico_stdlib_headers/include -isystem /home/gpu/het68/pico-sdk/src/rp2_common/hardware_gpio/include -isystem /home/gpu/het68/pico-sdk/src/common/pico_base_headers/include -isystem /home/gpu/het68/build/generated/pico_base -isystem /home/gpu/het68/pico-sdk/src/boards/include -isystem /home/gpu/het68/pico-sdk/src/rp2350/pico_platform/include -isystem /home/gpu/het68/pico-sdk/src/rp2350/hardware_regs/include -isystem /home/gpu/het68/pico-sdk/src/rp2_common/hardware_base/include -isystem /home/gpu/het68/pico-sdk/src/rp2_common/pico_platform_common/include -isystem /home/gpu/het68/pico-sdk/src/rp2_common/pico_platform_compiler/include -isystem /home/gpu/het68/pico-sdk/src/rp2_common/pico_platform_panic/include -isystem /home/gpu/het68/pico-sdk/src/rp2_common/pico_platform_sections/include -isystem /home/gpu/het68/pico-sdk/src/rp2_common/hardware_dcp/include -isystem /home/gpu/het68/pico-sdk/src/rp2350/hardware_structs/include -isystem /home/gpu/het68/pico-sdk/src/rp2_common/hardware_rcp/include -isystem /home/gpu/het68/pico-sdk/src/common/hardware_claim/include -isystem /home/gpu/het68/pico-sdk/src/rp2_common/hardware_sync/include -isystem /home/gpu/het68/pico-sdk/src/rp2_common/hardware_sync_spin_lock/include -isystem /home/gpu/het68/pico-sdk/src/rp2_common/hardware_irq/include -isystem /home/gpu/het68/pico-sdk/src/rp2_common/hardware_uart/include -isystem /home/gpu/het68/pico-sdk/src/rp2_common/hardware_resets/include -isystem /home/gpu/het68/pico-sdk/src/rp2_common/hardware_clocks/include -isystem /home/gpu/het68/pico-sdk/src/rp2_common/hardware_pll/include -isystem /home/gpu/het68/pico-sdk/src/rp2_common/hardware_vreg/include -isystem /home/gpu/het68/pico-sdk/src/rp2_common/hardware_watchdog/include -isystem /home/gpu/het68/pico-sdk/src/rp2_common/hardware_ticks/include -isystem /home/gpu/het68/pico-sdk/src/rp2_common/pico_bootrom/include -isystem /home/gpu/het68/pico-sdk/src/common/boot_picoboot_headers/include -isystem /home/gpu/het68/pico-sdk/src/rp2_common/boot_bootrom_headers/include -isystem /home/gpu/het68/pico-sdk/src/rp2_common/hardware_boot_lock/include -isystem /home/gpu/het68/pico-sdk/src/rp2_common/pico_flash/include -isystem /home/gpu/het68/pico-sdk/src/common/pico_time/include -isystem /home/gpu/het68/pico-sdk/src/rp2_common/hardware_timer/include -isystem /home/gpu/het68/pico-sdk/src/common/pico_sync/include -isystem /home/gpu/het68/pico-sdk/src/common/pico_util/include -isystem /home/gpu/het68/pico-sdk/src/rp2_common/pico_time_adapter/include -isystem /home/gpu/het68/pico-sdk/src/rp2_common/hardware_xosc/include -isystem /home/gpu/het68/pico-sdk/src/rp2_common/hardware_divider/include -isystem /home/gpu/het68/pico-sdk/src/rp2_common/pico_runtime/include -isystem /home/gpu/het68/pico-sdk/src/rp2_common/pico_runtime_init/include -isystem /home/gpu/het68/pico-sdk/src/common/pico_bit_ops_headers/include -isystem /home/gpu/het68/pico-sdk/src/common/pico_divider_headers/include -isystem /home/gpu/het68/pico-sdk/src/rp2_common/pico_double/include -isystem /home/gpu/het68/pico-sdk/src/rp2_common/pico_float/include -isystem /home/gpu/het68/pico-sdk/src/rp2_common/pico_malloc/include -isystem /home/gpu/het68/pico-sdk/src/common/pico_binary_info/include -isystem /home/gpu/het68/pico-sdk/src/rp2_common/pico_printf/include -isystem /home/gpu/het68/pico-sdk/src/rp2_common/pico_stdio/include -isystem /home/gpu/het68/pico-sdk/src/rp2_common/pico_multicore/include -isystem /home/gpu/het68/pico-sdk/src/common/boot_picobin_headers/include -isystem /home/gpu/het68/pico-sdk/src/rp2350/boot_stage2/include -isystem /home/gpu/het68/pico-sdk/src/rp2_common/hardware_pio/include -isystem /home/gpu/het68/pico-sdk/src/rp2_common/hardware_dma/include -isystem /home/gpu/het68/pico-sdk/src/rp2_common/pico_fix/rp2040_usb_device_enumeration/include -isystem /home/gpu/het68/pico-sdk/src/rp2_common/pico_unique_id/include -isystem /home/gpu/het68/pico-sdk/src/rp2_common/hardware_flash/include -isystem /home/gpu/het68/pico-sdk/src/rp2_common/hardware_xip_cache/include -mcpu=cortex-m33 -mthumb -march=armv8-m.main+fp+dsp -mfloat-abi=softfp -mcmse -g -O3 -DNDEBUG -ffunction-sections -fdata-sections -MD -MT CMakeFiles/pico_6mic_soundcard.dir/pico-sdk/src/common/pico_util/queue.c.o -MF CMakeFiles/pico_6mic_soundcard.dir/pico-sdk/src/common/pico_util/queue.c.o.d -o CMakeFiles/pico_6mic_soundcard.dir/pico-sdk/src/common/pico_util/queue.c.o -c /home/gpu/het68/pico-sdk/src/common/pico_util/queue.c
[ 55%] Building C object CMakeFiles/pico_6mic_soundcard.dir/pico-sdk/src/rp2_common/pico_runtime_init/runtime_init.c.o
[ 56%] Building C object CMakeFiles/pico_6mic_soundcard.dir/pico-sdk/src/rp2_common/hardware_pll/pll.c.o
/usr/bin/arm-none-eabi-gcc -DCFG_TUSB_DEBUG=0 -DCFG_TUSB_MCU=OPT_MCU_RP2040 -DCFG_TUSB_OS=OPT_OS_PICO -DLIB_BOOT_STAGE2_HEADERS=1 -DLIB_PICO_ATOMIC=1 -DLIB_PICO_BIT_OPS=1 -DLIB_PICO_BIT_OPS_PICO=1 -DLIB_PICO_CLIB_INTERFACE=1 -DLIB_PICO_CRT0=1 -DLIB_PICO_CXX_OPTIONS=1 -DLIB_PICO_DIVIDER=1 -DLIB_PICO_DIVIDER_COMPILER=1 -DLIB_PICO_DOUBLE=1 -DLIB_PICO_DOUBLE_PICO=1 -DLIB_PICO_FIX_RP2040_USB_DEVICE_ENUMERATION=1 -DLIB_PICO_FLASH=1 -DLIB_PICO_FLOAT=1 -DLIB_PICO_FLOAT_PICO=1 -DLIB_PICO_FLOAT_PICO_VFP=1 -DLIB_PICO_INT64_OPS=1 -DLIB_PICO_INT64_OPS_COMPILER=1 -DLIB_PICO_MALLOC=1 -DLIB_PICO_MEM_OPS=1 -DLIB_PICO_MEM_OPS_COMPILER=1 -DLIB_PICO_NEWLIB_INTERFACE=1 -DLIB_PICO_PLATFORM=1 -DLIB_PICO_PLATFORM_COMMON=1 -DLIB_PICO_PLATFORM_COMPILER=1 -DLIB_PICO_PLATFORM_PANIC=1 -DLIB_PICO_PLATFORM_SECTIONS=1 -DLIB_PICO_PRINTF=1 -DLIB_PICO_PRINTF_PICO=1 -DLIB_PICO_RUNTIME=1 -DLIB_PICO_RUNTIME_INIT=1 -DLIB_PICO_STANDARD_BINARY_INFO=1 -DLIB_PICO_STANDARD_LINK=1 -DLIB_PICO_STDIO=1 -DLIB_PICO_STDLIB=1 -DLIB_PICO_SYNC=1 -DLIB_PICO_SYNC_CRITICAL_SECTION=1 -DLIB_PICO_SYNC_MUTEX=1 -DLIB_PICO_SYNC_SEM=1 -DLIB_PICO_TIME=1 -DLIB_PICO_TIME_ADAPTER=1 -DLIB_PICO_UNIQUE_ID=1 -DLIB_PICO_UTIL=1 -DLIB_TINYUSB_BOARD=1 -DLIB_TINYUSB_DEVICE=1 -DPICO_32BIT=1 -DPICO_BOARD=\"pico2\" -DPICO_BUILD=1 -DPICO_CMAKE_BUILD_TYPE=\"Release\" -DPICO_COPY_TO_RAM=0 -DPICO_CXX_ENABLE_EXCEPTIONS=0 -DPICO_NO_FLASH=0 -DPICO_NO_HARDWARE=0 -DPICO_ON_DEVICE=1 -DPICO_RP2040_USB_DEVICE_UFRAME_FIX=1 -DPICO_RP2350=1 -DPICO_TARGET_NAME=\"pico_6mic_soundcard\" -DPICO_USE_BLOCKED_RAM=0 -I/home/gpu/het68/build -I/home/gpu/het68 -I/home/gpu/het68/pico-sdk/src/rp2_common/pico_atomic/include -I/home/gpu/het68/pico-sdk/lib/tinyusb/src -I/home/gpu/het68/pico-sdk/src/rp2_common/tinyusb/include -I/home/gpu/het68/pico-sdk/lib/tinyusb/hw -isystem /home/gpu/het68/pico-sdk/src/common/pico_stdlib_headers/include -isystem /home/gpu/het68/pico-sdk/src/rp2_common/hardware_gpio/include -isystem /home/gpu/het68/pico-sdk/src/common/pico_base_headers/include -isystem /home/gpu/het68/build/generated/pico_base -isystem /home/gpu/het68/pico-sdk/src/boards/include -isystem /home/gpu/het68/pico-sdk/src/rp2350/pico_platform/include -isystem /home/gpu/het68/pico-sdk/src/rp2350/hardware_regs/include -isystem /home/gpu/het68/pico-sdk/src/rp2_common/hardware_base/include -isystem /home/gpu/het68/pico-sdk/src/rp2_common/pico_platform_common/include -isystem /home/gpu/het68/pico-sdk/src/rp2_common/pico_platform_compiler/include -isystem /home/gpu/het68/pico-sdk/src/rp2_common/pico_platform_panic/include -isystem /home/gpu/het68/pico-sdk/src/rp2_common/pico_platform_sections/include -isystem /home/gpu/het68/pico-sdk/src/rp2_common/hardware_dcp/include -isystem /home/gpu/het68/pico-sdk/src/rp2350/hardware_structs/include -isystem /home/gpu/het68/pico-sdk/src/rp2_common/hardware_rcp/include -isystem /home/gpu/het68/pico-sdk/src/common/hardware_claim/include -isystem /home/gpu/het68/pico-sdk/src/rp2_common/hardware_sync/include -isystem /home/gpu/het68/pico-sdk/src/rp2_common/hardware_sync_spin_lock/include -isystem /home/gpu/het68/pico-sdk/src/rp2_common/hardware_irq/include -isystem /home/gpu/het68/pico-sdk/src/rp2_common/hardware_uart/include -isystem /home/gpu/het68/pico-sdk/src/rp2_common/hardware_resets/include -isystem /home/gpu/het68/pico-sdk/src/rp2_common/hardware_clocks/include -isystem /home/gpu/het68/pico-sdk/src/rp2_common/hardware_pll/include -isystem /home/gpu/het68/pico-sdk/src/rp2_common/hardware_vreg/include -isystem /home/gpu/het68/pico-sdk/src/rp2_common/hardware_watchdog/include -isystem /home/gpu/het68/pico-sdk/src/rp2_common/hardware_ticks/include -isystem /home/gpu/het68/pico-sdk/src/rp2_common/pico_bootrom/include -isystem /home/gpu/het68/pico-sdk/src/common/boot_picoboot_headers/include -isystem /home/gpu/het68/pico-sdk/src/rp2_common/boot_bootrom_headers/include -isystem /home/gpu/het68/pico-sdk/src/rp2_common/hardware_boot_lock/include -isystem /home/gpu/het68/pico-sdk/src/rp2_common/pico_flash/include -isystem /home/gpu/het68/pico-sdk/src/common/pico_time/include -isystem /home/gpu/het68/pico-sdk/src/rp2_common/hardware_timer/include -isystem /home/gpu/het68/pico-sdk/src/common/pico_sync/include -isystem /home/gpu/het68/pico-sdk/src/common/pico_util/include -isystem /home/gpu/het68/pico-sdk/src/rp2_common/pico_time_adapter/include -isystem /home/gpu/het68/pico-sdk/src/rp2_common/hardware_xosc/include -isystem /home/gpu/het68/pico-sdk/src/rp2_common/hardware_divider/include -isystem /home/gpu/het68/pico-sdk/src/rp2_common/pico_runtime/include -isystem /home/gpu/het68/pico-sdk/src/rp2_common/pico_runtime_init/include -isystem /home/gpu/het68/pico-sdk/src/common/pico_bit_ops_headers/include -isystem /home/gpu/het68/pico-sdk/src/common/pico_divider_headers/include -isystem /home/gpu/het68/pico-sdk/src/rp2_common/pico_double/include -isystem /home/gpu/het68/pico-sdk/src/rp2_common/pico_float/include -isystem /home/gpu/het68/pico-sdk/src/rp2_common/pico_malloc/include -isystem /home/gpu/het68/pico-sdk/src/common/pico_binary_info/include -isystem /home/gpu/het68/pico-sdk/src/rp2_common/pico_printf/include -isystem /home/gpu/het68/pico-sdk/src/rp2_common/pico_stdio/include -isystem /home/gpu/het68/pico-sdk/src/rp2_common/pico_multicore/include -isystem /home/gpu/het68/pico-sdk/src/common/boot_picobin_headers/include -isystem /home/gpu/het68/pico-sdk/src/rp2350/boot_stage2/include -isystem /home/gpu/het68/pico-sdk/src/rp2_common/hardware_pio/include -isystem /home/gpu/het68/pico-sdk/src/rp2_common/hardware_dma/include -isystem /home/gpu/het68/pico-sdk/src/rp2_common/pico_fix/rp2040_usb_device_enumeration/include -isystem /home/gpu/het68/pico-sdk/src/rp2_common/pico_unique_id/include -isystem /home/gpu/het68/pico-sdk/src/rp2_common/hardware_flash/include -isystem /home/gpu/het68/pico-sdk/src/rp2_common/hardware_xip_cache/include -mcpu=cortex-m33 -mthumb -march=armv8-m.main+fp+dsp -mfloat-abi=softfp -mcmse -g -O3 -DNDEBUG -ffunction-sections -fdata-sections -MD -MT CMakeFiles/pico_6mic_soundcard.dir/pico-sdk/src/rp2_common/pico_bootrom/bootrom_lock.c.o -MF CMakeFiles/pico_6mic_soundcard.dir/pico-sdk/src/rp2_common/pico_bootrom/bootrom_lock.c.o.d -o CMakeFiles/pico_6mic_soundcard.dir/pico-sdk/src/rp2_common/pico_bootrom/bootrom_lock.c.o -c /home/gpu/het68/pico-sdk/src/rp2_common/pico_bootrom/bootrom_lock.c
[ 57%] Building ASM object CMakeFiles/pico_6mic_soundcard.dir/pico-sdk/src/rp2_common/pico_bit_ops/bit_ops_aeabi.S.o
[ 58%] Building C object CMakeFiles/pico_6mic_soundcard.dir/pico-sdk/src/rp2_common/pico_runtime/runtime.c.o
/usr/bin/arm-none-eabi-gcc -DCFG_TUSB_DEBUG=0 -DCFG_TUSB_MCU=OPT_MCU_RP2040 -DCFG_TUSB_OS=OPT_OS_PICO -DLIB_BOOT_STAGE2_HEADERS=1 -DLIB_PICO_ATOMIC=1 -DLIB_PICO_BIT_OPS=1 -DLIB_PICO_BIT_OPS_PICO=1 -DLIB_PICO_CLIB_INTERFACE=1 -DLIB_PICO_CRT0=1 -DLIB_PICO_CXX_OPTIONS=1 -DLIB_PICO_DIVIDER=1 -DLIB_PICO_DIVIDER_COMPILER=1 -DLIB_PICO_DOUBLE=1 -DLIB_PICO_DOUBLE_PICO=1 -DLIB_PICO_FIX_RP2040_USB_DEVICE_ENUMERATION=1 -DLIB_PICO_FLASH=1 -DLIB_PICO_FLOAT=1 -DLIB_PICO_FLOAT_PICO=1 -DLIB_PICO_FLOAT_PICO_VFP=1 -DLIB_PICO_INT64_OPS=1 -DLIB_PICO_INT64_OPS_COMPILER=1 -DLIB_PICO_MALLOC=1 -DLIB_PICO_MEM_OPS=1 -DLIB_PICO_MEM_OPS_COMPILER=1 -DLIB_PICO_NEWLIB_INTERFACE=1 -DLIB_PICO_PLATFORM=1 -DLIB_PICO_PLATFORM_COMMON=1 -DLIB_PICO_PLATFORM_COMPILER=1 -DLIB_PICO_PLATFORM_PANIC=1 -DLIB_PICO_PLATFORM_SECTIONS=1 -DLIB_PICO_PRINTF=1 -DLIB_PICO_PRINTF_PICO=1 -DLIB_PICO_RUNTIME=1 -DLIB_PICO_RUNTIME_INIT=1 -DLIB_PICO_STANDARD_BINARY_INFO=1 -DLIB_PICO_STANDARD_LINK=1 -DLIB_PICO_STDIO=1 -DLIB_PICO_STDLIB=1 -DLIB_PICO_SYNC=1 -DLIB_PICO_SYNC_CRITICAL_SECTION=1 -DLIB_PICO_SYNC_MUTEX=1 -DLIB_PICO_SYNC_SEM=1 -DLIB_PICO_TIME=1 -DLIB_PICO_TIME_ADAPTER=1 -DLIB_PICO_UNIQUE_ID=1 -DLIB_PICO_UTIL=1 -DLIB_TINYUSB_BOARD=1 -DLIB_TINYUSB_DEVICE=1 -DPICO_32BIT=1 -DPICO_BOARD=\"pico2\" -DPICO_BUILD=1 -DPICO_CMAKE_BUILD_TYPE=\"Release\" -DPICO_COPY_TO_RAM=0 -DPICO_CXX_ENABLE_EXCEPTIONS=0 -DPICO_NO_FLASH=0 -DPICO_NO_HARDWARE=0 -DPICO_ON_DEVICE=1 -DPICO_RP2040_USB_DEVICE_UFRAME_FIX=1 -DPICO_RP2350=1 -DPICO_TARGET_NAME=\"pico_6mic_soundcard\" -DPICO_USE_BLOCKED_RAM=0 -I/home/gpu/het68/build -I/home/gpu/het68 -I/home/gpu/het68/pico-sdk/src/rp2_common/pico_atomic/include -I/home/gpu/het68/pico-sdk/lib/tinyusb/src -I/home/gpu/het68/pico-sdk/src/rp2_common/tinyusb/include -I/home/gpu/het68/pico-sdk/lib/tinyusb/hw -isystem /home/gpu/het68/pico-sdk/src/common/pico_stdlib_headers/include -isystem /home/gpu/het68/pico-sdk/src/rp2_common/hardware_gpio/include -isystem /home/gpu/het68/pico-sdk/src/common/pico_base_headers/include -isystem /home/gpu/het68/build/generated/pico_base -isystem /home/gpu/het68/pico-sdk/src/boards/include -isystem /home/gpu/het68/pico-sdk/src/rp2350/pico_platform/include -isystem /home/gpu/het68/pico-sdk/src/rp2350/hardware_regs/include -isystem /home/gpu/het68/pico-sdk/src/rp2_common/hardware_base/include -isystem /home/gpu/het68/pico-sdk/src/rp2_common/pico_platform_common/include -isystem /home/gpu/het68/pico-sdk/src/rp2_common/pico_platform_compiler/include -isystem /home/gpu/het68/pico-sdk/src/rp2_common/pico_platform_panic/include -isystem /home/gpu/het68/pico-sdk/src/rp2_common/pico_platform_sections/include -isystem /home/gpu/het68/pico-sdk/src/rp2_common/hardware_dcp/include -isystem /home/gpu/het68/pico-sdk/src/rp2350/hardware_structs/include -isystem /home/gpu/het68/pico-sdk/src/rp2_common/hardware_rcp/include -isystem /home/gpu/het68/pico-sdk/src/common/hardware_claim/include -isystem /home/gpu/het68/pico-sdk/src/rp2_common/hardware_sync/include -isystem /home/gpu/het68/pico-sdk/src/rp2_common/hardware_sync_spin_lock/include -isystem /home/gpu/het68/pico-sdk/src/rp2_common/hardware_irq/include -isystem /home/gpu/het68/pico-sdk/src/rp2_common/hardware_uart/include -isystem /home/gpu/het68/pico-sdk/src/rp2_common/hardware_resets/include -isystem /home/gpu/het68/pico-sdk/src/rp2_common/hardware_clocks/include -isystem /home/gpu/het68/pico-sdk/src/rp2_common/hardware_pll/include -isystem /home/gpu/het68/pico-sdk/src/rp2_common/hardware_vreg/include -isystem /home/gpu/het68/pico-sdk/src/rp2_common/hardware_watchdog/include -isystem /home/gpu/het68/pico-sdk/src/rp2_common/hardware_ticks/include -isystem /home/gpu/het68/pico-sdk/src/rp2_common/pico_bootrom/include -isystem /home/gpu/het68/pico-sdk/src/common/boot_picoboot_headers/include -isystem /home/gpu/het68/pico-sdk/src/rp2_common/boot_bootrom_headers/include -isystem /home/gpu/het68/pico-sdk/src/rp2_common/hardware_boot_lock/include -isystem /home/gpu/het68/pico-sdk/src/rp2_common/pico_flash/include -isystem /home/gpu/het68/pico-sdk/src/common/pico_time/include -isystem /home/gpu/het68/pico-sdk/src/rp2_common/hardware_timer/include -isystem /home/gpu/het68/pico-sdk/src/common/pico_sync/include -isystem /home/gpu/het68/pico-sdk/src/common/pico_util/include -isystem /home/gpu/het68/pico-sdk/src/rp2_common/pico_time_adapter/include -isystem /home/gpu/het68/pico-sdk/src/rp2_common/hardware_xosc/include -isystem /home/gpu/het68/pico-sdk/src/rp2_common/hardware_divider/include -isystem /home/gpu/het68/pico-sdk/src/rp2_common/pico_runtime/include -isystem /home/gpu/het68/pico-sdk/src/rp2_common/pico_runtime_init/include -isystem /home/gpu/het68/pico-sdk/src/common/pico_bit_ops_headers/include -isystem /home/gpu/het68/pico-sdk/src/common/pico_divider_headers/include -isystem /home/gpu/het68/pico-sdk/src/rp2_common/pico_double/include -isystem /home/gpu/het68/pico-sdk/src/rp2_common/pico_float/include -isystem /home/gpu/het68/pico-sdk/src/rp2_common/pico_malloc/include -isystem /home/gpu/het68/pico-sdk/src/common/pico_binary_info/include -isystem /home/gpu/het68/pico-sdk/src/rp2_common/pico_printf/include -isystem /home/gpu/het68/pico-sdk/src/rp2_common/pico_stdio/include -isystem /home/gpu/het68/pico-sdk/src/rp2_common/pico_multicore/include -isystem /home/gpu/het68/pico-sdk/src/common/boot_picobin_headers/include -isystem /home/gpu/het68/pico-sdk/src/rp2350/boot_stage2/include -isystem /home/gpu/het68/pico-sdk/src/rp2_common/hardware_pio/include -isystem /home/gpu/het68/pico-sdk/src/rp2_common/hardware_dma/include -isystem /home/gpu/het68/pico-sdk/src/rp2_common/pico_fix/rp2040_usb_device_enumeration/include -isystem /home/gpu/het68/pico-sdk/src/rp2_common/pico_unique_id/include -isystem /home/gpu/het68/pico-sdk/src/rp2_common/hardware_flash/include -isystem /home/gpu/het68/pico-sdk/src/rp2_common/hardware_xip_cache/include -mcpu=cortex-m33 -mthumb -march=armv8-m.main+fp+dsp -mfloat-abi=softfp -mcmse -g -O3 -DNDEBUG -ffunction-sections -fdata-sections -MD -MT CMakeFiles/pico_6mic_soundcard.dir/pico-sdk/src/rp2_common/pico_bootrom/bootrom.c.o -MF CMakeFiles/pico_6mic_soundcard.dir/pico-sdk/src/rp2_common/pico_bootrom/bootrom.c.o.d -o CMakeFiles/pico_6mic_soundcard.dir/pico-sdk/src/rp2_common/pico_bootrom/bootrom.c.o -c /home/gpu/het68/pico-sdk/src/rp2_common/pico_bootrom/bootrom.c
[ 59%] Building C object CMakeFiles/pico_6mic_soundcard.dir/pico-sdk/src/rp2_common/pico_runtime_init/runtime_init_clocks.c.o
[ 59%] Building ASM object CMakeFiles/pico_6mic_soundcard.dir/pico-sdk/src/rp2_common/pico_double/double_aeabi_dcp.S.o
/usr/bin/arm-none-eabi-gcc -DCFG_TUSB_DEBUG=0 -DCFG_TUSB_MCU=OPT_MCU_RP2040 -DCFG_TUSB_OS=OPT_OS_PICO -DLIB_BOOT_STAGE2_HEADERS=1 -DLIB_PICO_ATOMIC=1 -DLIB_PICO_BIT_OPS=1 -DLIB_PICO_BIT_OPS_PICO=1 -DLIB_PICO_CLIB_INTERFACE=1 -DLIB_PICO_CRT0=1 -DLIB_PICO_CXX_OPTIONS=1 -DLIB_PICO_DIVIDER=1 -DLIB_PICO_DIVIDER_COMPILER=1 -DLIB_PICO_DOUBLE=1 -DLIB_PICO_DOUBLE_PICO=1 -DLIB_PICO_FIX_RP2040_USB_DEVICE_ENUMERATION=1 -DLIB_PICO_FLASH=1 -DLIB_PICO_FLOAT=1 -DLIB_PICO_FLOAT_PICO=1 -DLIB_PICO_FLOAT_PICO_VFP=1 -DLIB_PICO_INT64_OPS=1 -DLIB_PICO_INT64_OPS_COMPILER=1 -DLIB_PICO_MALLOC=1 -DLIB_PICO_MEM_OPS=1 -DLIB_PICO_MEM_OPS_COMPILER=1 -DLIB_PICO_NEWLIB_INTERFACE=1 -DLIB_PICO_PLATFORM=1 -DLIB_PICO_PLATFORM_COMMON=1 -DLIB_PICO_PLATFORM_COMPILER=1 -DLIB_PICO_PLATFORM_PANIC=1 -DLIB_PICO_PLATFORM_SECTIONS=1 -DLIB_PICO_PRINTF=1 -DLIB_PICO_PRINTF_PICO=1 -DLIB_PICO_RUNTIME=1 -DLIB_PICO_RUNTIME_INIT=1 -DLIB_PICO_STANDARD_BINARY_INFO=1 -DLIB_PICO_STANDARD_LINK=1 -DLIB_PICO_STDIO=1 -DLIB_PICO_STDLIB=1 -DLIB_PICO_SYNC=1 -DLIB_PICO_SYNC_CRITICAL_SECTION=1 -DLIB_PICO_SYNC_MUTEX=1 -DLIB_PICO_SYNC_SEM=1 -DLIB_PICO_TIME=1 -DLIB_PICO_TIME_ADAPTER=1 -DLIB_PICO_UNIQUE_ID=1 -DLIB_PICO_UTIL=1 -DLIB_TINYUSB_BOARD=1 -DLIB_TINYUSB_DEVICE=1 -DPICO_32BIT=1 -DPICO_BOARD=\"pico2\" -DPICO_BUILD=1 -DPICO_CMAKE_BUILD_TYPE=\"Release\" -DPICO_COPY_TO_RAM=0 -DPICO_CXX_ENABLE_EXCEPTIONS=0 -DPICO_NO_FLASH=0 -DPICO_NO_HARDWARE=0 -DPICO_ON_DEVICE=1 -DPICO_RP2040_USB_DEVICE_UFRAME_FIX=1 -DPICO_RP2350=1 -DPICO_TARGET_NAME=\"pico_6mic_soundcard\" -DPICO_USE_BLOCKED_RAM=0 -I/home/gpu/het68/build -I/home/gpu/het68 -I/home/gpu/het68/pico-sdk/src/rp2_common/pico_atomic/include -I/home/gpu/het68/pico-sdk/lib/tinyusb/src -I/home/gpu/het68/pico-sdk/src/rp2_common/tinyusb/include -I/home/gpu/het68/pico-sdk/lib/tinyusb/hw -isystem /home/gpu/het68/pico-sdk/src/common/pico_stdlib_headers/include -isystem /home/gpu/het68/pico-sdk/src/rp2_common/hardware_gpio/include -isystem /home/gpu/het68/pico-sdk/src/common/pico_base_headers/include -isystem /home/gpu/het68/build/generated/pico_base -isystem /home/gpu/het68/pico-sdk/src/boards/include -isystem /home/gpu/het68/pico-sdk/src/rp2350/pico_platform/include -isystem /home/gpu/het68/pico-sdk/src/rp2350/hardware_regs/include -isystem /home/gpu/het68/pico-sdk/src/rp2_common/hardware_base/include -isystem /home/gpu/het68/pico-sdk/src/rp2_common/pico_platform_common/include -isystem /home/gpu/het68/pico-sdk/src/rp2_common/pico_platform_compiler/include -isystem /home/gpu/het68/pico-sdk/src/rp2_common/pico_platform_panic/include -isystem /home/gpu/het68/pico-sdk/src/rp2_common/pico_platform_sections/include -isystem /home/gpu/het68/pico-sdk/src/rp2_common/hardware_dcp/include -isystem /home/gpu/het68/pico-sdk/src/rp2350/hardware_structs/include -isystem /home/gpu/het68/pico-sdk/src/rp2_common/hardware_rcp/include -isystem /home/gpu/het68/pico-sdk/src/common/hardware_claim/include -isystem /home/gpu/het68/pico-sdk/src/rp2_common/hardware_sync/include -isystem /home/gpu/het68/pico-sdk/src/rp2_common/hardware_sync_spin_lock/include -isystem /home/gpu/het68/pico-sdk/src/rp2_common/hardware_irq/include -isystem /home/gpu/het68/pico-sdk/src/rp2_common/hardware_uart/include -isystem /home/gpu/het68/pico-sdk/src/rp2_common/hardware_resets/include -isystem /home/gpu/het68/pico-sdk/src/rp2_common/hardware_clocks/include -isystem /home/gpu/het68/pico-sdk/src/rp2_common/hardware_pll/include -isystem /home/gpu/het68/pico-sdk/src/rp2_common/hardware_vreg/include -isystem /home/gpu/het68/pico-sdk/src/rp2_common/hardware_watchdog/include -isystem /home/gpu/het68/pico-sdk/src/rp2_common/hardware_ticks/include -isystem /home/gpu/het68/pico-sdk/src/rp2_common/pico_bootrom/include -isystem /home/gpu/het68/pico-sdk/src/common/boot_picoboot_headers/include -isystem /home/gpu/het68/pico-sdk/src/rp2_common/boot_bootrom_headers/include -isystem /home/gpu/het68/pico-sdk/src/rp2_common/hardware_boot_lock/include -isystem /home/gpu/het68/pico-sdk/src/rp2_common/pico_flash/include -isystem /home/gpu/het68/pico-sdk/src/common/pico_time/include -isystem /home/gpu/het68/pico-sdk/src/rp2_common/hardware_timer/include -isystem /home/gpu/het68/pico-sdk/src/common/pico_sync/include -isystem /home/gpu/het68/pico-sdk/src/common/pico_util/include -isystem /home/gpu/het68/pico-sdk/src/rp2_common/pico_time_adapter/include -isystem /home/gpu/het68/pico-sdk/src/rp2_common/hardware_xosc/include -isystem /home/gpu/het68/pico-sdk/src/rp2_common/hardware_divider/include -isystem /home/gpu/het68/pico-sdk/src/rp2_common/pico_runtime/include -isystem /home/gpu/het68/pico-sdk/src/rp2_common/pico_runtime_init/include -isystem /home/gpu/het68/pico-sdk/src/common/pico_bit_ops_headers/include -isystem /home/gpu/het68/pico-sdk/src/common/pico_divider_headers/include -isystem /home/gpu/het68/pico-sdk/src/rp2_common/pico_double/include -isystem /home/gpu/het68/pico-sdk/src/rp2_common/pico_float/include -isystem /home/gpu/het68/pico-sdk/src/rp2_common/pico_malloc/include -isystem /home/gpu/het68/pico-sdk/src/common/pico_binary_info/include -isystem /home/gpu/het68/pico-sdk/src/rp2_common/pico_printf/include -isystem /home/gpu/het68/pico-sdk/src/rp2_common/pico_stdio/include -isystem /home/gpu/het68/pico-sdk/src/rp2_common/pico_multicore/include -isystem /home/gpu/het68/pico-sdk/src/common/boot_picobin_headers/include -isystem /home/gpu/het68/pico-sdk/src/rp2350/boot_stage2/include -isystem /home/gpu/het68/pico-sdk/src/rp2_common/hardware_pio/include -isystem /home/gpu/het68/pico-sdk/src/rp2_common/hardware_dma/include -isystem /home/gpu/het68/pico-sdk/src/rp2_common/pico_fix/rp2040_usb_device_enumeration/include -isystem /home/gpu/het68/pico-sdk/src/rp2_common/pico_unique_id/include -isystem /home/gpu/het68/pico-sdk/src/rp2_common/hardware_flash/include -isystem /home/gpu/het68/pico-sdk/src/rp2_common/hardware_xip_cache/include -mcpu=cortex-m33 -mthumb -march=armv8-m.main+fp+dsp -mfloat-abi=softfp -mcmse -g -O3 -DNDEBUG -ffunction-sections -fdata-sections -MD -MT CMakeFiles/pico_6mic_soundcard.dir/pico-sdk/src/rp2_common/hardware_pll/pll.c.o -MF CMakeFiles/pico_6mic_soundcard.dir/pico-sdk/src/rp2_common/hardware_pll/pll.c.o.d -o CMakeFiles/pico_6mic_soundcard.dir/pico-sdk/src/rp2_common/hardware_pll/pll.c.o -c /home/gpu/het68/pico-sdk/src/rp2_common/hardware_pll/pll.c
/usr/bin/arm-none-eabi-gcc -DCFG_TUSB_DEBUG=0 -DCFG_TUSB_MCU=OPT_MCU_RP2040 -DCFG_TUSB_OS=OPT_OS_PICO -DLIB_BOOT_STAGE2_HEADERS=1 -DLIB_PICO_ATOMIC=1 -DLIB_PICO_BIT_OPS=1 -DLIB_PICO_BIT_OPS_PICO=1 -DLIB_PICO_CLIB_INTERFACE=1 -DLIB_PICO_CRT0=1 -DLIB_PICO_CXX_OPTIONS=1 -DLIB_PICO_DIVIDER=1 -DLIB_PICO_DIVIDER_COMPILER=1 -DLIB_PICO_DOUBLE=1 -DLIB_PICO_DOUBLE_PICO=1 -DLIB_PICO_FIX_RP2040_USB_DEVICE_ENUMERATION=1 -DLIB_PICO_FLASH=1 -DLIB_PICO_FLOAT=1 -DLIB_PICO_FLOAT_PICO=1 -DLIB_PICO_FLOAT_PICO_VFP=1 -DLIB_PICO_INT64_OPS=1 -DLIB_PICO_INT64_OPS_COMPILER=1 -DLIB_PICO_MALLOC=1 -DLIB_PICO_MEM_OPS=1 -DLIB_PICO_MEM_OPS_COMPILER=1 -DLIB_PICO_NEWLIB_INTERFACE=1 -DLIB_PICO_PLATFORM=1 -DLIB_PICO_PLATFORM_COMMON=1 -DLIB_PICO_PLATFORM_COMPILER=1 -DLIB_PICO_PLATFORM_PANIC=1 -DLIB_PICO_PLATFORM_SECTIONS=1 -DLIB_PICO_PRINTF=1 -DLIB_PICO_PRINTF_PICO=1 -DLIB_PICO_RUNTIME=1 -DLIB_PICO_RUNTIME_INIT=1 -DLIB_PICO_STANDARD_BINARY_INFO=1 -DLIB_PICO_STANDARD_LINK=1 -DLIB_PICO_STDIO=1 -DLIB_PICO_STDLIB=1 -DLIB_PICO_SYNC=1 -DLIB_PICO_SYNC_CRITICAL_SECTION=1 -DLIB_PICO_SYNC_MUTEX=1 -DLIB_PICO_SYNC_SEM=1 -DLIB_PICO_TIME=1 -DLIB_PICO_TIME_ADAPTER=1 -DLIB_PICO_UNIQUE_ID=1 -DLIB_PICO_UTIL=1 -DLIB_TINYUSB_BOARD=1 -DLIB_TINYUSB_DEVICE=1 -DPICO_32BIT=1 -DPICO_BOARD=\"pico2\" -DPICO_BUILD=1 -DPICO_CMAKE_BUILD_TYPE=\"Release\" -DPICO_COPY_TO_RAM=0 -DPICO_CXX_ENABLE_EXCEPTIONS=0 -DPICO_NO_FLASH=0 -DPICO_NO_HARDWARE=0 -DPICO_ON_DEVICE=1 -DPICO_RP2040_USB_DEVICE_UFRAME_FIX=1 -DPICO_RP2350=1 -DPICO_TARGET_NAME=\"pico_6mic_soundcard\" -DPICO_USE_BLOCKED_RAM=0 -I/home/gpu/het68/build -I/home/gpu/het68 -I/home/gpu/het68/pico-sdk/src/rp2_common/pico_atomic/include -I/home/gpu/het68/pico-sdk/lib/tinyusb/src -I/home/gpu/het68/pico-sdk/src/rp2_common/tinyusb/include -I/home/gpu/het68/pico-sdk/lib/tinyusb/hw -isystem /home/gpu/het68/pico-sdk/src/common/pico_stdlib_headers/include -isystem /home/gpu/het68/pico-sdk/src/rp2_common/hardware_gpio/include -isystem /home/gpu/het68/pico-sdk/src/common/pico_base_headers/include -isystem /home/gpu/het68/build/generated/pico_base -isystem /home/gpu/het68/pico-sdk/src/boards/include -isystem /home/gpu/het68/pico-sdk/src/rp2350/pico_platform/include -isystem /home/gpu/het68/pico-sdk/src/rp2350/hardware_regs/include -isystem /home/gpu/het68/pico-sdk/src/rp2_common/hardware_base/include -isystem /home/gpu/het68/pico-sdk/src/rp2_common/pico_platform_common/include -isystem /home/gpu/het68/pico-sdk/src/rp2_common/pico_platform_compiler/include -isystem /home/gpu/het68/pico-sdk/src/rp2_common/pico_platform_panic/include -isystem /home/gpu/het68/pico-sdk/src/rp2_common/pico_platform_sections/include -isystem /home/gpu/het68/pico-sdk/src/rp2_common/hardware_dcp/include -isystem /home/gpu/het68/pico-sdk/src/rp2350/hardware_structs/include -isystem /home/gpu/het68/pico-sdk/src/rp2_common/hardware_rcp/include -isystem /home/gpu/het68/pico-sdk/src/common/hardware_claim/include -isystem /home/gpu/het68/pico-sdk/src/rp2_common/hardware_sync/include -isystem /home/gpu/het68/pico-sdk/src/rp2_common/hardware_sync_spin_lock/include -isystem /home/gpu/het68/pico-sdk/src/rp2_common/hardware_irq/include -isystem /home/gpu/het68/pico-sdk/src/rp2_common/hardware_uart/include -isystem /home/gpu/het68/pico-sdk/src/rp2_common/hardware_resets/include -isystem /home/gpu/het68/pico-sdk/src/rp2_common/hardware_clocks/include -isystem /home/gpu/het68/pico-sdk/src/rp2_common/hardware_pll/include -isystem /home/gpu/het68/pico-sdk/src/rp2_common/hardware_vreg/include -isystem /home/gpu/het68/pico-sdk/src/rp2_common/hardware_watchdog/include -isystem /home/gpu/het68/pico-sdk/src/rp2_common/hardware_ticks/include -isystem /home/gpu/het68/pico-sdk/src/rp2_common/pico_bootrom/include -isystem /home/gpu/het68/pico-sdk/src/common/boot_picoboot_headers/include -isystem /home/gpu/het68/pico-sdk/src/rp2_common/boot_bootrom_headers/include -isystem /home/gpu/het68/pico-sdk/src/rp2_common/hardware_boot_lock/include -isystem /home/gpu/het68/pico-sdk/src/rp2_common/pico_flash/include -isystem /home/gpu/het68/pico-sdk/src/common/pico_time/include -isystem /home/gpu/het68/pico-sdk/src/rp2_common/hardware_timer/include -isystem /home/gpu/het68/pico-sdk/src/common/pico_sync/include -isystem /home/gpu/het68/pico-sdk/src/common/pico_util/include -isystem /home/gpu/het68/pico-sdk/src/rp2_common/pico_time_adapter/include -isystem /home/gpu/het68/pico-sdk/src/rp2_common/hardware_xosc/include -isystem /home/gpu/het68/pico-sdk/src/rp2_common/hardware_divider/include -isystem /home/gpu/het68/pico-sdk/src/rp2_common/pico_runtime/include -isystem /home/gpu/het68/pico-sdk/src/rp2_common/pico_runtime_init/include -isystem /home/gpu/het68/pico-sdk/src/common/pico_bit_ops_headers/include -isystem /home/gpu/het68/pico-sdk/src/common/pico_divider_headers/include -isystem /home/gpu/het68/pico-sdk/src/rp2_common/pico_double/include -isystem /home/gpu/het68/pico-sdk/src/rp2_common/pico_float/include -isystem /home/gpu/het68/pico-sdk/src/rp2_common/pico_malloc/include -isystem /home/gpu/het68/pico-sdk/src/common/pico_binary_info/include -isystem /home/gpu/het68/pico-sdk/src/rp2_common/pico_printf/include -isystem /home/gpu/het68/pico-sdk/src/rp2_common/pico_stdio/include -isystem /home/gpu/het68/pico-sdk/src/rp2_common/pico_multicore/include -isystem /home/gpu/het68/pico-sdk/src/common/boot_picobin_headers/include -isystem /home/gpu/het68/pico-sdk/src/rp2350/boot_stage2/include -isystem /home/gpu/het68/pico-sdk/src/rp2_common/hardware_pio/include -isystem /home/gpu/het68/pico-sdk/src/rp2_common/hardware_dma/include -isystem /home/gpu/het68/pico-sdk/src/rp2_common/pico_fix/rp2040_usb_device_enumeration/include -isystem /home/gpu/het68/pico-sdk/src/rp2_common/pico_unique_id/include -isystem /home/gpu/het68/pico-sdk/src/rp2_common/hardware_flash/include -isystem /home/gpu/het68/pico-sdk/src/rp2_common/hardware_xip_cache/include -mcpu=cortex-m33 -mthumb -march=armv8-m.main+fp+dsp -mfloat-abi=softfp -mcmse -g -O3 -DNDEBUG -ffunction-sections -fdata-sections -MD -MT CMakeFiles/pico_6mic_soundcard.dir/pico-sdk/src/rp2_common/pico_flash/flash.c.o -MF CMakeFiles/pico_6mic_soundcard.dir/pico-sdk/src/rp2_common/pico_flash/flash.c.o.d -o CMakeFiles/pico_6mic_soundcard.dir/pico-sdk/src/rp2_common/pico_flash/flash.c.o -c /home/gpu/het68/pico-sdk/src/rp2_common/pico_flash/flash.c
[ 60%] Building C object CMakeFiles/pico_6mic_soundcard.dir/pico-sdk/src/rp2_common/pico_divider/divider_compiler.c.o
/usr/bin/arm-none-eabi-gcc -DCFG_TUSB_DEBUG=0 -DCFG_TUSB_MCU=OPT_MCU_RP2040 -DCFG_TUSB_OS=OPT_OS_PICO -DLIB_BOOT_STAGE2_HEADERS=1 -DLIB_PICO_ATOMIC=1 -DLIB_PICO_BIT_OPS=1 -DLIB_PICO_BIT_OPS_PICO=1 -DLIB_PICO_CLIB_INTERFACE=1 -DLIB_PICO_CRT0=1 -DLIB_PICO_CXX_OPTIONS=1 -DLIB_PICO_DIVIDER=1 -DLIB_PICO_DIVIDER_COMPILER=1 -DLIB_PICO_DOUBLE=1 -DLIB_PICO_DOUBLE_PICO=1 -DLIB_PICO_FIX_RP2040_USB_DEVICE_ENUMERATION=1 -DLIB_PICO_FLASH=1 -DLIB_PICO_FLOAT=1 -DLIB_PICO_FLOAT_PICO=1 -DLIB_PICO_FLOAT_PICO_VFP=1 -DLIB_PICO_INT64_OPS=1 -DLIB_PICO_INT64_OPS_COMPILER=1 -DLIB_PICO_MALLOC=1 -DLIB_PICO_MEM_OPS=1 -DLIB_PICO_MEM_OPS_COMPILER=1 -DLIB_PICO_NEWLIB_INTERFACE=1 -DLIB_PICO_PLATFORM=1 -DLIB_PICO_PLATFORM_COMMON=1 -DLIB_PICO_PLATFORM_COMPILER=1 -DLIB_PICO_PLATFORM_PANIC=1 -DLIB_PICO_PLATFORM_SECTIONS=1 -DLIB_PICO_PRINTF=1 -DLIB_PICO_PRINTF_PICO=1 -DLIB_PICO_RUNTIME=1 -DLIB_PICO_RUNTIME_INIT=1 -DLIB_PICO_STANDARD_BINARY_INFO=1 -DLIB_PICO_STANDARD_LINK=1 -DLIB_PICO_STDIO=1 -DLIB_PICO_STDLIB=1 -DLIB_PICO_SYNC=1 -DLIB_PICO_SYNC_CRITICAL_SECTION=1 -DLIB_PICO_SYNC_MUTEX=1 -DLIB_PICO_SYNC_SEM=1 -DLIB_PICO_TIME=1 -DLIB_PICO_TIME_ADAPTER=1 -DLIB_PICO_UNIQUE_ID=1 -DLIB_PICO_UTIL=1 -DLIB_TINYUSB_BOARD=1 -DLIB_TINYUSB_DEVICE=1 -DPICO_32BIT=1 -DPICO_BOARD=\"pico2\" -DPICO_BUILD=1 -DPICO_CMAKE_BUILD_TYPE=\"Release\" -DPICO_COPY_TO_RAM=0 -DPICO_CXX_ENABLE_EXCEPTIONS=0 -DPICO_NO_FLASH=0 -DPICO_NO_HARDWARE=0 -DPICO_ON_DEVICE=1 -DPICO_RP2040_USB_DEVICE_UFRAME_FIX=1 -DPICO_RP2350=1 -DPICO_TARGET_NAME=\"pico_6mic_soundcard\" -DPICO_USE_BLOCKED_RAM=0 -I/home/gpu/het68/build -I/home/gpu/het68 -I/home/gpu/het68/pico-sdk/src/rp2_common/pico_atomic/include -I/home/gpu/het68/pico-sdk/lib/tinyusb/src -I/home/gpu/het68/pico-sdk/src/rp2_common/tinyusb/include -I/home/gpu/het68/pico-sdk/lib/tinyusb/hw -isystem /home/gpu/het68/pico-sdk/src/common/pico_stdlib_headers/include -isystem /home/gpu/het68/pico-sdk/src/rp2_common/hardware_gpio/include -isystem /home/gpu/het68/pico-sdk/src/common/pico_base_headers/include -isystem /home/gpu/het68/build/generated/pico_base -isystem /home/gpu/het68/pico-sdk/src/boards/include -isystem /home/gpu/het68/pico-sdk/src/rp2350/pico_platform/include -isystem /home/gpu/het68/pico-sdk/src/rp2350/hardware_regs/include -isystem /home/gpu/het68/pico-sdk/src/rp2_common/hardware_base/include -isystem /home/gpu/het68/pico-sdk/src/rp2_common/pico_platform_common/include -isystem /home/gpu/het68/pico-sdk/src/rp2_common/pico_platform_compiler/include -isystem /home/gpu/het68/pico-sdk/src/rp2_common/pico_platform_panic/include -isystem /home/gpu/het68/pico-sdk/src/rp2_common/pico_platform_sections/include -isystem /home/gpu/het68/pico-sdk/src/rp2_common/hardware_dcp/include -isystem /home/gpu/het68/pico-sdk/src/rp2350/hardware_structs/include -isystem /home/gpu/het68/pico-sdk/src/rp2_common/hardware_rcp/include -isystem /home/gpu/het68/pico-sdk/src/common/hardware_claim/include -isystem /home/gpu/het68/pico-sdk/src/rp2_common/hardware_sync/include -isystem /home/gpu/het68/pico-sdk/src/rp2_common/hardware_sync_spin_lock/include -isystem /home/gpu/het68/pico-sdk/src/rp2_common/hardware_irq/include -isystem /home/gpu/het68/pico-sdk/src/rp2_common/hardware_uart/include -isystem /home/gpu/het68/pico-sdk/src/rp2_common/hardware_resets/include -isystem /home/gpu/het68/pico-sdk/src/rp2_common/hardware_clocks/include -isystem /home/gpu/het68/pico-sdk/src/rp2_common/hardware_pll/include -isystem /home/gpu/het68/pico-sdk/src/rp2_common/hardware_vreg/include -isystem /home/gpu/het68/pico-sdk/src/rp2_common/hardware_watchdog/include -isystem /home/gpu/het68/pico-sdk/src/rp2_common/hardware_ticks/include -isystem /home/gpu/het68/pico-sdk/src/rp2_common/pico_bootrom/include -isystem /home/gpu/het68/pico-sdk/src/common/boot_picoboot_headers/include -isystem /home/gpu/het68/pico-sdk/src/rp2_common/boot_bootrom_headers/include -isystem /home/gpu/het68/pico-sdk/src/rp2_common/hardware_boot_lock/include -isystem /home/gpu/het68/pico-sdk/src/rp2_common/pico_flash/include -isystem /home/gpu/het68/pico-sdk/src/common/pico_time/include -isystem /home/gpu/het68/pico-sdk/src/rp2_common/hardware_timer/include -isystem /home/gpu/het68/pico-sdk/src/common/pico_sync/include -isystem /home/gpu/het68/pico-sdk/src/common/pico_util/include -isystem /home/gpu/het68/pico-sdk/src/rp2_common/pico_time_adapter/include -isystem /home/gpu/het68/pico-sdk/src/rp2_common/hardware_xosc/include -isystem /home/gpu/het68/pico-sdk/src/rp2_common/hardware_divider/include -isystem /home/gpu/het68/pico-sdk/src/rp2_common/pico_runtime/include -isystem /home/gpu/het68/pico-sdk/src/rp2_common/pico_runtime_init/include -isystem /home/gpu/het68/pico-sdk/src/common/pico_bit_ops_headers/include -isystem /home/gpu/het68/pico-sdk/src/common/pico_divider_headers/include -isystem /home/gpu/het68/pico-sdk/src/rp2_common/pico_double/include -isystem /home/gpu/het68/pico-sdk/src/rp2_common/pico_float/include -isystem /home/gpu/het68/pico-sdk/src/rp2_common/pico_malloc/include -isystem /home/gpu/het68/pico-sdk/src/common/pico_binary_info/include -isystem /home/gpu/het68/pico-sdk/src/rp2_common/pico_printf/include -isystem /home/gpu/het68/pico-sdk/src/rp2_common/pico_stdio/include -isystem /home/gpu/het68/pico-sdk/src/rp2_common/pico_multicore/include -isystem /home/gpu/het68/pico-sdk/src/common/boot_picobin_headers/include -isystem /home/gpu/het68/pico-sdk/src/rp2350/boot_stage2/include -isystem /home/gpu/het68/pico-sdk/src/rp2_common/hardware_pio/include -isystem /home/gpu/het68/pico-sdk/src/rp2_common/hardware_dma/include -isystem /home/gpu/het68/pico-sdk/src/rp2_common/pico_fix/rp2040_usb_device_enumeration/include -isystem /home/gpu/het68/pico-sdk/src/rp2_common/pico_unique_id/include -isystem /home/gpu/het68/pico-sdk/src/rp2_common/hardware_flash/include -isystem /home/gpu/het68/pico-sdk/src/rp2_common/hardware_xip_cache/include -mcpu=cortex-m33 -mthumb -march=armv8-m.main+fp+dsp -mfloat-abi=softfp -mcmse -g -O3 -DNDEBUG -ffunction-sections -fdata-sections -MD -MT CMakeFiles/pico_6mic_soundcard.dir/pico-sdk/src/rp2_common/hardware_xosc/xosc.c.o -MF CMakeFiles/pico_6mic_soundcard.dir/pico-sdk/src/rp2_common/hardware_xosc/xosc.c.o.d -o CMakeFiles/pico_6mic_soundcard.dir/pico-sdk/src/rp2_common/hardware_xosc/xosc.c.o -c /home/gpu/het68/pico-sdk/src/rp2_common/hardware_xosc/xosc.c
/usr/bin/arm-none-eabi-gcc -DCFG_TUSB_DEBUG=0 -DCFG_TUSB_MCU=OPT_MCU_RP2040 -DCFG_TUSB_OS=OPT_OS_PICO -DLIB_BOOT_STAGE2_HEADERS=1 -DLIB_PICO_ATOMIC=1 -DLIB_PICO_BIT_OPS=1 -DLIB_PICO_BIT_OPS_PICO=1 -DLIB_PICO_CLIB_INTERFACE=1 -DLIB_PICO_CRT0=1 -DLIB_PICO_CXX_OPTIONS=1 -DLIB_PICO_DIVIDER=1 -DLIB_PICO_DIVIDER_COMPILER=1 -DLIB_PICO_DOUBLE=1 -DLIB_PICO_DOUBLE_PICO=1 -DLIB_PICO_FIX_RP2040_USB_DEVICE_ENUMERATION=1 -DLIB_PICO_FLASH=1 -DLIB_PICO_FLOAT=1 -DLIB_PICO_FLOAT_PICO=1 -DLIB_PICO_FLOAT_PICO_VFP=1 -DLIB_PICO_INT64_OPS=1 -DLIB_PICO_INT64_OPS_COMPILER=1 -DLIB_PICO_MALLOC=1 -DLIB_PICO_MEM_OPS=1 -DLIB_PICO_MEM_OPS_COMPILER=1 -DLIB_PICO_NEWLIB_INTERFACE=1 -DLIB_PICO_PLATFORM=1 -DLIB_PICO_PLATFORM_COMMON=1 -DLIB_PICO_PLATFORM_COMPILER=1 -DLIB_PICO_PLATFORM_PANIC=1 -DLIB_PICO_PLATFORM_SECTIONS=1 -DLIB_PICO_PRINTF=1 -DLIB_PICO_PRINTF_PICO=1 -DLIB_PICO_RUNTIME=1 -DLIB_PICO_RUNTIME_INIT=1 -DLIB_PICO_STANDARD_BINARY_INFO=1 -DLIB_PICO_STANDARD_LINK=1 -DLIB_PICO_STDIO=1 -DLIB_PICO_STDLIB=1 -DLIB_PICO_SYNC=1 -DLIB_PICO_SYNC_CRITICAL_SECTION=1 -DLIB_PICO_SYNC_MUTEX=1 -DLIB_PICO_SYNC_SEM=1 -DLIB_PICO_TIME=1 -DLIB_PICO_TIME_ADAPTER=1 -DLIB_PICO_UNIQUE_ID=1 -DLIB_PICO_UTIL=1 -DLIB_TINYUSB_BOARD=1 -DLIB_TINYUSB_DEVICE=1 -DPICO_32BIT=1 -DPICO_BOARD=\"pico2\" -DPICO_BUILD=1 -DPICO_CMAKE_BUILD_TYPE=\"Release\" -DPICO_COPY_TO_RAM=0 -DPICO_CXX_ENABLE_EXCEPTIONS=0 -DPICO_NO_FLASH=0 -DPICO_NO_HARDWARE=0 -DPICO_ON_DEVICE=1 -DPICO_RP2040_USB_DEVICE_UFRAME_FIX=1 -DPICO_RP2350=1 -DPICO_TARGET_NAME=\"pico_6mic_soundcard\" -DPICO_USE_BLOCKED_RAM=0 -I/home/gpu/het68/build -I/home/gpu/het68 -I/home/gpu/het68/pico-sdk/src/rp2_common/pico_atomic/include -I/home/gpu/het68/pico-sdk/lib/tinyusb/src -I/home/gpu/het68/pico-sdk/src/rp2_common/tinyusb/include -I/home/gpu/het68/pico-sdk/lib/tinyusb/hw -isystem /home/gpu/het68/pico-sdk/src/common/pico_stdlib_headers/include -isystem /home/gpu/het68/pico-sdk/src/rp2_common/hardware_gpio/include -isystem /home/gpu/het68/pico-sdk/src/common/pico_base_headers/include -isystem /home/gpu/het68/build/generated/pico_base -isystem /home/gpu/het68/pico-sdk/src/boards/include -isystem /home/gpu/het68/pico-sdk/src/rp2350/pico_platform/include -isystem /home/gpu/het68/pico-sdk/src/rp2350/hardware_regs/include -isystem /home/gpu/het68/pico-sdk/src/rp2_common/hardware_base/include -isystem /home/gpu/het68/pico-sdk/src/rp2_common/pico_platform_common/include -isystem /home/gpu/het68/pico-sdk/src/rp2_common/pico_platform_compiler/include -isystem /home/gpu/het68/pico-sdk/src/rp2_common/pico_platform_panic/include -isystem /home/gpu/het68/pico-sdk/src/rp2_common/pico_platform_sections/include -isystem /home/gpu/het68/pico-sdk/src/rp2_common/hardware_dcp/include -isystem /home/gpu/het68/pico-sdk/src/rp2350/hardware_structs/include -isystem /home/gpu/het68/pico-sdk/src/rp2_common/hardware_rcp/include -isystem /home/gpu/het68/pico-sdk/src/common/hardware_claim/include -isystem /home/gpu/het68/pico-sdk/src/rp2_common/hardware_sync/include -isystem /home/gpu/het68/pico-sdk/src/rp2_common/hardware_sync_spin_lock/include -isystem /home/gpu/het68/pico-sdk/src/rp2_common/hardware_irq/include -isystem /home/gpu/het68/pico-sdk/src/rp2_common/hardware_uart/include -isystem /home/gpu/het68/pico-sdk/src/rp2_common/hardware_resets/include -isystem /home/gpu/het68/pico-sdk/src/rp2_common/hardware_clocks/include -isystem /home/gpu/het68/pico-sdk/src/rp2_common/hardware_pll/include -isystem /home/gpu/het68/pico-sdk/src/rp2_common/hardware_vreg/include -isystem /home/gpu/het68/pico-sdk/src/rp2_common/hardware_watchdog/include -isystem /home/gpu/het68/pico-sdk/src/rp2_common/hardware_ticks/include -isystem /home/gpu/het68/pico-sdk/src/rp2_common/pico_bootrom/include -isystem /home/gpu/het68/pico-sdk/src/common/boot_picoboot_headers/include -isystem /home/gpu/het68/pico-sdk/src/rp2_common/boot_bootrom_headers/include -isystem /home/gpu/het68/pico-sdk/src/rp2_common/hardware_boot_lock/include -isystem /home/gpu/het68/pico-sdk/src/rp2_common/pico_flash/include -isystem /home/gpu/het68/pico-sdk/src/common/pico_time/include -isystem /home/gpu/het68/pico-sdk/src/rp2_common/hardware_timer/include -isystem /home/gpu/het68/pico-sdk/src/common/pico_sync/include -isystem /home/gpu/het68/pico-sdk/src/common/pico_util/include -isystem /home/gpu/het68/pico-sdk/src/rp2_common/pico_time_adapter/include -isystem /home/gpu/het68/pico-sdk/src/rp2_common/hardware_xosc/include -isystem /home/gpu/het68/pico-sdk/src/rp2_common/hardware_divider/include -isystem /home/gpu/het68/pico-sdk/src/rp2_common/pico_runtime/include -isystem /home/gpu/het68/pico-sdk/src/rp2_common/pico_runtime_init/include -isystem /home/gpu/het68/pico-sdk/src/common/pico_bit_ops_headers/include -isystem /home/gpu/het68/pico-sdk/src/common/pico_divider_headers/include -isystem /home/gpu/het68/pico-sdk/src/rp2_common/pico_double/include -isystem /home/gpu/het68/pico-sdk/src/rp2_common/pico_float/include -isystem /home/gpu/het68/pico-sdk/src/rp2_common/pico_malloc/include -isystem /home/gpu/het68/pico-sdk/src/common/pico_binary_info/include -isystem /home/gpu/het68/pico-sdk/src/rp2_common/pico_printf/include -isystem /home/gpu/het68/pico-sdk/src/rp2_common/pico_stdio/include -isystem /home/gpu/het68/pico-sdk/src/rp2_common/pico_multicore/include -isystem /home/gpu/het68/pico-sdk/src/common/boot_picobin_headers/include -isystem /home/gpu/het68/pico-sdk/src/rp2350/boot_stage2/include -isystem /home/gpu/het68/pico-sdk/src/rp2_common/hardware_pio/include -isystem /home/gpu/het68/pico-sdk/src/rp2_common/hardware_dma/include -isystem /home/gpu/het68/pico-sdk/src/rp2_common/pico_fix/rp2040_usb_device_enumeration/include -isystem /home/gpu/het68/pico-sdk/src/rp2_common/pico_unique_id/include -isystem /home/gpu/het68/pico-sdk/src/rp2_common/hardware_flash/include -isystem /home/gpu/het68/pico-sdk/src/rp2_common/hardware_xip_cache/include -mcpu=cortex-m33 -mthumb -march=armv8-m.main+fp+dsp -mfloat-abi=softfp -mcmse -g -O3 -DNDEBUG -ffunction-sections -fdata-sections -MD -MT CMakeFiles/pico_6mic_soundcard.dir/pico-sdk/src/rp2_common/hardware_divider/divider.c.o -MF CMakeFiles/pico_6mic_soundcard.dir/pico-sdk/src/rp2_common/hardware_divider/divider.c.o.d -o CMakeFiles/pico_6mic_soundcard.dir/pico-sdk/src/rp2_common/hardware_divider/divider.c.o -c /home/gpu/het68/pico-sdk/src/rp2_common/hardware_divider/divider.c
/usr/bin/arm-none-eabi-gcc -DCFG_TUSB_DEBUG=0 -DCFG_TUSB_MCU=OPT_MCU_RP2040 -DCFG_TUSB_OS=OPT_OS_PICO -DLIB_BOOT_STAGE2_HEADERS=1 -DLIB_PICO_ATOMIC=1 -DLIB_PICO_BIT_OPS=1 -DLIB_PICO_BIT_OPS_PICO=1 -DLIB_PICO_CLIB_INTERFACE=1 -DLIB_PICO_CRT0=1 -DLIB_PICO_CXX_OPTIONS=1 -DLIB_PICO_DIVIDER=1 -DLIB_PICO_DIVIDER_COMPILER=1 -DLIB_PICO_DOUBLE=1 -DLIB_PICO_DOUBLE_PICO=1 -DLIB_PICO_FIX_RP2040_USB_DEVICE_ENUMERATION=1 -DLIB_PICO_FLASH=1 -DLIB_PICO_FLOAT=1 -DLIB_PICO_FLOAT_PICO=1 -DLIB_PICO_FLOAT_PICO_VFP=1 -DLIB_PICO_INT64_OPS=1 -DLIB_PICO_INT64_OPS_COMPILER=1 -DLIB_PICO_MALLOC=1 -DLIB_PICO_MEM_OPS=1 -DLIB_PICO_MEM_OPS_COMPILER=1 -DLIB_PICO_NEWLIB_INTERFACE=1 -DLIB_PICO_PLATFORM=1 -DLIB_PICO_PLATFORM_COMMON=1 -DLIB_PICO_PLATFORM_COMPILER=1 -DLIB_PICO_PLATFORM_PANIC=1 -DLIB_PICO_PLATFORM_SECTIONS=1 -DLIB_PICO_PRINTF=1 -DLIB_PICO_PRINTF_PICO=1 -DLIB_PICO_RUNTIME=1 -DLIB_PICO_RUNTIME_INIT=1 -DLIB_PICO_STANDARD_BINARY_INFO=1 -DLIB_PICO_STANDARD_LINK=1 -DLIB_PICO_STDIO=1 -DLIB_PICO_STDLIB=1 -DLIB_PICO_SYNC=1 -DLIB_PICO_SYNC_CRITICAL_SECTION=1 -DLIB_PICO_SYNC_MUTEX=1 -DLIB_PICO_SYNC_SEM=1 -DLIB_PICO_TIME=1 -DLIB_PICO_TIME_ADAPTER=1 -DLIB_PICO_UNIQUE_ID=1 -DLIB_PICO_UTIL=1 -DLIB_TINYUSB_BOARD=1 -DLIB_TINYUSB_DEVICE=1 -DPICO_32BIT=1 -DPICO_BOARD=\"pico2\" -DPICO_BUILD=1 -DPICO_CMAKE_BUILD_TYPE=\"Release\" -DPICO_COPY_TO_RAM=0 -DPICO_CXX_ENABLE_EXCEPTIONS=0 -DPICO_NO_FLASH=0 -DPICO_NO_HARDWARE=0 -DPICO_ON_DEVICE=1 -DPICO_RP2040_USB_DEVICE_UFRAME_FIX=1 -DPICO_RP2350=1 -DPICO_TARGET_NAME=\"pico_6mic_soundcard\" -DPICO_USE_BLOCKED_RAM=0 -I/home/gpu/het68/build -I/home/gpu/het68 -I/home/gpu/het68/pico-sdk/src/rp2_common/pico_atomic/include -I/home/gpu/het68/pico-sdk/lib/tinyusb/src -I/home/gpu/het68/pico-sdk/src/rp2_common/tinyusb/include -I/home/gpu/het68/pico-sdk/lib/tinyusb/hw -isystem /home/gpu/het68/pico-sdk/src/common/pico_stdlib_headers/include -isystem /home/gpu/het68/pico-sdk/src/rp2_common/hardware_gpio/include -isystem /home/gpu/het68/pico-sdk/src/common/pico_base_headers/include -isystem /home/gpu/het68/build/generated/pico_base -isystem /home/gpu/het68/pico-sdk/src/boards/include -isystem /home/gpu/het68/pico-sdk/src/rp2350/pico_platform/include -isystem /home/gpu/het68/pico-sdk/src/rp2350/hardware_regs/include -isystem /home/gpu/het68/pico-sdk/src/rp2_common/hardware_base/include -isystem /home/gpu/het68/pico-sdk/src/rp2_common/pico_platform_common/include -isystem /home/gpu/het68/pico-sdk/src/rp2_common/pico_platform_compiler/include -isystem /home/gpu/het68/pico-sdk/src/rp2_common/pico_platform_panic/include -isystem /home/gpu/het68/pico-sdk/src/rp2_common/pico_platform_sections/include -isystem /home/gpu/het68/pico-sdk/src/rp2_common/hardware_dcp/include -isystem /home/gpu/het68/pico-sdk/src/rp2350/hardware_structs/include -isystem /home/gpu/het68/pico-sdk/src/rp2_common/hardware_rcp/include -isystem /home/gpu/het68/pico-sdk/src/common/hardware_claim/include -isystem /home/gpu/het68/pico-sdk/src/rp2_common/hardware_sync/include -isystem /home/gpu/het68/pico-sdk/src/rp2_common/hardware_sync_spin_lock/include -isystem /home/gpu/het68/pico-sdk/src/rp2_common/hardware_irq/include -isystem /home/gpu/het68/pico-sdk/src/rp2_common/hardware_uart/include -isystem /home/gpu/het68/pico-sdk/src/rp2_common/hardware_resets/include -isystem /home/gpu/het68/pico-sdk/src/rp2_common/hardware_clocks/include -isystem /home/gpu/het68/pico-sdk/src/rp2_common/hardware_pll/include -isystem /home/gpu/het68/pico-sdk/src/rp2_common/hardware_vreg/include -isystem /home/gpu/het68/pico-sdk/src/rp2_common/hardware_watchdog/include -isystem /home/gpu/het68/pico-sdk/src/rp2_common/hardware_ticks/include -isystem /home/gpu/het68/pico-sdk/src/rp2_common/pico_bootrom/include -isystem /home/gpu/het68/pico-sdk/src/common/boot_picoboot_headers/include -isystem /home/gpu/het68/pico-sdk/src/rp2_common/boot_bootrom_headers/include -isystem /home/gpu/het68/pico-sdk/src/rp2_common/hardware_boot_lock/include -isystem /home/gpu/het68/pico-sdk/src/rp2_common/pico_flash/include -isystem /home/gpu/het68/pico-sdk/src/common/pico_time/include -isystem /home/gpu/het68/pico-sdk/src/rp2_common/hardware_timer/include -isystem /home/gpu/het68/pico-sdk/src/common/pico_sync/include -isystem /home/gpu/het68/pico-sdk/src/common/pico_util/include -isystem /home/gpu/het68/pico-sdk/src/rp2_common/pico_time_adapter/include -isystem /home/gpu/het68/pico-sdk/src/rp2_common/hardware_xosc/include -isystem /home/gpu/het68/pico-sdk/src/rp2_common/hardware_divider/include -isystem /home/gpu/het68/pico-sdk/src/rp2_common/pico_runtime/include -isystem /home/gpu/het68/pico-sdk/src/rp2_common/pico_runtime_init/include -isystem /home/gpu/het68/pico-sdk/src/common/pico_bit_ops_headers/include -isystem /home/gpu/het68/pico-sdk/src/common/pico_divider_headers/include -isystem /home/gpu/het68/pico-sdk/src/rp2_common/pico_double/include -isystem /home/gpu/het68/pico-sdk/src/rp2_common/pico_float/include -isystem /home/gpu/het68/pico-sdk/src/rp2_common/pico_malloc/include -isystem /home/gpu/het68/pico-sdk/src/common/pico_binary_info/include -isystem /home/gpu/het68/pico-sdk/src/rp2_common/pico_printf/include -isystem /home/gpu/het68/pico-sdk/src/rp2_common/pico_stdio/include -isystem /home/gpu/het68/pico-sdk/src/rp2_common/pico_multicore/include -isystem /home/gpu/het68/pico-sdk/src/common/boot_picobin_headers/include -isystem /home/gpu/het68/pico-sdk/src/rp2350/boot_stage2/include -isystem /home/gpu/het68/pico-sdk/src/rp2_common/hardware_pio/include -isystem /home/gpu/het68/pico-sdk/src/rp2_common/hardware_dma/include -isystem /home/gpu/het68/pico-sdk/src/rp2_common/pico_fix/rp2040_usb_device_enumeration/include -isystem /home/gpu/het68/pico-sdk/src/rp2_common/pico_unique_id/include -isystem /home/gpu/het68/pico-sdk/src/rp2_common/hardware_flash/include -isystem /home/gpu/het68/pico-sdk/src/rp2_common/hardware_xip_cache/include -mcpu=cortex-m33 -mthumb -march=armv8-m.main+fp+dsp -mfloat-abi=softfp -mcmse -g -O3 -DNDEBUG -ffunction-sections -fdata-sections -MD -MT CMakeFiles/pico_6mic_soundcard.dir/pico-sdk/src/rp2_common/pico_runtime_init/runtime_init.c.o -MF CMakeFiles/pico_6mic_soundcard.dir/pico-sdk/src/rp2_common/pico_runtime_init/runtime_init.c.o.d -o CMakeFiles/pico_6mic_soundcard.dir/pico-sdk/src/rp2_common/pico_runtime_init/runtime_init.c.o -c /home/gpu/het68/pico-sdk/src/rp2_common/pico_runtime_init/runtime_init.c
/usr/bin/arm-none-eabi-gcc -DCFG_TUSB_DEBUG=0 -DCFG_TUSB_MCU=OPT_MCU_RP2040 -DCFG_TUSB_OS=OPT_OS_PICO -DLIB_BOOT_STAGE2_HEADERS=1 -DLIB_PICO_ATOMIC=1 -DLIB_PICO_BIT_OPS=1 -DLIB_PICO_BIT_OPS_PICO=1 -DLIB_PICO_CLIB_INTERFACE=1 -DLIB_PICO_CRT0=1 -DLIB_PICO_CXX_OPTIONS=1 -DLIB_PICO_DIVIDER=1 -DLIB_PICO_DIVIDER_COMPILER=1 -DLIB_PICO_DOUBLE=1 -DLIB_PICO_DOUBLE_PICO=1 -DLIB_PICO_FIX_RP2040_USB_DEVICE_ENUMERATION=1 -DLIB_PICO_FLASH=1 -DLIB_PICO_FLOAT=1 -DLIB_PICO_FLOAT_PICO=1 -DLIB_PICO_FLOAT_PICO_VFP=1 -DLIB_PICO_INT64_OPS=1 -DLIB_PICO_INT64_OPS_COMPILER=1 -DLIB_PICO_MALLOC=1 -DLIB_PICO_MEM_OPS=1 -DLIB_PICO_MEM_OPS_COMPILER=1 -DLIB_PICO_NEWLIB_INTERFACE=1 -DLIB_PICO_PLATFORM=1 -DLIB_PICO_PLATFORM_COMMON=1 -DLIB_PICO_PLATFORM_COMPILER=1 -DLIB_PICO_PLATFORM_PANIC=1 -DLIB_PICO_PLATFORM_SECTIONS=1 -DLIB_PICO_PRINTF=1 -DLIB_PICO_PRINTF_PICO=1 -DLIB_PICO_RUNTIME=1 -DLIB_PICO_RUNTIME_INIT=1 -DLIB_PICO_STANDARD_BINARY_INFO=1 -DLIB_PICO_STANDARD_LINK=1 -DLIB_PICO_STDIO=1 -DLIB_PICO_STDLIB=1 -DLIB_PICO_SYNC=1 -DLIB_PICO_SYNC_CRITICAL_SECTION=1 -DLIB_PICO_SYNC_MUTEX=1 -DLIB_PICO_SYNC_SEM=1 -DLIB_PICO_TIME=1 -DLIB_PICO_TIME_ADAPTER=1 -DLIB_PICO_UNIQUE_ID=1 -DLIB_PICO_UTIL=1 -DLIB_TINYUSB_BOARD=1 -DLIB_TINYUSB_DEVICE=1 -DPICO_32BIT=1 -DPICO_BOARD=\"pico2\" -DPICO_BUILD=1 -DPICO_CMAKE_BUILD_TYPE=\"Release\" -DPICO_COPY_TO_RAM=0 -DPICO_CXX_ENABLE_EXCEPTIONS=0 -DPICO_NO_FLASH=0 -DPICO_NO_HARDWARE=0 -DPICO_ON_DEVICE=1 -DPICO_RP2040_USB_DEVICE_UFRAME_FIX=1 -DPICO_RP2350=1 -DPICO_TARGET_NAME=\"pico_6mic_soundcard\" -DPICO_USE_BLOCKED_RAM=0 -I/home/gpu/het68/build -I/home/gpu/het68 -I/home/gpu/het68/pico-sdk/src/rp2_common/pico_atomic/include -I/home/gpu/het68/pico-sdk/lib/tinyusb/src -I/home/gpu/het68/pico-sdk/src/rp2_common/tinyusb/include -I/home/gpu/het68/pico-sdk/lib/tinyusb/hw -isystem /home/gpu/het68/pico-sdk/src/common/pico_stdlib_headers/include -isystem /home/gpu/het68/pico-sdk/src/rp2_common/hardware_gpio/include -isystem /home/gpu/het68/pico-sdk/src/common/pico_base_headers/include -isystem /home/gpu/het68/build/generated/pico_base -isystem /home/gpu/het68/pico-sdk/src/boards/include -isystem /home/gpu/het68/pico-sdk/src/rp2350/pico_platform/include -isystem /home/gpu/het68/pico-sdk/src/rp2350/hardware_regs/include -isystem /home/gpu/het68/pico-sdk/src/rp2_common/hardware_base/include -isystem /home/gpu/het68/pico-sdk/src/rp2_common/pico_platform_common/include -isystem /home/gpu/het68/pico-sdk/src/rp2_common/pico_platform_compiler/include -isystem /home/gpu/het68/pico-sdk/src/rp2_common/pico_platform_panic/include -isystem /home/gpu/het68/pico-sdk/src/rp2_common/pico_platform_sections/include -isystem /home/gpu/het68/pico-sdk/src/rp2_common/hardware_dcp/include -isystem /home/gpu/het68/pico-sdk/src/rp2350/hardware_structs/include -isystem /home/gpu/het68/pico-sdk/src/rp2_common/hardware_rcp/include -isystem /home/gpu/het68/pico-sdk/src/common/hardware_claim/include -isystem /home/gpu/het68/pico-sdk/src/rp2_common/hardware_sync/include -isystem /home/gpu/het68/pico-sdk/src/rp2_common/hardware_sync_spin_lock/include -isystem /home/gpu/het68/pico-sdk/src/rp2_common/hardware_irq/include -isystem /home/gpu/het68/pico-sdk/src/rp2_common/hardware_uart/include -isystem /home/gpu/het68/pico-sdk/src/rp2_common/hardware_resets/include -isystem /home/gpu/het68/pico-sdk/src/rp2_common/hardware_clocks/include -isystem /home/gpu/het68/pico-sdk/src/rp2_common/hardware_pll/include -isystem /home/gpu/het68/pico-sdk/src/rp2_common/hardware_vreg/include -isystem /home/gpu/het68/pico-sdk/src/rp2_common/hardware_watchdog/include -isystem /home/gpu/het68/pico-sdk/src/rp2_common/hardware_ticks/include -isystem /home/gpu/het68/pico-sdk/src/rp2_common/pico_bootrom/include -isystem /home/gpu/het68/pico-sdk/src/common/boot_picoboot_headers/include -isystem /home/gpu/het68/pico-sdk/src/rp2_common/boot_bootrom_headers/include -isystem /home/gpu/het68/pico-sdk/src/rp2_common/hardware_boot_lock/include -isystem /home/gpu/het68/pico-sdk/src/rp2_common/pico_flash/include -isystem /home/gpu/het68/pico-sdk/src/common/pico_time/include -isystem /home/gpu/het68/pico-sdk/src/rp2_common/hardware_timer/include -isystem /home/gpu/het68/pico-sdk/src/common/pico_sync/include -isystem /home/gpu/het68/pico-sdk/src/common/pico_util/include -isystem /home/gpu/het68/pico-sdk/src/rp2_common/pico_time_adapter/include -isystem /home/gpu/het68/pico-sdk/src/rp2_common/hardware_xosc/include -isystem /home/gpu/het68/pico-sdk/src/rp2_common/hardware_divider/include -isystem /home/gpu/het68/pico-sdk/src/rp2_common/pico_runtime/include -isystem /home/gpu/het68/pico-sdk/src/rp2_common/pico_runtime_init/include -isystem /home/gpu/het68/pico-sdk/src/common/pico_bit_ops_headers/include -isystem /home/gpu/het68/pico-sdk/src/common/pico_divider_headers/include -isystem /home/gpu/het68/pico-sdk/src/rp2_common/pico_double/include -isystem /home/gpu/het68/pico-sdk/src/rp2_common/pico_float/include -isystem /home/gpu/het68/pico-sdk/src/rp2_common/pico_malloc/include -isystem /home/gpu/het68/pico-sdk/src/common/pico_binary_info/include -isystem /home/gpu/het68/pico-sdk/src/rp2_common/pico_printf/include -isystem /home/gpu/het68/pico-sdk/src/rp2_common/pico_stdio/include -isystem /home/gpu/het68/pico-sdk/src/rp2_common/pico_multicore/include -isystem /home/gpu/het68/pico-sdk/src/common/boot_picobin_headers/include -isystem /home/gpu/het68/pico-sdk/src/rp2350/boot_stage2/include -isystem /home/gpu/het68/pico-sdk/src/rp2_common/hardware_pio/include -isystem /home/gpu/het68/pico-sdk/src/rp2_common/hardware_dma/include -isystem /home/gpu/het68/pico-sdk/src/rp2_common/pico_fix/rp2040_usb_device_enumeration/include -isystem /home/gpu/het68/pico-sdk/src/rp2_common/pico_unique_id/include -isystem /home/gpu/het68/pico-sdk/src/rp2_common/hardware_flash/include -isystem /home/gpu/het68/pico-sdk/src/rp2_common/hardware_xip_cache/include -mcpu=cortex-m33 -mthumb -march=armv8-m.main+fp+dsp -mfloat-abi=softfp -mcmse -g -O3 -DNDEBUG -ffunction-sections -fdata-sections -MD -MT CMakeFiles/pico_6mic_soundcard.dir/pico-sdk/src/rp2_common/pico_runtime_init/runtime_init_stack_guard.c.o -MF CMakeFiles/pico_6mic_soundcard.dir/pico-sdk/src/rp2_common/pico_runtime_init/runtime_init_stack_guard.c.o.d -o CMakeFiles/pico_6mic_soundcard.dir/pico-sdk/src/rp2_common/pico_runtime_init/runtime_init_stack_guard.c.o -c /home/gpu/het68/pico-sdk/src/rp2_common/pico_runtime_init/runtime_init_stack_guard.c
[ 61%] Building C object CMakeFiles/pico_6mic_soundcard.dir/pico-sdk/src/rp2_common/pico_double/double_math.c.o
[ 62%] Building ASM object CMakeFiles/pico_6mic_soundcard.dir/pico-sdk/src/rp2_common/pico_double/double_fma_dcp.S.o
/usr/bin/arm-none-eabi-gcc -DCFG_TUSB_DEBUG=0 -DCFG_TUSB_MCU=OPT_MCU_RP2040 -DCFG_TUSB_OS=OPT_OS_PICO -DLIB_BOOT_STAGE2_HEADERS=1 -DLIB_PICO_ATOMIC=1 -DLIB_PICO_BIT_OPS=1 -DLIB_PICO_BIT_OPS_PICO=1 -DLIB_PICO_CLIB_INTERFACE=1 -DLIB_PICO_CRT0=1 -DLIB_PICO_CXX_OPTIONS=1 -DLIB_PICO_DIVIDER=1 -DLIB_PICO_DIVIDER_COMPILER=1 -DLIB_PICO_DOUBLE=1 -DLIB_PICO_DOUBLE_PICO=1 -DLIB_PICO_FIX_RP2040_USB_DEVICE_ENUMERATION=1 -DLIB_PICO_FLASH=1 -DLIB_PICO_FLOAT=1 -DLIB_PICO_FLOAT_PICO=1 -DLIB_PICO_FLOAT_PICO_VFP=1 -DLIB_PICO_INT64_OPS=1 -DLIB_PICO_INT64_OPS_COMPILER=1 -DLIB_PICO_MALLOC=1 -DLIB_PICO_MEM_OPS=1 -DLIB_PICO_MEM_OPS_COMPILER=1 -DLIB_PICO_NEWLIB_INTERFACE=1 -DLIB_PICO_PLATFORM=1 -DLIB_PICO_PLATFORM_COMMON=1 -DLIB_PICO_PLATFORM_COMPILER=1 -DLIB_PICO_PLATFORM_PANIC=1 -DLIB_PICO_PLATFORM_SECTIONS=1 -DLIB_PICO_PRINTF=1 -DLIB_PICO_PRINTF_PICO=1 -DLIB_PICO_RUNTIME=1 -DLIB_PICO_RUNTIME_INIT=1 -DLIB_PICO_STANDARD_BINARY_INFO=1 -DLIB_PICO_STANDARD_LINK=1 -DLIB_PICO_STDIO=1 -DLIB_PICO_STDLIB=1 -DLIB_PICO_SYNC=1 -DLIB_PICO_SYNC_CRITICAL_SECTION=1 -DLIB_PICO_SYNC_MUTEX=1 -DLIB_PICO_SYNC_SEM=1 -DLIB_PICO_TIME=1 -DLIB_PICO_TIME_ADAPTER=1 -DLIB_PICO_UNIQUE_ID=1 -DLIB_PICO_UTIL=1 -DLIB_TINYUSB_BOARD=1 -DLIB_TINYUSB_DEVICE=1 -DPICO_32BIT=1 -DPICO_BOARD=\"pico2\" -DPICO_BUILD=1 -DPICO_CMAKE_BUILD_TYPE=\"Release\" -DPICO_COPY_TO_RAM=0 -DPICO_CXX_ENABLE_EXCEPTIONS=0 -DPICO_NO_FLASH=0 -DPICO_NO_HARDWARE=0 -DPICO_ON_DEVICE=1 -DPICO_RP2040_USB_DEVICE_UFRAME_FIX=1 -DPICO_RP2350=1 -DPICO_TARGET_NAME=\"pico_6mic_soundcard\" -DPICO_USE_BLOCKED_RAM=0 -I/home/gpu/het68/build -I/home/gpu/het68 -I/home/gpu/het68/pico-sdk/src/rp2_common/pico_atomic/include -I/home/gpu/het68/pico-sdk/lib/tinyusb/src -I/home/gpu/het68/pico-sdk/src/rp2_common/tinyusb/include -I/home/gpu/het68/pico-sdk/lib/tinyusb/hw -isystem /home/gpu/het68/pico-sdk/src/common/pico_stdlib_headers/include -isystem /home/gpu/het68/pico-sdk/src/rp2_common/hardware_gpio/include -isystem /home/gpu/het68/pico-sdk/src/common/pico_base_headers/include -isystem /home/gpu/het68/build/generated/pico_base -isystem /home/gpu/het68/pico-sdk/src/boards/include -isystem /home/gpu/het68/pico-sdk/src/rp2350/pico_platform/include -isystem /home/gpu/het68/pico-sdk/src/rp2350/hardware_regs/include -isystem /home/gpu/het68/pico-sdk/src/rp2_common/hardware_base/include -isystem /home/gpu/het68/pico-sdk/src/rp2_common/pico_platform_common/include -isystem /home/gpu/het68/pico-sdk/src/rp2_common/pico_platform_compiler/include -isystem /home/gpu/het68/pico-sdk/src/rp2_common/pico_platform_panic/include -isystem /home/gpu/het68/pico-sdk/src/rp2_common/pico_platform_sections/include -isystem /home/gpu/het68/pico-sdk/src/rp2_common/hardware_dcp/include -isystem /home/gpu/het68/pico-sdk/src/rp2350/hardware_structs/include -isystem /home/gpu/het68/pico-sdk/src/rp2_common/hardware_rcp/include -isystem /home/gpu/het68/pico-sdk/src/common/hardware_claim/include -isystem /home/gpu/het68/pico-sdk/src/rp2_common/hardware_sync/include -isystem /home/gpu/het68/pico-sdk/src/rp2_common/hardware_sync_spin_lock/include -isystem /home/gpu/het68/pico-sdk/src/rp2_common/hardware_irq/include -isystem /home/gpu/het68/pico-sdk/src/rp2_common/hardware_uart/include -isystem /home/gpu/het68/pico-sdk/src/rp2_common/hardware_resets/include -isystem /home/gpu/het68/pico-sdk/src/rp2_common/hardware_clocks/include -isystem /home/gpu/het68/pico-sdk/src/rp2_common/hardware_pll/include -isystem /home/gpu/het68/pico-sdk/src/rp2_common/hardware_vreg/include -isystem /home/gpu/het68/pico-sdk/src/rp2_common/hardware_watchdog/include -isystem /home/gpu/het68/pico-sdk/src/rp2_common/hardware_ticks/include -isystem /home/gpu/het68/pico-sdk/src/rp2_common/pico_bootrom/include -isystem /home/gpu/het68/pico-sdk/src/common/boot_picoboot_headers/include -isystem /home/gpu/het68/pico-sdk/src/rp2_common/boot_bootrom_headers/include -isystem /home/gpu/het68/pico-sdk/src/rp2_common/hardware_boot_lock/include -isystem /home/gpu/het68/pico-sdk/src/rp2_common/pico_flash/include -isystem /home/gpu/het68/pico-sdk/src/common/pico_time/include -isystem /home/gpu/het68/pico-sdk/src/rp2_common/hardware_timer/include -isystem /home/gpu/het68/pico-sdk/src/common/pico_sync/include -isystem /home/gpu/het68/pico-sdk/src/common/pico_util/include -isystem /home/gpu/het68/pico-sdk/src/rp2_common/pico_time_adapter/include -isystem /home/gpu/het68/pico-sdk/src/rp2_common/hardware_xosc/include -isystem /home/gpu/het68/pico-sdk/src/rp2_common/hardware_divider/include -isystem /home/gpu/het68/pico-sdk/src/rp2_common/pico_runtime/include -isystem /home/gpu/het68/pico-sdk/src/rp2_common/pico_runtime_init/include -isystem /home/gpu/het68/pico-sdk/src/common/pico_bit_ops_headers/include -isystem /home/gpu/het68/pico-sdk/src/common/pico_divider_headers/include -isystem /home/gpu/het68/pico-sdk/src/rp2_common/pico_double/include -isystem /home/gpu/het68/pico-sdk/src/rp2_common/pico_float/include -isystem /home/gpu/het68/pico-sdk/src/rp2_common/pico_malloc/include -isystem /home/gpu/het68/pico-sdk/src/common/pico_binary_info/include -isystem /home/gpu/het68/pico-sdk/src/rp2_common/pico_printf/include -isystem /home/gpu/het68/pico-sdk/src/rp2_common/pico_stdio/include -isystem /home/gpu/het68/pico-sdk/src/rp2_common/pico_multicore/include -isystem /home/gpu/het68/pico-sdk/src/common/boot_picobin_headers/include -isystem /home/gpu/het68/pico-sdk/src/rp2350/boot_stage2/include -isystem /home/gpu/het68/pico-sdk/src/rp2_common/hardware_pio/include -isystem /home/gpu/het68/pico-sdk/src/rp2_common/hardware_dma/include -isystem /home/gpu/het68/pico-sdk/src/rp2_common/pico_fix/rp2040_usb_device_enumeration/include -isystem /home/gpu/het68/pico-sdk/src/rp2_common/pico_unique_id/include -isystem /home/gpu/het68/pico-sdk/src/rp2_common/hardware_flash/include -isystem /home/gpu/het68/pico-sdk/src/rp2_common/hardware_xip_cache/include -mcpu=cortex-m33 -mthumb -march=armv8-m.main+fp+dsp -mfloat-abi=softfp -mcmse -g -O3 -DNDEBUG -ffunction-sections -fdata-sections -MD -MT CMakeFiles/pico_6mic_soundcard.dir/pico-sdk/src/rp2_common/pico_runtime/runtime.c.o -MF CMakeFiles/pico_6mic_soundcard.dir/pico-sdk/src/rp2_common/pico_runtime/runtime.c.o.d -o CMakeFiles/pico_6mic_soundcard.dir/pico-sdk/src/rp2_common/pico_runtime/runtime.c.o -c /home/gpu/het68/pico-sdk/src/rp2_common/pico_runtime/runtime.c
/usr/bin/arm-none-eabi-gcc -DCFG_TUSB_DEBUG=0 -DCFG_TUSB_MCU=OPT_MCU_RP2040 -DCFG_TUSB_OS=OPT_OS_PICO -DLIB_BOOT_STAGE2_HEADERS=1 -DLIB_PICO_ATOMIC=1 -DLIB_PICO_BIT_OPS=1 -DLIB_PICO_BIT_OPS_PICO=1 -DLIB_PICO_CLIB_INTERFACE=1 -DLIB_PICO_CRT0=1 -DLIB_PICO_CXX_OPTIONS=1 -DLIB_PICO_DIVIDER=1 -DLIB_PICO_DIVIDER_COMPILER=1 -DLIB_PICO_DOUBLE=1 -DLIB_PICO_DOUBLE_PICO=1 -DLIB_PICO_FIX_RP2040_USB_DEVICE_ENUMERATION=1 -DLIB_PICO_FLASH=1 -DLIB_PICO_FLOAT=1 -DLIB_PICO_FLOAT_PICO=1 -DLIB_PICO_FLOAT_PICO_VFP=1 -DLIB_PICO_INT64_OPS=1 -DLIB_PICO_INT64_OPS_COMPILER=1 -DLIB_PICO_MALLOC=1 -DLIB_PICO_MEM_OPS=1 -DLIB_PICO_MEM_OPS_COMPILER=1 -DLIB_PICO_NEWLIB_INTERFACE=1 -DLIB_PICO_PLATFORM=1 -DLIB_PICO_PLATFORM_COMMON=1 -DLIB_PICO_PLATFORM_COMPILER=1 -DLIB_PICO_PLATFORM_PANIC=1 -DLIB_PICO_PLATFORM_SECTIONS=1 -DLIB_PICO_PRINTF=1 -DLIB_PICO_PRINTF_PICO=1 -DLIB_PICO_RUNTIME=1 -DLIB_PICO_RUNTIME_INIT=1 -DLIB_PICO_STANDARD_BINARY_INFO=1 -DLIB_PICO_STANDARD_LINK=1 -DLIB_PICO_STDIO=1 -DLIB_PICO_STDLIB=1 -DLIB_PICO_SYNC=1 -DLIB_PICO_SYNC_CRITICAL_SECTION=1 -DLIB_PICO_SYNC_MUTEX=1 -DLIB_PICO_SYNC_SEM=1 -DLIB_PICO_TIME=1 -DLIB_PICO_TIME_ADAPTER=1 -DLIB_PICO_UNIQUE_ID=1 -DLIB_PICO_UTIL=1 -DLIB_TINYUSB_BOARD=1 -DLIB_TINYUSB_DEVICE=1 -DPICO_32BIT=1 -DPICO_BOARD=\"pico2\" -DPICO_BUILD=1 -DPICO_CMAKE_BUILD_TYPE=\"Release\" -DPICO_COPY_TO_RAM=0 -DPICO_CXX_ENABLE_EXCEPTIONS=0 -DPICO_NO_FLASH=0 -DPICO_NO_HARDWARE=0 -DPICO_ON_DEVICE=1 -DPICO_RP2040_USB_DEVICE_UFRAME_FIX=1 -DPICO_RP2350=1 -DPICO_TARGET_NAME=\"pico_6mic_soundcard\" -DPICO_USE_BLOCKED_RAM=0 -I/home/gpu/het68/build -I/home/gpu/het68 -I/home/gpu/het68/pico-sdk/src/rp2_common/pico_atomic/include -I/home/gpu/het68/pico-sdk/lib/tinyusb/src -I/home/gpu/het68/pico-sdk/src/rp2_common/tinyusb/include -I/home/gpu/het68/pico-sdk/lib/tinyusb/hw -isystem /home/gpu/het68/pico-sdk/src/common/pico_stdlib_headers/include -isystem /home/gpu/het68/pico-sdk/src/rp2_common/hardware_gpio/include -isystem /home/gpu/het68/pico-sdk/src/common/pico_base_headers/include -isystem /home/gpu/het68/build/generated/pico_base -isystem /home/gpu/het68/pico-sdk/src/boards/include -isystem /home/gpu/het68/pico-sdk/src/rp2350/pico_platform/include -isystem /home/gpu/het68/pico-sdk/src/rp2350/hardware_regs/include -isystem /home/gpu/het68/pico-sdk/src/rp2_common/hardware_base/include -isystem /home/gpu/het68/pico-sdk/src/rp2_common/pico_platform_common/include -isystem /home/gpu/het68/pico-sdk/src/rp2_common/pico_platform_compiler/include -isystem /home/gpu/het68/pico-sdk/src/rp2_common/pico_platform_panic/include -isystem /home/gpu/het68/pico-sdk/src/rp2_common/pico_platform_sections/include -isystem /home/gpu/het68/pico-sdk/src/rp2_common/hardware_dcp/include -isystem /home/gpu/het68/pico-sdk/src/rp2350/hardware_structs/include -isystem /home/gpu/het68/pico-sdk/src/rp2_common/hardware_rcp/include -isystem /home/gpu/het68/pico-sdk/src/common/hardware_claim/include -isystem /home/gpu/het68/pico-sdk/src/rp2_common/hardware_sync/include -isystem /home/gpu/het68/pico-sdk/src/rp2_common/hardware_sync_spin_lock/include -isystem /home/gpu/het68/pico-sdk/src/rp2_common/hardware_irq/include -isystem /home/gpu/het68/pico-sdk/src/rp2_common/hardware_uart/include -isystem /home/gpu/het68/pico-sdk/src/rp2_common/hardware_resets/include -isystem /home/gpu/het68/pico-sdk/src/rp2_common/hardware_clocks/include -isystem /home/gpu/het68/pico-sdk/src/rp2_common/hardware_pll/include -isystem /home/gpu/het68/pico-sdk/src/rp2_common/hardware_vreg/include -isystem /home/gpu/het68/pico-sdk/src/rp2_common/hardware_watchdog/include -isystem /home/gpu/het68/pico-sdk/src/rp2_common/hardware_ticks/include -isystem /home/gpu/het68/pico-sdk/src/rp2_common/pico_bootrom/include -isystem /home/gpu/het68/pico-sdk/src/common/boot_picoboot_headers/include -isystem /home/gpu/het68/pico-sdk/src/rp2_common/boot_bootrom_headers/include -isystem /home/gpu/het68/pico-sdk/src/rp2_common/hardware_boot_lock/include -isystem /home/gpu/het68/pico-sdk/src/rp2_common/pico_flash/include -isystem /home/gpu/het68/pico-sdk/src/common/pico_time/include -isystem /home/gpu/het68/pico-sdk/src/rp2_common/hardware_timer/include -isystem /home/gpu/het68/pico-sdk/src/common/pico_sync/include -isystem /home/gpu/het68/pico-sdk/src/common/pico_util/include -isystem /home/gpu/het68/pico-sdk/src/rp2_common/pico_time_adapter/include -isystem /home/gpu/het68/pico-sdk/src/rp2_common/hardware_xosc/include -isystem /home/gpu/het68/pico-sdk/src/rp2_common/hardware_divider/include -isystem /home/gpu/het68/pico-sdk/src/rp2_common/pico_runtime/include -isystem /home/gpu/het68/pico-sdk/src/rp2_common/pico_runtime_init/include -isystem /home/gpu/het68/pico-sdk/src/common/pico_bit_ops_headers/include -isystem /home/gpu/het68/pico-sdk/src/common/pico_divider_headers/include -isystem /home/gpu/het68/pico-sdk/src/rp2_common/pico_double/include -isystem /home/gpu/het68/pico-sdk/src/rp2_common/pico_float/include -isystem /home/gpu/het68/pico-sdk/src/rp2_common/pico_malloc/include -isystem /home/gpu/het68/pico-sdk/src/common/pico_binary_info/include -isystem /home/gpu/het68/pico-sdk/src/rp2_common/pico_printf/include -isystem /home/gpu/het68/pico-sdk/src/rp2_common/pico_stdio/include -isystem /home/gpu/het68/pico-sdk/src/rp2_common/pico_multicore/include -isystem /home/gpu/het68/pico-sdk/src/common/boot_picobin_headers/include -isystem /home/gpu/het68/pico-sdk/src/rp2350/boot_stage2/include -isystem /home/gpu/het68/pico-sdk/src/rp2_common/hardware_pio/include -isystem /home/gpu/het68/pico-sdk/src/rp2_common/hardware_dma/include -isystem /home/gpu/het68/pico-sdk/src/rp2_common/pico_fix/rp2040_usb_device_enumeration/include -isystem /home/gpu/het68/pico-sdk/src/rp2_common/pico_unique_id/include -isystem /home/gpu/het68/pico-sdk/src/rp2_common/hardware_flash/include -isystem /home/gpu/het68/pico-sdk/src/rp2_common/hardware_xip_cache/include -mcpu=cortex-m33 -mthumb -march=armv8-m.main+fp+dsp -mfloat-abi=softfp -mcmse -g -O3 -DNDEBUG -ffunction-sections -fdata-sections -MD -MT CMakeFiles/pico_6mic_soundcard.dir/pico-sdk/src/rp2_common/pico_runtime_init/runtime_init_clocks.c.o -MF CMakeFiles/pico_6mic_soundcard.dir/pico-sdk/src/rp2_common/pico_runtime_init/runtime_init_clocks.c.o.d -o CMakeFiles/pico_6mic_soundcard.dir/pico-sdk/src/rp2_common/pico_runtime_init/runtime_init_clocks.c.o -c /home/gpu/het68/pico-sdk/src/rp2_common/pico_runtime_init/runtime_init_clocks.c
/usr/bin/arm-none-eabi-gcc -DCFG_TUSB_DEBUG=0 -DCFG_TUSB_MCU=OPT_MCU_RP2040 -DCFG_TUSB_OS=OPT_OS_PICO -DLIB_BOOT_STAGE2_HEADERS=1 -DLIB_PICO_ATOMIC=1 -DLIB_PICO_BIT_OPS=1 -DLIB_PICO_BIT_OPS_PICO=1 -DLIB_PICO_CLIB_INTERFACE=1 -DLIB_PICO_CRT0=1 -DLIB_PICO_CXX_OPTIONS=1 -DLIB_PICO_DIVIDER=1 -DLIB_PICO_DIVIDER_COMPILER=1 -DLIB_PICO_DOUBLE=1 -DLIB_PICO_DOUBLE_PICO=1 -DLIB_PICO_FIX_RP2040_USB_DEVICE_ENUMERATION=1 -DLIB_PICO_FLASH=1 -DLIB_PICO_FLOAT=1 -DLIB_PICO_FLOAT_PICO=1 -DLIB_PICO_FLOAT_PICO_VFP=1 -DLIB_PICO_INT64_OPS=1 -DLIB_PICO_INT64_OPS_COMPILER=1 -DLIB_PICO_MALLOC=1 -DLIB_PICO_MEM_OPS=1 -DLIB_PICO_MEM_OPS_COMPILER=1 -DLIB_PICO_NEWLIB_INTERFACE=1 -DLIB_PICO_PLATFORM=1 -DLIB_PICO_PLATFORM_COMMON=1 -DLIB_PICO_PLATFORM_COMPILER=1 -DLIB_PICO_PLATFORM_PANIC=1 -DLIB_PICO_PLATFORM_SECTIONS=1 -DLIB_PICO_PRINTF=1 -DLIB_PICO_PRINTF_PICO=1 -DLIB_PICO_RUNTIME=1 -DLIB_PICO_RUNTIME_INIT=1 -DLIB_PICO_STANDARD_BINARY_INFO=1 -DLIB_PICO_STANDARD_LINK=1 -DLIB_PICO_STDIO=1 -DLIB_PICO_STDLIB=1 -DLIB_PICO_SYNC=1 -DLIB_PICO_SYNC_CRITICAL_SECTION=1 -DLIB_PICO_SYNC_MUTEX=1 -DLIB_PICO_SYNC_SEM=1 -DLIB_PICO_TIME=1 -DLIB_PICO_TIME_ADAPTER=1 -DLIB_PICO_UNIQUE_ID=1 -DLIB_PICO_UTIL=1 -DLIB_TINYUSB_BOARD=1 -DLIB_TINYUSB_DEVICE=1 -DPICO_32BIT=1 -DPICO_BOARD=\"pico2\" -DPICO_BUILD=1 -DPICO_CMAKE_BUILD_TYPE=\"Release\" -DPICO_COPY_TO_RAM=0 -DPICO_CXX_ENABLE_EXCEPTIONS=0 -DPICO_NO_FLASH=0 -DPICO_NO_HARDWARE=0 -DPICO_ON_DEVICE=1 -DPICO_RP2040_USB_DEVICE_UFRAME_FIX=1 -DPICO_RP2350=1 -DPICO_TARGET_NAME=\"pico_6mic_soundcard\" -DPICO_USE_BLOCKED_RAM=0 -I/home/gpu/het68/build -I/home/gpu/het68 -I/home/gpu/het68/pico-sdk/src/rp2_common/pico_atomic/include -I/home/gpu/het68/pico-sdk/lib/tinyusb/src -I/home/gpu/het68/pico-sdk/src/rp2_common/tinyusb/include -I/home/gpu/het68/pico-sdk/lib/tinyusb/hw -isystem /home/gpu/het68/pico-sdk/src/common/pico_stdlib_headers/include -isystem /home/gpu/het68/pico-sdk/src/rp2_common/hardware_gpio/include -isystem /home/gpu/het68/pico-sdk/src/common/pico_base_headers/include -isystem /home/gpu/het68/build/generated/pico_base -isystem /home/gpu/het68/pico-sdk/src/boards/include -isystem /home/gpu/het68/pico-sdk/src/rp2350/pico_platform/include -isystem /home/gpu/het68/pico-sdk/src/rp2350/hardware_regs/include -isystem /home/gpu/het68/pico-sdk/src/rp2_common/hardware_base/include -isystem /home/gpu/het68/pico-sdk/src/rp2_common/pico_platform_common/include -isystem /home/gpu/het68/pico-sdk/src/rp2_common/pico_platform_compiler/include -isystem /home/gpu/het68/pico-sdk/src/rp2_common/pico_platform_panic/include -isystem /home/gpu/het68/pico-sdk/src/rp2_common/pico_platform_sections/include -isystem /home/gpu/het68/pico-sdk/src/rp2_common/hardware_dcp/include -isystem /home/gpu/het68/pico-sdk/src/rp2350/hardware_structs/include -isystem /home/gpu/het68/pico-sdk/src/rp2_common/hardware_rcp/include -isystem /home/gpu/het68/pico-sdk/src/common/hardware_claim/include -isystem /home/gpu/het68/pico-sdk/src/rp2_common/hardware_sync/include -isystem /home/gpu/het68/pico-sdk/src/rp2_common/hardware_sync_spin_lock/include -isystem /home/gpu/het68/pico-sdk/src/rp2_common/hardware_irq/include -isystem /home/gpu/het68/pico-sdk/src/rp2_common/hardware_uart/include -isystem /home/gpu/het68/pico-sdk/src/rp2_common/hardware_resets/include -isystem /home/gpu/het68/pico-sdk/src/rp2_common/hardware_clocks/include -isystem /home/gpu/het68/pico-sdk/src/rp2_common/hardware_pll/include -isystem /home/gpu/het68/pico-sdk/src/rp2_common/hardware_vreg/include -isystem /home/gpu/het68/pico-sdk/src/rp2_common/hardware_watchdog/include -isystem /home/gpu/het68/pico-sdk/src/rp2_common/hardware_ticks/include -isystem /home/gpu/het68/pico-sdk/src/rp2_common/pico_bootrom/include -isystem /home/gpu/het68/pico-sdk/src/common/boot_picoboot_headers/include -isystem /home/gpu/het68/pico-sdk/src/rp2_common/boot_bootrom_headers/include -isystem /home/gpu/het68/pico-sdk/src/rp2_common/hardware_boot_lock/include -isystem /home/gpu/het68/pico-sdk/src/rp2_common/pico_flash/include -isystem /home/gpu/het68/pico-sdk/src/common/pico_time/include -isystem /home/gpu/het68/pico-sdk/src/rp2_common/hardware_timer/include -isystem /home/gpu/het68/pico-sdk/src/common/pico_sync/include -isystem /home/gpu/het68/pico-sdk/src/common/pico_util/include -isystem /home/gpu/het68/pico-sdk/src/rp2_common/pico_time_adapter/include -isystem /home/gpu/het68/pico-sdk/src/rp2_common/hardware_xosc/include -isystem /home/gpu/het68/pico-sdk/src/rp2_common/hardware_divider/include -isystem /home/gpu/het68/pico-sdk/src/rp2_common/pico_runtime/include -isystem /home/gpu/het68/pico-sdk/src/rp2_common/pico_runtime_init/include -isystem /home/gpu/het68/pico-sdk/src/common/pico_bit_ops_headers/include -isystem /home/gpu/het68/pico-sdk/src/common/pico_divider_headers/include -isystem /home/gpu/het68/pico-sdk/src/rp2_common/pico_double/include -isystem /home/gpu/het68/pico-sdk/src/rp2_common/pico_float/include -isystem /home/gpu/het68/pico-sdk/src/rp2_common/pico_malloc/include -isystem /home/gpu/het68/pico-sdk/src/common/pico_binary_info/include -isystem /home/gpu/het68/pico-sdk/src/rp2_common/pico_printf/include -isystem /home/gpu/het68/pico-sdk/src/rp2_common/pico_stdio/include -isystem /home/gpu/het68/pico-sdk/src/rp2_common/pico_multicore/include -isystem /home/gpu/het68/pico-sdk/src/common/boot_picobin_headers/include -isystem /home/gpu/het68/pico-sdk/src/rp2350/boot_stage2/include -isystem /home/gpu/het68/pico-sdk/src/rp2_common/hardware_pio/include -isystem /home/gpu/het68/pico-sdk/src/rp2_common/hardware_dma/include -isystem /home/gpu/het68/pico-sdk/src/rp2_common/pico_fix/rp2040_usb_device_enumeration/include -isystem /home/gpu/het68/pico-sdk/src/rp2_common/pico_unique_id/include -isystem /home/gpu/het68/pico-sdk/src/rp2_common/hardware_flash/include -isystem /home/gpu/het68/pico-sdk/src/rp2_common/hardware_xip_cache/include -mcpu=cortex-m33 -mthumb -march=armv8-m.main+fp+dsp -mfloat-abi=softfp -mcmse -g -O3 -DNDEBUG -ffunction-sections -fdata-sections -o CMakeFiles/pico_6mic_soundcard.dir/pico-sdk/src/rp2_common/pico_bit_ops/bit_ops_aeabi.S.o   -c /home/gpu/het68/pico-sdk/src/rp2_common/pico_bit_ops/bit_ops_aeabi.S
[ 63%] Building ASM object CMakeFiles/pico_6mic_soundcard.dir/pico-sdk/src/rp2_common/pico_float/float_conv32_vfp.S.o
[ 64%] Building C object CMakeFiles/pico_6mic_soundcard.dir/pico-sdk/src/rp2_common/pico_float/float_math.c.o
/usr/bin/arm-none-eabi-gcc -DCFG_TUSB_DEBUG=0 -DCFG_TUSB_MCU=OPT_MCU_RP2040 -DCFG_TUSB_OS=OPT_OS_PICO -DLIB_BOOT_STAGE2_HEADERS=1 -DLIB_PICO_ATOMIC=1 -DLIB_PICO_BIT_OPS=1 -DLIB_PICO_BIT_OPS_PICO=1 -DLIB_PICO_CLIB_INTERFACE=1 -DLIB_PICO_CRT0=1 -DLIB_PICO_CXX_OPTIONS=1 -DLIB_PICO_DIVIDER=1 -DLIB_PICO_DIVIDER_COMPILER=1 -DLIB_PICO_DOUBLE=1 -DLIB_PICO_DOUBLE_PICO=1 -DLIB_PICO_FIX_RP2040_USB_DEVICE_ENUMERATION=1 -DLIB_PICO_FLASH=1 -DLIB_PICO_FLOAT=1 -DLIB_PICO_FLOAT_PICO=1 -DLIB_PICO_FLOAT_PICO_VFP=1 -DLIB_PICO_INT64_OPS=1 -DLIB_PICO_INT64_OPS_COMPILER=1 -DLIB_PICO_MALLOC=1 -DLIB_PICO_MEM_OPS=1 -DLIB_PICO_MEM_OPS_COMPILER=1 -DLIB_PICO_NEWLIB_INTERFACE=1 -DLIB_PICO_PLATFORM=1 -DLIB_PICO_PLATFORM_COMMON=1 -DLIB_PICO_PLATFORM_COMPILER=1 -DLIB_PICO_PLATFORM_PANIC=1 -DLIB_PICO_PLATFORM_SECTIONS=1 -DLIB_PICO_PRINTF=1 -DLIB_PICO_PRINTF_PICO=1 -DLIB_PICO_RUNTIME=1 -DLIB_PICO_RUNTIME_INIT=1 -DLIB_PICO_STANDARD_BINARY_INFO=1 -DLIB_PICO_STANDARD_LINK=1 -DLIB_PICO_STDIO=1 -DLIB_PICO_STDLIB=1 -DLIB_PICO_SYNC=1 -DLIB_PICO_SYNC_CRITICAL_SECTION=1 -DLIB_PICO_SYNC_MUTEX=1 -DLIB_PICO_SYNC_SEM=1 -DLIB_PICO_TIME=1 -DLIB_PICO_TIME_ADAPTER=1 -DLIB_PICO_UNIQUE_ID=1 -DLIB_PICO_UTIL=1 -DLIB_TINYUSB_BOARD=1 -DLIB_TINYUSB_DEVICE=1 -DPICO_32BIT=1 -DPICO_BOARD=\"pico2\" -DPICO_BUILD=1 -DPICO_CMAKE_BUILD_TYPE=\"Release\" -DPICO_COPY_TO_RAM=0 -DPICO_CXX_ENABLE_EXCEPTIONS=0 -DPICO_NO_FLASH=0 -DPICO_NO_HARDWARE=0 -DPICO_ON_DEVICE=1 -DPICO_RP2040_USB_DEVICE_UFRAME_FIX=1 -DPICO_RP2350=1 -DPICO_TARGET_NAME=\"pico_6mic_soundcard\" -DPICO_USE_BLOCKED_RAM=0 -I/home/gpu/het68/build -I/home/gpu/het68 -I/home/gpu/het68/pico-sdk/src/rp2_common/pico_atomic/include -I/home/gpu/het68/pico-sdk/lib/tinyusb/src -I/home/gpu/het68/pico-sdk/src/rp2_common/tinyusb/include -I/home/gpu/het68/pico-sdk/lib/tinyusb/hw -isystem /home/gpu/het68/pico-sdk/src/common/pico_stdlib_headers/include -isystem /home/gpu/het68/pico-sdk/src/rp2_common/hardware_gpio/include -isystem /home/gpu/het68/pico-sdk/src/common/pico_base_headers/include -isystem /home/gpu/het68/build/generated/pico_base -isystem /home/gpu/het68/pico-sdk/src/boards/include -isystem /home/gpu/het68/pico-sdk/src/rp2350/pico_platform/include -isystem /home/gpu/het68/pico-sdk/src/rp2350/hardware_regs/include -isystem /home/gpu/het68/pico-sdk/src/rp2_common/hardware_base/include -isystem /home/gpu/het68/pico-sdk/src/rp2_common/pico_platform_common/include -isystem /home/gpu/het68/pico-sdk/src/rp2_common/pico_platform_compiler/include -isystem /home/gpu/het68/pico-sdk/src/rp2_common/pico_platform_panic/include -isystem /home/gpu/het68/pico-sdk/src/rp2_common/pico_platform_sections/include -isystem /home/gpu/het68/pico-sdk/src/rp2_common/hardware_dcp/include -isystem /home/gpu/het68/pico-sdk/src/rp2350/hardware_structs/include -isystem /home/gpu/het68/pico-sdk/src/rp2_common/hardware_rcp/include -isystem /home/gpu/het68/pico-sdk/src/common/hardware_claim/include -isystem /home/gpu/het68/pico-sdk/src/rp2_common/hardware_sync/include -isystem /home/gpu/het68/pico-sdk/src/rp2_common/hardware_sync_spin_lock/include -isystem /home/gpu/het68/pico-sdk/src/rp2_common/hardware_irq/include -isystem /home/gpu/het68/pico-sdk/src/rp2_common/hardware_uart/include -isystem /home/gpu/het68/pico-sdk/src/rp2_common/hardware_resets/include -isystem /home/gpu/het68/pico-sdk/src/rp2_common/hardware_clocks/include -isystem /home/gpu/het68/pico-sdk/src/rp2_common/hardware_pll/include -isystem /home/gpu/het68/pico-sdk/src/rp2_common/hardware_vreg/include -isystem /home/gpu/het68/pico-sdk/src/rp2_common/hardware_watchdog/include -isystem /home/gpu/het68/pico-sdk/src/rp2_common/hardware_ticks/include -isystem /home/gpu/het68/pico-sdk/src/rp2_common/pico_bootrom/include -isystem /home/gpu/het68/pico-sdk/src/common/boot_picoboot_headers/include -isystem /home/gpu/het68/pico-sdk/src/rp2_common/boot_bootrom_headers/include -isystem /home/gpu/het68/pico-sdk/src/rp2_common/hardware_boot_lock/include -isystem /home/gpu/het68/pico-sdk/src/rp2_common/pico_flash/include -isystem /home/gpu/het68/pico-sdk/src/common/pico_time/include -isystem /home/gpu/het68/pico-sdk/src/rp2_common/hardware_timer/include -isystem /home/gpu/het68/pico-sdk/src/common/pico_sync/include -isystem /home/gpu/het68/pico-sdk/src/common/pico_util/include -isystem /home/gpu/het68/pico-sdk/src/rp2_common/pico_time_adapter/include -isystem /home/gpu/het68/pico-sdk/src/rp2_common/hardware_xosc/include -isystem /home/gpu/het68/pico-sdk/src/rp2_common/hardware_divider/include -isystem /home/gpu/het68/pico-sdk/src/rp2_common/pico_runtime/include -isystem /home/gpu/het68/pico-sdk/src/rp2_common/pico_runtime_init/include -isystem /home/gpu/het68/pico-sdk/src/common/pico_bit_ops_headers/include -isystem /home/gpu/het68/pico-sdk/src/common/pico_divider_headers/include -isystem /home/gpu/het68/pico-sdk/src/rp2_common/pico_double/include -isystem /home/gpu/het68/pico-sdk/src/rp2_common/pico_float/include -isystem /home/gpu/het68/pico-sdk/src/rp2_common/pico_malloc/include -isystem /home/gpu/het68/pico-sdk/src/common/pico_binary_info/include -isystem /home/gpu/het68/pico-sdk/src/rp2_common/pico_printf/include -isystem /home/gpu/het68/pico-sdk/src/rp2_common/pico_stdio/include -isystem /home/gpu/het68/pico-sdk/src/rp2_common/pico_multicore/include -isystem /home/gpu/het68/pico-sdk/src/common/boot_picobin_headers/include -isystem /home/gpu/het68/pico-sdk/src/rp2350/boot_stage2/include -isystem /home/gpu/het68/pico-sdk/src/rp2_common/hardware_pio/include -isystem /home/gpu/het68/pico-sdk/src/rp2_common/hardware_dma/include -isystem /home/gpu/het68/pico-sdk/src/rp2_common/pico_fix/rp2040_usb_device_enumeration/include -isystem /home/gpu/het68/pico-sdk/src/rp2_common/pico_unique_id/include -isystem /home/gpu/het68/pico-sdk/src/rp2_common/hardware_flash/include -isystem /home/gpu/het68/pico-sdk/src/rp2_common/hardware_xip_cache/include -mcpu=cortex-m33 -mthumb -march=armv8-m.main+fp+dsp -mfloat-abi=softfp -mcmse -g -O3 -DNDEBUG -ffunction-sections -fdata-sections -MD -MT CMakeFiles/pico_6mic_soundcard.dir/pico-sdk/src/rp2_common/pico_divider/divider_compiler.c.o -MF CMakeFiles/pico_6mic_soundcard.dir/pico-sdk/src/rp2_common/pico_divider/divider_compiler.c.o.d -o CMakeFiles/pico_6mic_soundcard.dir/pico-sdk/src/rp2_common/pico_divider/divider_compiler.c.o -c /home/gpu/het68/pico-sdk/src/rp2_common/pico_divider/divider_compiler.c
/usr/bin/arm-none-eabi-gcc -DCFG_TUSB_DEBUG=0 -DCFG_TUSB_MCU=OPT_MCU_RP2040 -DCFG_TUSB_OS=OPT_OS_PICO -DLIB_BOOT_STAGE2_HEADERS=1 -DLIB_PICO_ATOMIC=1 -DLIB_PICO_BIT_OPS=1 -DLIB_PICO_BIT_OPS_PICO=1 -DLIB_PICO_CLIB_INTERFACE=1 -DLIB_PICO_CRT0=1 -DLIB_PICO_CXX_OPTIONS=1 -DLIB_PICO_DIVIDER=1 -DLIB_PICO_DIVIDER_COMPILER=1 -DLIB_PICO_DOUBLE=1 -DLIB_PICO_DOUBLE_PICO=1 -DLIB_PICO_FIX_RP2040_USB_DEVICE_ENUMERATION=1 -DLIB_PICO_FLASH=1 -DLIB_PICO_FLOAT=1 -DLIB_PICO_FLOAT_PICO=1 -DLIB_PICO_FLOAT_PICO_VFP=1 -DLIB_PICO_INT64_OPS=1 -DLIB_PICO_INT64_OPS_COMPILER=1 -DLIB_PICO_MALLOC=1 -DLIB_PICO_MEM_OPS=1 -DLIB_PICO_MEM_OPS_COMPILER=1 -DLIB_PICO_NEWLIB_INTERFACE=1 -DLIB_PICO_PLATFORM=1 -DLIB_PICO_PLATFORM_COMMON=1 -DLIB_PICO_PLATFORM_COMPILER=1 -DLIB_PICO_PLATFORM_PANIC=1 -DLIB_PICO_PLATFORM_SECTIONS=1 -DLIB_PICO_PRINTF=1 -DLIB_PICO_PRINTF_PICO=1 -DLIB_PICO_RUNTIME=1 -DLIB_PICO_RUNTIME_INIT=1 -DLIB_PICO_STANDARD_BINARY_INFO=1 -DLIB_PICO_STANDARD_LINK=1 -DLIB_PICO_STDIO=1 -DLIB_PICO_STDLIB=1 -DLIB_PICO_SYNC=1 -DLIB_PICO_SYNC_CRITICAL_SECTION=1 -DLIB_PICO_SYNC_MUTEX=1 -DLIB_PICO_SYNC_SEM=1 -DLIB_PICO_TIME=1 -DLIB_PICO_TIME_ADAPTER=1 -DLIB_PICO_UNIQUE_ID=1 -DLIB_PICO_UTIL=1 -DLIB_TINYUSB_BOARD=1 -DLIB_TINYUSB_DEVICE=1 -DPICO_32BIT=1 -DPICO_BOARD=\"pico2\" -DPICO_BUILD=1 -DPICO_CMAKE_BUILD_TYPE=\"Release\" -DPICO_COPY_TO_RAM=0 -DPICO_CXX_ENABLE_EXCEPTIONS=0 -DPICO_NO_FLASH=0 -DPICO_NO_HARDWARE=0 -DPICO_ON_DEVICE=1 -DPICO_RP2040_USB_DEVICE_UFRAME_FIX=1 -DPICO_RP2350=1 -DPICO_TARGET_NAME=\"pico_6mic_soundcard\" -DPICO_USE_BLOCKED_RAM=0 -I/home/gpu/het68/build -I/home/gpu/het68 -I/home/gpu/het68/pico-sdk/src/rp2_common/pico_atomic/include -I/home/gpu/het68/pico-sdk/lib/tinyusb/src -I/home/gpu/het68/pico-sdk/src/rp2_common/tinyusb/include -I/home/gpu/het68/pico-sdk/lib/tinyusb/hw -isystem /home/gpu/het68/pico-sdk/src/common/pico_stdlib_headers/include -isystem /home/gpu/het68/pico-sdk/src/rp2_common/hardware_gpio/include -isystem /home/gpu/het68/pico-sdk/src/common/pico_base_headers/include -isystem /home/gpu/het68/build/generated/pico_base -isystem /home/gpu/het68/pico-sdk/src/boards/include -isystem /home/gpu/het68/pico-sdk/src/rp2350/pico_platform/include -isystem /home/gpu/het68/pico-sdk/src/rp2350/hardware_regs/include -isystem /home/gpu/het68/pico-sdk/src/rp2_common/hardware_base/include -isystem /home/gpu/het68/pico-sdk/src/rp2_common/pico_platform_common/include -isystem /home/gpu/het68/pico-sdk/src/rp2_common/pico_platform_compiler/include -isystem /home/gpu/het68/pico-sdk/src/rp2_common/pico_platform_panic/include -isystem /home/gpu/het68/pico-sdk/src/rp2_common/pico_platform_sections/include -isystem /home/gpu/het68/pico-sdk/src/rp2_common/hardware_dcp/include -isystem /home/gpu/het68/pico-sdk/src/rp2350/hardware_structs/include -isystem /home/gpu/het68/pico-sdk/src/rp2_common/hardware_rcp/include -isystem /home/gpu/het68/pico-sdk/src/common/hardware_claim/include -isystem /home/gpu/het68/pico-sdk/src/rp2_common/hardware_sync/include -isystem /home/gpu/het68/pico-sdk/src/rp2_common/hardware_sync_spin_lock/include -isystem /home/gpu/het68/pico-sdk/src/rp2_common/hardware_irq/include -isystem /home/gpu/het68/pico-sdk/src/rp2_common/hardware_uart/include -isystem /home/gpu/het68/pico-sdk/src/rp2_common/hardware_resets/include -isystem /home/gpu/het68/pico-sdk/src/rp2_common/hardware_clocks/include -isystem /home/gpu/het68/pico-sdk/src/rp2_common/hardware_pll/include -isystem /home/gpu/het68/pico-sdk/src/rp2_common/hardware_vreg/include -isystem /home/gpu/het68/pico-sdk/src/rp2_common/hardware_watchdog/include -isystem /home/gpu/het68/pico-sdk/src/rp2_common/hardware_ticks/include -isystem /home/gpu/het68/pico-sdk/src/rp2_common/pico_bootrom/include -isystem /home/gpu/het68/pico-sdk/src/common/boot_picoboot_headers/include -isystem /home/gpu/het68/pico-sdk/src/rp2_common/boot_bootrom_headers/include -isystem /home/gpu/het68/pico-sdk/src/rp2_common/hardware_boot_lock/include -isystem /home/gpu/het68/pico-sdk/src/rp2_common/pico_flash/include -isystem /home/gpu/het68/pico-sdk/src/common/pico_time/include -isystem /home/gpu/het68/pico-sdk/src/rp2_common/hardware_timer/include -isystem /home/gpu/het68/pico-sdk/src/common/pico_sync/include -isystem /home/gpu/het68/pico-sdk/src/common/pico_util/include -isystem /home/gpu/het68/pico-sdk/src/rp2_common/pico_time_adapter/include -isystem /home/gpu/het68/pico-sdk/src/rp2_common/hardware_xosc/include -isystem /home/gpu/het68/pico-sdk/src/rp2_common/hardware_divider/include -isystem /home/gpu/het68/pico-sdk/src/rp2_common/pico_runtime/include -isystem /home/gpu/het68/pico-sdk/src/rp2_common/pico_runtime_init/include -isystem /home/gpu/het68/pico-sdk/src/common/pico_bit_ops_headers/include -isystem /home/gpu/het68/pico-sdk/src/common/pico_divider_headers/include -isystem /home/gpu/het68/pico-sdk/src/rp2_common/pico_double/include -isystem /home/gpu/het68/pico-sdk/src/rp2_common/pico_float/include -isystem /home/gpu/het68/pico-sdk/src/rp2_common/pico_malloc/include -isystem /home/gpu/het68/pico-sdk/src/common/pico_binary_info/include -isystem /home/gpu/het68/pico-sdk/src/rp2_common/pico_printf/include -isystem /home/gpu/het68/pico-sdk/src/rp2_common/pico_stdio/include -isystem /home/gpu/het68/pico-sdk/src/rp2_common/pico_multicore/include -isystem /home/gpu/het68/pico-sdk/src/common/boot_picobin_headers/include -isystem /home/gpu/het68/pico-sdk/src/rp2350/boot_stage2/include -isystem /home/gpu/het68/pico-sdk/src/rp2_common/hardware_pio/include -isystem /home/gpu/het68/pico-sdk/src/rp2_common/hardware_dma/include -isystem /home/gpu/het68/pico-sdk/src/rp2_common/pico_fix/rp2040_usb_device_enumeration/include -isystem /home/gpu/het68/pico-sdk/src/rp2_common/pico_unique_id/include -isystem /home/gpu/het68/pico-sdk/src/rp2_common/hardware_flash/include -isystem /home/gpu/het68/pico-sdk/src/rp2_common/hardware_xip_cache/include -mcpu=cortex-m33 -mthumb -march=armv8-m.main+fp+dsp -mfloat-abi=softfp -mcmse -g -O3 -DNDEBUG -ffunction-sections -fdata-sections -MD -MT CMakeFiles/pico_6mic_soundcard.dir/pico-sdk/src/rp2_common/pico_double/double_math.c.o -MF CMakeFiles/pico_6mic_soundcard.dir/pico-sdk/src/rp2_common/pico_double/double_math.c.o.d -o CMakeFiles/pico_6mic_soundcard.dir/pico-sdk/src/rp2_common/pico_double/double_math.c.o -c /home/gpu/het68/pico-sdk/src/rp2_common/pico_double/double_math.c
/usr/bin/arm-none-eabi-gcc -DCFG_TUSB_DEBUG=0 -DCFG_TUSB_MCU=OPT_MCU_RP2040 -DCFG_TUSB_OS=OPT_OS_PICO -DLIB_BOOT_STAGE2_HEADERS=1 -DLIB_PICO_ATOMIC=1 -DLIB_PICO_BIT_OPS=1 -DLIB_PICO_BIT_OPS_PICO=1 -DLIB_PICO_CLIB_INTERFACE=1 -DLIB_PICO_CRT0=1 -DLIB_PICO_CXX_OPTIONS=1 -DLIB_PICO_DIVIDER=1 -DLIB_PICO_DIVIDER_COMPILER=1 -DLIB_PICO_DOUBLE=1 -DLIB_PICO_DOUBLE_PICO=1 -DLIB_PICO_FIX_RP2040_USB_DEVICE_ENUMERATION=1 -DLIB_PICO_FLASH=1 -DLIB_PICO_FLOAT=1 -DLIB_PICO_FLOAT_PICO=1 -DLIB_PICO_FLOAT_PICO_VFP=1 -DLIB_PICO_INT64_OPS=1 -DLIB_PICO_INT64_OPS_COMPILER=1 -DLIB_PICO_MALLOC=1 -DLIB_PICO_MEM_OPS=1 -DLIB_PICO_MEM_OPS_COMPILER=1 -DLIB_PICO_NEWLIB_INTERFACE=1 -DLIB_PICO_PLATFORM=1 -DLIB_PICO_PLATFORM_COMMON=1 -DLIB_PICO_PLATFORM_COMPILER=1 -DLIB_PICO_PLATFORM_PANIC=1 -DLIB_PICO_PLATFORM_SECTIONS=1 -DLIB_PICO_PRINTF=1 -DLIB_PICO_PRINTF_PICO=1 -DLIB_PICO_RUNTIME=1 -DLIB_PICO_RUNTIME_INIT=1 -DLIB_PICO_STANDARD_BINARY_INFO=1 -DLIB_PICO_STANDARD_LINK=1 -DLIB_PICO_STDIO=1 -DLIB_PICO_STDLIB=1 -DLIB_PICO_SYNC=1 -DLIB_PICO_SYNC_CRITICAL_SECTION=1 -DLIB_PICO_SYNC_MUTEX=1 -DLIB_PICO_SYNC_SEM=1 -DLIB_PICO_TIME=1 -DLIB_PICO_TIME_ADAPTER=1 -DLIB_PICO_UNIQUE_ID=1 -DLIB_PICO_UTIL=1 -DLIB_TINYUSB_BOARD=1 -DLIB_TINYUSB_DEVICE=1 -DPICO_32BIT=1 -DPICO_BOARD=\"pico2\" -DPICO_BUILD=1 -DPICO_CMAKE_BUILD_TYPE=\"Release\" -DPICO_COPY_TO_RAM=0 -DPICO_CXX_ENABLE_EXCEPTIONS=0 -DPICO_NO_FLASH=0 -DPICO_NO_HARDWARE=0 -DPICO_ON_DEVICE=1 -DPICO_RP2040_USB_DEVICE_UFRAME_FIX=1 -DPICO_RP2350=1 -DPICO_TARGET_NAME=\"pico_6mic_soundcard\" -DPICO_USE_BLOCKED_RAM=0 -I/home/gpu/het68/build -I/home/gpu/het68 -I/home/gpu/het68/pico-sdk/src/rp2_common/pico_atomic/include -I/home/gpu/het68/pico-sdk/lib/tinyusb/src -I/home/gpu/het68/pico-sdk/src/rp2_common/tinyusb/include -I/home/gpu/het68/pico-sdk/lib/tinyusb/hw -isystem /home/gpu/het68/pico-sdk/src/common/pico_stdlib_headers/include -isystem /home/gpu/het68/pico-sdk/src/rp2_common/hardware_gpio/include -isystem /home/gpu/het68/pico-sdk/src/common/pico_base_headers/include -isystem /home/gpu/het68/build/generated/pico_base -isystem /home/gpu/het68/pico-sdk/src/boards/include -isystem /home/gpu/het68/pico-sdk/src/rp2350/pico_platform/include -isystem /home/gpu/het68/pico-sdk/src/rp2350/hardware_regs/include -isystem /home/gpu/het68/pico-sdk/src/rp2_common/hardware_base/include -isystem /home/gpu/het68/pico-sdk/src/rp2_common/pico_platform_common/include -isystem /home/gpu/het68/pico-sdk/src/rp2_common/pico_platform_compiler/include -isystem /home/gpu/het68/pico-sdk/src/rp2_common/pico_platform_panic/include -isystem /home/gpu/het68/pico-sdk/src/rp2_common/pico_platform_sections/include -isystem /home/gpu/het68/pico-sdk/src/rp2_common/hardware_dcp/include -isystem /home/gpu/het68/pico-sdk/src/rp2350/hardware_structs/include -isystem /home/gpu/het68/pico-sdk/src/rp2_common/hardware_rcp/include -isystem /home/gpu/het68/pico-sdk/src/common/hardware_claim/include -isystem /home/gpu/het68/pico-sdk/src/rp2_common/hardware_sync/include -isystem /home/gpu/het68/pico-sdk/src/rp2_common/hardware_sync_spin_lock/include -isystem /home/gpu/het68/pico-sdk/src/rp2_common/hardware_irq/include -isystem /home/gpu/het68/pico-sdk/src/rp2_common/hardware_uart/include -isystem /home/gpu/het68/pico-sdk/src/rp2_common/hardware_resets/include -isystem /home/gpu/het68/pico-sdk/src/rp2_common/hardware_clocks/include -isystem /home/gpu/het68/pico-sdk/src/rp2_common/hardware_pll/include -isystem /home/gpu/het68/pico-sdk/src/rp2_common/hardware_vreg/include -isystem /home/gpu/het68/pico-sdk/src/rp2_common/hardware_watchdog/include -isystem /home/gpu/het68/pico-sdk/src/rp2_common/hardware_ticks/include -isystem /home/gpu/het68/pico-sdk/src/rp2_common/pico_bootrom/include -isystem /home/gpu/het68/pico-sdk/src/common/boot_picoboot_headers/include -isystem /home/gpu/het68/pico-sdk/src/rp2_common/boot_bootrom_headers/include -isystem /home/gpu/het68/pico-sdk/src/rp2_common/hardware_boot_lock/include -isystem /home/gpu/het68/pico-sdk/src/rp2_common/pico_flash/include -isystem /home/gpu/het68/pico-sdk/src/common/pico_time/include -isystem /home/gpu/het68/pico-sdk/src/rp2_common/hardware_timer/include -isystem /home/gpu/het68/pico-sdk/src/common/pico_sync/include -isystem /home/gpu/het68/pico-sdk/src/common/pico_util/include -isystem /home/gpu/het68/pico-sdk/src/rp2_common/pico_time_adapter/include -isystem /home/gpu/het68/pico-sdk/src/rp2_common/hardware_xosc/include -isystem /home/gpu/het68/pico-sdk/src/rp2_common/hardware_divider/include -isystem /home/gpu/het68/pico-sdk/src/rp2_common/pico_runtime/include -isystem /home/gpu/het68/pico-sdk/src/rp2_common/pico_runtime_init/include -isystem /home/gpu/het68/pico-sdk/src/common/pico_bit_ops_headers/include -isystem /home/gpu/het68/pico-sdk/src/common/pico_divider_headers/include -isystem /home/gpu/het68/pico-sdk/src/rp2_common/pico_double/include -isystem /home/gpu/het68/pico-sdk/src/rp2_common/pico_float/include -isystem /home/gpu/het68/pico-sdk/src/rp2_common/pico_malloc/include -isystem /home/gpu/het68/pico-sdk/src/common/pico_binary_info/include -isystem /home/gpu/het68/pico-sdk/src/rp2_common/pico_printf/include -isystem /home/gpu/het68/pico-sdk/src/rp2_common/pico_stdio/include -isystem /home/gpu/het68/pico-sdk/src/rp2_common/pico_multicore/include -isystem /home/gpu/het68/pico-sdk/src/common/boot_picobin_headers/include -isystem /home/gpu/het68/pico-sdk/src/rp2350/boot_stage2/include -isystem /home/gpu/het68/pico-sdk/src/rp2_common/hardware_pio/include -isystem /home/gpu/het68/pico-sdk/src/rp2_common/hardware_dma/include -isystem /home/gpu/het68/pico-sdk/src/rp2_common/pico_fix/rp2040_usb_device_enumeration/include -isystem /home/gpu/het68/pico-sdk/src/rp2_common/pico_unique_id/include -isystem /home/gpu/het68/pico-sdk/src/rp2_common/hardware_flash/include -isystem /home/gpu/het68/pico-sdk/src/rp2_common/hardware_xip_cache/include -mcpu=cortex-m33 -mthumb -march=armv8-m.main+fp+dsp -mfloat-abi=softfp -mcmse -g -O3 -DNDEBUG -ffunction-sections -fdata-sections -o CMakeFiles/pico_6mic_soundcard.dir/pico-sdk/src/rp2_common/pico_double/double_aeabi_dcp.S.o   -c /home/gpu/het68/pico-sdk/src/rp2_common/pico_double/double_aeabi_dcp.S
/usr/bin/arm-none-eabi-gcc -DCFG_TUSB_DEBUG=0 -DCFG_TUSB_MCU=OPT_MCU_RP2040 -DCFG_TUSB_OS=OPT_OS_PICO -DLIB_BOOT_STAGE2_HEADERS=1 -DLIB_PICO_ATOMIC=1 -DLIB_PICO_BIT_OPS=1 -DLIB_PICO_BIT_OPS_PICO=1 -DLIB_PICO_CLIB_INTERFACE=1 -DLIB_PICO_CRT0=1 -DLIB_PICO_CXX_OPTIONS=1 -DLIB_PICO_DIVIDER=1 -DLIB_PICO_DIVIDER_COMPILER=1 -DLIB_PICO_DOUBLE=1 -DLIB_PICO_DOUBLE_PICO=1 -DLIB_PICO_FIX_RP2040_USB_DEVICE_ENUMERATION=1 -DLIB_PICO_FLASH=1 -DLIB_PICO_FLOAT=1 -DLIB_PICO_FLOAT_PICO=1 -DLIB_PICO_FLOAT_PICO_VFP=1 -DLIB_PICO_INT64_OPS=1 -DLIB_PICO_INT64_OPS_COMPILER=1 -DLIB_PICO_MALLOC=1 -DLIB_PICO_MEM_OPS=1 -DLIB_PICO_MEM_OPS_COMPILER=1 -DLIB_PICO_NEWLIB_INTERFACE=1 -DLIB_PICO_PLATFORM=1 -DLIB_PICO_PLATFORM_COMMON=1 -DLIB_PICO_PLATFORM_COMPILER=1 -DLIB_PICO_PLATFORM_PANIC=1 -DLIB_PICO_PLATFORM_SECTIONS=1 -DLIB_PICO_PRINTF=1 -DLIB_PICO_PRINTF_PICO=1 -DLIB_PICO_RUNTIME=1 -DLIB_PICO_RUNTIME_INIT=1 -DLIB_PICO_STANDARD_BINARY_INFO=1 -DLIB_PICO_STANDARD_LINK=1 -DLIB_PICO_STDIO=1 -DLIB_PICO_STDLIB=1 -DLIB_PICO_SYNC=1 -DLIB_PICO_SYNC_CRITICAL_SECTION=1 -DLIB_PICO_SYNC_MUTEX=1 -DLIB_PICO_SYNC_SEM=1 -DLIB_PICO_TIME=1 -DLIB_PICO_TIME_ADAPTER=1 -DLIB_PICO_UNIQUE_ID=1 -DLIB_PICO_UTIL=1 -DLIB_TINYUSB_BOARD=1 -DLIB_TINYUSB_DEVICE=1 -DPICO_32BIT=1 -DPICO_BOARD=\"pico2\" -DPICO_BUILD=1 -DPICO_CMAKE_BUILD_TYPE=\"Release\" -DPICO_COPY_TO_RAM=0 -DPICO_CXX_ENABLE_EXCEPTIONS=0 -DPICO_NO_FLASH=0 -DPICO_NO_HARDWARE=0 -DPICO_ON_DEVICE=1 -DPICO_RP2040_USB_DEVICE_UFRAME_FIX=1 -DPICO_RP2350=1 -DPICO_TARGET_NAME=\"pico_6mic_soundcard\" -DPICO_USE_BLOCKED_RAM=0 -I/home/gpu/het68/build -I/home/gpu/het68 -I/home/gpu/het68/pico-sdk/src/rp2_common/pico_atomic/include -I/home/gpu/het68/pico-sdk/lib/tinyusb/src -I/home/gpu/het68/pico-sdk/src/rp2_common/tinyusb/include -I/home/gpu/het68/pico-sdk/lib/tinyusb/hw -isystem /home/gpu/het68/pico-sdk/src/common/pico_stdlib_headers/include -isystem /home/gpu/het68/pico-sdk/src/rp2_common/hardware_gpio/include -isystem /home/gpu/het68/pico-sdk/src/common/pico_base_headers/include -isystem /home/gpu/het68/build/generated/pico_base -isystem /home/gpu/het68/pico-sdk/src/boards/include -isystem /home/gpu/het68/pico-sdk/src/rp2350/pico_platform/include -isystem /home/gpu/het68/pico-sdk/src/rp2350/hardware_regs/include -isystem /home/gpu/het68/pico-sdk/src/rp2_common/hardware_base/include -isystem /home/gpu/het68/pico-sdk/src/rp2_common/pico_platform_common/include -isystem /home/gpu/het68/pico-sdk/src/rp2_common/pico_platform_compiler/include -isystem /home/gpu/het68/pico-sdk/src/rp2_common/pico_platform_panic/include -isystem /home/gpu/het68/pico-sdk/src/rp2_common/pico_platform_sections/include -isystem /home/gpu/het68/pico-sdk/src/rp2_common/hardware_dcp/include -isystem /home/gpu/het68/pico-sdk/src/rp2350/hardware_structs/include -isystem /home/gpu/het68/pico-sdk/src/rp2_common/hardware_rcp/include -isystem /home/gpu/het68/pico-sdk/src/common/hardware_claim/include -isystem /home/gpu/het68/pico-sdk/src/rp2_common/hardware_sync/include -isystem /home/gpu/het68/pico-sdk/src/rp2_common/hardware_sync_spin_lock/include -isystem /home/gpu/het68/pico-sdk/src/rp2_common/hardware_irq/include -isystem /home/gpu/het68/pico-sdk/src/rp2_common/hardware_uart/include -isystem /home/gpu/het68/pico-sdk/src/rp2_common/hardware_resets/include -isystem /home/gpu/het68/pico-sdk/src/rp2_common/hardware_clocks/include -isystem /home/gpu/het68/pico-sdk/src/rp2_common/hardware_pll/include -isystem /home/gpu/het68/pico-sdk/src/rp2_common/hardware_vreg/include -isystem /home/gpu/het68/pico-sdk/src/rp2_common/hardware_watchdog/include -isystem /home/gpu/het68/pico-sdk/src/rp2_common/hardware_ticks/include -isystem /home/gpu/het68/pico-sdk/src/rp2_common/pico_bootrom/include -isystem /home/gpu/het68/pico-sdk/src/common/boot_picoboot_headers/include -isystem /home/gpu/het68/pico-sdk/src/rp2_common/boot_bootrom_headers/include -isystem /home/gpu/het68/pico-sdk/src/rp2_common/hardware_boot_lock/include -isystem /home/gpu/het68/pico-sdk/src/rp2_common/pico_flash/include -isystem /home/gpu/het68/pico-sdk/src/common/pico_time/include -isystem /home/gpu/het68/pico-sdk/src/rp2_common/hardware_timer/include -isystem /home/gpu/het68/pico-sdk/src/common/pico_sync/include -isystem /home/gpu/het68/pico-sdk/src/common/pico_util/include -isystem /home/gpu/het68/pico-sdk/src/rp2_common/pico_time_adapter/include -isystem /home/gpu/het68/pico-sdk/src/rp2_common/hardware_xosc/include -isystem /home/gpu/het68/pico-sdk/src/rp2_common/hardware_divider/include -isystem /home/gpu/het68/pico-sdk/src/rp2_common/pico_runtime/include -isystem /home/gpu/het68/pico-sdk/src/rp2_common/pico_runtime_init/include -isystem /home/gpu/het68/pico-sdk/src/common/pico_bit_ops_headers/include -isystem /home/gpu/het68/pico-sdk/src/common/pico_divider_headers/include -isystem /home/gpu/het68/pico-sdk/src/rp2_common/pico_double/include -isystem /home/gpu/het68/pico-sdk/src/rp2_common/pico_float/include -isystem /home/gpu/het68/pico-sdk/src/rp2_common/pico_malloc/include -isystem /home/gpu/het68/pico-sdk/src/common/pico_binary_info/include -isystem /home/gpu/het68/pico-sdk/src/rp2_common/pico_printf/include -isystem /home/gpu/het68/pico-sdk/src/rp2_common/pico_stdio/include -isystem /home/gpu/het68/pico-sdk/src/rp2_common/pico_multicore/include -isystem /home/gpu/het68/pico-sdk/src/common/boot_picobin_headers/include -isystem /home/gpu/het68/pico-sdk/src/rp2350/boot_stage2/include -isystem /home/gpu/het68/pico-sdk/src/rp2_common/hardware_pio/include -isystem /home/gpu/het68/pico-sdk/src/rp2_common/hardware_dma/include -isystem /home/gpu/het68/pico-sdk/src/rp2_common/pico_fix/rp2040_usb_device_enumeration/include -isystem /home/gpu/het68/pico-sdk/src/rp2_common/pico_unique_id/include -isystem /home/gpu/het68/pico-sdk/src/rp2_common/hardware_flash/include -isystem /home/gpu/het68/pico-sdk/src/rp2_common/hardware_xip_cache/include -mcpu=cortex-m33 -mthumb -march=armv8-m.main+fp+dsp -mfloat-abi=softfp -mcmse -g -O3 -DNDEBUG -ffunction-sections -fdata-sections -o CMakeFiles/pico_6mic_soundcard.dir/pico-sdk/src/rp2_common/pico_float/float_conv32_vfp.S.o   -c /home/gpu/het68/pico-sdk/src/rp2_common/pico_float/float_conv32_vfp.S
[ 65%] Building ASM object CMakeFiles/pico_6mic_soundcard.dir/pico-sdk/src/rp2_common/pico_double/double_conv_m33.S.o
/usr/bin/arm-none-eabi-gcc -DCFG_TUSB_DEBUG=0 -DCFG_TUSB_MCU=OPT_MCU_RP2040 -DCFG_TUSB_OS=OPT_OS_PICO -DLIB_BOOT_STAGE2_HEADERS=1 -DLIB_PICO_ATOMIC=1 -DLIB_PICO_BIT_OPS=1 -DLIB_PICO_BIT_OPS_PICO=1 -DLIB_PICO_CLIB_INTERFACE=1 -DLIB_PICO_CRT0=1 -DLIB_PICO_CXX_OPTIONS=1 -DLIB_PICO_DIVIDER=1 -DLIB_PICO_DIVIDER_COMPILER=1 -DLIB_PICO_DOUBLE=1 -DLIB_PICO_DOUBLE_PICO=1 -DLIB_PICO_FIX_RP2040_USB_DEVICE_ENUMERATION=1 -DLIB_PICO_FLASH=1 -DLIB_PICO_FLOAT=1 -DLIB_PICO_FLOAT_PICO=1 -DLIB_PICO_FLOAT_PICO_VFP=1 -DLIB_PICO_INT64_OPS=1 -DLIB_PICO_INT64_OPS_COMPILER=1 -DLIB_PICO_MALLOC=1 -DLIB_PICO_MEM_OPS=1 -DLIB_PICO_MEM_OPS_COMPILER=1 -DLIB_PICO_NEWLIB_INTERFACE=1 -DLIB_PICO_PLATFORM=1 -DLIB_PICO_PLATFORM_COMMON=1 -DLIB_PICO_PLATFORM_COMPILER=1 -DLIB_PICO_PLATFORM_PANIC=1 -DLIB_PICO_PLATFORM_SECTIONS=1 -DLIB_PICO_PRINTF=1 -DLIB_PICO_PRINTF_PICO=1 -DLIB_PICO_RUNTIME=1 -DLIB_PICO_RUNTIME_INIT=1 -DLIB_PICO_STANDARD_BINARY_INFO=1 -DLIB_PICO_STANDARD_LINK=1 -DLIB_PICO_STDIO=1 -DLIB_PICO_STDLIB=1 -DLIB_PICO_SYNC=1 -DLIB_PICO_SYNC_CRITICAL_SECTION=1 -DLIB_PICO_SYNC_MUTEX=1 -DLIB_PICO_SYNC_SEM=1 -DLIB_PICO_TIME=1 -DLIB_PICO_TIME_ADAPTER=1 -DLIB_PICO_UNIQUE_ID=1 -DLIB_PICO_UTIL=1 -DLIB_TINYUSB_BOARD=1 -DLIB_TINYUSB_DEVICE=1 -DPICO_32BIT=1 -DPICO_BOARD=\"pico2\" -DPICO_BUILD=1 -DPICO_CMAKE_BUILD_TYPE=\"Release\" -DPICO_COPY_TO_RAM=0 -DPICO_CXX_ENABLE_EXCEPTIONS=0 -DPICO_NO_FLASH=0 -DPICO_NO_HARDWARE=0 -DPICO_ON_DEVICE=1 -DPICO_RP2040_USB_DEVICE_UFRAME_FIX=1 -DPICO_RP2350=1 -DPICO_TARGET_NAME=\"pico_6mic_soundcard\" -DPICO_USE_BLOCKED_RAM=0 -I/home/gpu/het68/build -I/home/gpu/het68 -I/home/gpu/het68/pico-sdk/src/rp2_common/pico_atomic/include -I/home/gpu/het68/pico-sdk/lib/tinyusb/src -I/home/gpu/het68/pico-sdk/src/rp2_common/tinyusb/include -I/home/gpu/het68/pico-sdk/lib/tinyusb/hw -isystem /home/gpu/het68/pico-sdk/src/common/pico_stdlib_headers/include -isystem /home/gpu/het68/pico-sdk/src/rp2_common/hardware_gpio/include -isystem /home/gpu/het68/pico-sdk/src/common/pico_base_headers/include -isystem /home/gpu/het68/build/generated/pico_base -isystem /home/gpu/het68/pico-sdk/src/boards/include -isystem /home/gpu/het68/pico-sdk/src/rp2350/pico_platform/include -isystem /home/gpu/het68/pico-sdk/src/rp2350/hardware_regs/include -isystem /home/gpu/het68/pico-sdk/src/rp2_common/hardware_base/include -isystem /home/gpu/het68/pico-sdk/src/rp2_common/pico_platform_common/include -isystem /home/gpu/het68/pico-sdk/src/rp2_common/pico_platform_compiler/include -isystem /home/gpu/het68/pico-sdk/src/rp2_common/pico_platform_panic/include -isystem /home/gpu/het68/pico-sdk/src/rp2_common/pico_platform_sections/include -isystem /home/gpu/het68/pico-sdk/src/rp2_common/hardware_dcp/include -isystem /home/gpu/het68/pico-sdk/src/rp2350/hardware_structs/include -isystem /home/gpu/het68/pico-sdk/src/rp2_common/hardware_rcp/include -isystem /home/gpu/het68/pico-sdk/src/common/hardware_claim/include -isystem /home/gpu/het68/pico-sdk/src/rp2_common/hardware_sync/include -isystem /home/gpu/het68/pico-sdk/src/rp2_common/hardware_sync_spin_lock/include -isystem /home/gpu/het68/pico-sdk/src/rp2_common/hardware_irq/include -isystem /home/gpu/het68/pico-sdk/src/rp2_common/hardware_uart/include -isystem /home/gpu/het68/pico-sdk/src/rp2_common/hardware_resets/include -isystem /home/gpu/het68/pico-sdk/src/rp2_common/hardware_clocks/include -isystem /home/gpu/het68/pico-sdk/src/rp2_common/hardware_pll/include -isystem /home/gpu/het68/pico-sdk/src/rp2_common/hardware_vreg/include -isystem /home/gpu/het68/pico-sdk/src/rp2_common/hardware_watchdog/include -isystem /home/gpu/het68/pico-sdk/src/rp2_common/hardware_ticks/include -isystem /home/gpu/het68/pico-sdk/src/rp2_common/pico_bootrom/include -isystem /home/gpu/het68/pico-sdk/src/common/boot_picoboot_headers/include -isystem /home/gpu/het68/pico-sdk/src/rp2_common/boot_bootrom_headers/include -isystem /home/gpu/het68/pico-sdk/src/rp2_common/hardware_boot_lock/include -isystem /home/gpu/het68/pico-sdk/src/rp2_common/pico_flash/include -isystem /home/gpu/het68/pico-sdk/src/common/pico_time/include -isystem /home/gpu/het68/pico-sdk/src/rp2_common/hardware_timer/include -isystem /home/gpu/het68/pico-sdk/src/common/pico_sync/include -isystem /home/gpu/het68/pico-sdk/src/common/pico_util/include -isystem /home/gpu/het68/pico-sdk/src/rp2_common/pico_time_adapter/include -isystem /home/gpu/het68/pico-sdk/src/rp2_common/hardware_xosc/include -isystem /home/gpu/het68/pico-sdk/src/rp2_common/hardware_divider/include -isystem /home/gpu/het68/pico-sdk/src/rp2_common/pico_runtime/include -isystem /home/gpu/het68/pico-sdk/src/rp2_common/pico_runtime_init/include -isystem /home/gpu/het68/pico-sdk/src/common/pico_bit_ops_headers/include -isystem /home/gpu/het68/pico-sdk/src/common/pico_divider_headers/include -isystem /home/gpu/het68/pico-sdk/src/rp2_common/pico_double/include -isystem /home/gpu/het68/pico-sdk/src/rp2_common/pico_float/include -isystem /home/gpu/het68/pico-sdk/src/rp2_common/pico_malloc/include -isystem /home/gpu/het68/pico-sdk/src/common/pico_binary_info/include -isystem /home/gpu/het68/pico-sdk/src/rp2_common/pico_printf/include -isystem /home/gpu/het68/pico-sdk/src/rp2_common/pico_stdio/include -isystem /home/gpu/het68/pico-sdk/src/rp2_common/pico_multicore/include -isystem /home/gpu/het68/pico-sdk/src/common/boot_picobin_headers/include -isystem /home/gpu/het68/pico-sdk/src/rp2350/boot_stage2/include -isystem /home/gpu/het68/pico-sdk/src/rp2_common/hardware_pio/include -isystem /home/gpu/het68/pico-sdk/src/rp2_common/hardware_dma/include -isystem /home/gpu/het68/pico-sdk/src/rp2_common/pico_fix/rp2040_usb_device_enumeration/include -isystem /home/gpu/het68/pico-sdk/src/rp2_common/pico_unique_id/include -isystem /home/gpu/het68/pico-sdk/src/rp2_common/hardware_flash/include -isystem /home/gpu/het68/pico-sdk/src/rp2_common/hardware_xip_cache/include -mcpu=cortex-m33 -mthumb -march=armv8-m.main+fp+dsp -mfloat-abi=softfp -mcmse -g -O3 -DNDEBUG -ffunction-sections -fdata-sections -o CMakeFiles/pico_6mic_soundcard.dir/pico-sdk/src/rp2_common/pico_double/double_conv_m33.S.o   -c /home/gpu/het68/pico-sdk/src/rp2_common/pico_double/double_conv_m33.S
/usr/bin/arm-none-eabi-gcc -DCFG_TUSB_DEBUG=0 -DCFG_TUSB_MCU=OPT_MCU_RP2040 -DCFG_TUSB_OS=OPT_OS_PICO -DLIB_BOOT_STAGE2_HEADERS=1 -DLIB_PICO_ATOMIC=1 -DLIB_PICO_BIT_OPS=1 -DLIB_PICO_BIT_OPS_PICO=1 -DLIB_PICO_CLIB_INTERFACE=1 -DLIB_PICO_CRT0=1 -DLIB_PICO_CXX_OPTIONS=1 -DLIB_PICO_DIVIDER=1 -DLIB_PICO_DIVIDER_COMPILER=1 -DLIB_PICO_DOUBLE=1 -DLIB_PICO_DOUBLE_PICO=1 -DLIB_PICO_FIX_RP2040_USB_DEVICE_ENUMERATION=1 -DLIB_PICO_FLASH=1 -DLIB_PICO_FLOAT=1 -DLIB_PICO_FLOAT_PICO=1 -DLIB_PICO_FLOAT_PICO_VFP=1 -DLIB_PICO_INT64_OPS=1 -DLIB_PICO_INT64_OPS_COMPILER=1 -DLIB_PICO_MALLOC=1 -DLIB_PICO_MEM_OPS=1 -DLIB_PICO_MEM_OPS_COMPILER=1 -DLIB_PICO_NEWLIB_INTERFACE=1 -DLIB_PICO_PLATFORM=1 -DLIB_PICO_PLATFORM_COMMON=1 -DLIB_PICO_PLATFORM_COMPILER=1 -DLIB_PICO_PLATFORM_PANIC=1 -DLIB_PICO_PLATFORM_SECTIONS=1 -DLIB_PICO_PRINTF=1 -DLIB_PICO_PRINTF_PICO=1 -DLIB_PICO_RUNTIME=1 -DLIB_PICO_RUNTIME_INIT=1 -DLIB_PICO_STANDARD_BINARY_INFO=1 -DLIB_PICO_STANDARD_LINK=1 -DLIB_PICO_STDIO=1 -DLIB_PICO_STDLIB=1 -DLIB_PICO_SYNC=1 -DLIB_PICO_SYNC_CRITICAL_SECTION=1 -DLIB_PICO_SYNC_MUTEX=1 -DLIB_PICO_SYNC_SEM=1 -DLIB_PICO_TIME=1 -DLIB_PICO_TIME_ADAPTER=1 -DLIB_PICO_UNIQUE_ID=1 -DLIB_PICO_UTIL=1 -DLIB_TINYUSB_BOARD=1 -DLIB_TINYUSB_DEVICE=1 -DPICO_32BIT=1 -DPICO_BOARD=\"pico2\" -DPICO_BUILD=1 -DPICO_CMAKE_BUILD_TYPE=\"Release\" -DPICO_COPY_TO_RAM=0 -DPICO_CXX_ENABLE_EXCEPTIONS=0 -DPICO_NO_FLASH=0 -DPICO_NO_HARDWARE=0 -DPICO_ON_DEVICE=1 -DPICO_RP2040_USB_DEVICE_UFRAME_FIX=1 -DPICO_RP2350=1 -DPICO_TARGET_NAME=\"pico_6mic_soundcard\" -DPICO_USE_BLOCKED_RAM=0 -I/home/gpu/het68/build -I/home/gpu/het68 -I/home/gpu/het68/pico-sdk/src/rp2_common/pico_atomic/include -I/home/gpu/het68/pico-sdk/lib/tinyusb/src -I/home/gpu/het68/pico-sdk/src/rp2_common/tinyusb/include -I/home/gpu/het68/pico-sdk/lib/tinyusb/hw -isystem /home/gpu/het68/pico-sdk/src/common/pico_stdlib_headers/include -isystem /home/gpu/het68/pico-sdk/src/rp2_common/hardware_gpio/include -isystem /home/gpu/het68/pico-sdk/src/common/pico_base_headers/include -isystem /home/gpu/het68/build/generated/pico_base -isystem /home/gpu/het68/pico-sdk/src/boards/include -isystem /home/gpu/het68/pico-sdk/src/rp2350/pico_platform/include -isystem /home/gpu/het68/pico-sdk/src/rp2350/hardware_regs/include -isystem /home/gpu/het68/pico-sdk/src/rp2_common/hardware_base/include -isystem /home/gpu/het68/pico-sdk/src/rp2_common/pico_platform_common/include -isystem /home/gpu/het68/pico-sdk/src/rp2_common/pico_platform_compiler/include -isystem /home/gpu/het68/pico-sdk/src/rp2_common/pico_platform_panic/include -isystem /home/gpu/het68/pico-sdk/src/rp2_common/pico_platform_sections/include -isystem /home/gpu/het68/pico-sdk/src/rp2_common/hardware_dcp/include -isystem /home/gpu/het68/pico-sdk/src/rp2350/hardware_structs/include -isystem /home/gpu/het68/pico-sdk/src/rp2_common/hardware_rcp/include -isystem /home/gpu/het68/pico-sdk/src/common/hardware_claim/include -isystem /home/gpu/het68/pico-sdk/src/rp2_common/hardware_sync/include -isystem /home/gpu/het68/pico-sdk/src/rp2_common/hardware_sync_spin_lock/include -isystem /home/gpu/het68/pico-sdk/src/rp2_common/hardware_irq/include -isystem /home/gpu/het68/pico-sdk/src/rp2_common/hardware_uart/include -isystem /home/gpu/het68/pico-sdk/src/rp2_common/hardware_resets/include -isystem /home/gpu/het68/pico-sdk/src/rp2_common/hardware_clocks/include -isystem /home/gpu/het68/pico-sdk/src/rp2_common/hardware_pll/include -isystem /home/gpu/het68/pico-sdk/src/rp2_common/hardware_vreg/include -isystem /home/gpu/het68/pico-sdk/src/rp2_common/hardware_watchdog/include -isystem /home/gpu/het68/pico-sdk/src/rp2_common/hardware_ticks/include -isystem /home/gpu/het68/pico-sdk/src/rp2_common/pico_bootrom/include -isystem /home/gpu/het68/pico-sdk/src/common/boot_picoboot_headers/include -isystem /home/gpu/het68/pico-sdk/src/rp2_common/boot_bootrom_headers/include -isystem /home/gpu/het68/pico-sdk/src/rp2_common/hardware_boot_lock/include -isystem /home/gpu/het68/pico-sdk/src/rp2_common/pico_flash/include -isystem /home/gpu/het68/pico-sdk/src/common/pico_time/include -isystem /home/gpu/het68/pico-sdk/src/rp2_common/hardware_timer/include -isystem /home/gpu/het68/pico-sdk/src/common/pico_sync/include -isystem /home/gpu/het68/pico-sdk/src/common/pico_util/include -isystem /home/gpu/het68/pico-sdk/src/rp2_common/pico_time_adapter/include -isystem /home/gpu/het68/pico-sdk/src/rp2_common/hardware_xosc/include -isystem /home/gpu/het68/pico-sdk/src/rp2_common/hardware_divider/include -isystem /home/gpu/het68/pico-sdk/src/rp2_common/pico_runtime/include -isystem /home/gpu/het68/pico-sdk/src/rp2_common/pico_runtime_init/include -isystem /home/gpu/het68/pico-sdk/src/common/pico_bit_ops_headers/include -isystem /home/gpu/het68/pico-sdk/src/common/pico_divider_headers/include -isystem /home/gpu/het68/pico-sdk/src/rp2_common/pico_double/include -isystem /home/gpu/het68/pico-sdk/src/rp2_common/pico_float/include -isystem /home/gpu/het68/pico-sdk/src/rp2_common/pico_malloc/include -isystem /home/gpu/het68/pico-sdk/src/common/pico_binary_info/include -isystem /home/gpu/het68/pico-sdk/src/rp2_common/pico_printf/include -isystem /home/gpu/het68/pico-sdk/src/rp2_common/pico_stdio/include -isystem /home/gpu/het68/pico-sdk/src/rp2_common/pico_multicore/include -isystem /home/gpu/het68/pico-sdk/src/common/boot_picobin_headers/include -isystem /home/gpu/het68/pico-sdk/src/rp2350/boot_stage2/include -isystem /home/gpu/het68/pico-sdk/src/rp2_common/hardware_pio/include -isystem /home/gpu/het68/pico-sdk/src/rp2_common/hardware_dma/include -isystem /home/gpu/het68/pico-sdk/src/rp2_common/pico_fix/rp2040_usb_device_enumeration/include -isystem /home/gpu/het68/pico-sdk/src/rp2_common/pico_unique_id/include -isystem /home/gpu/het68/pico-sdk/src/rp2_common/hardware_flash/include -isystem /home/gpu/het68/pico-sdk/src/rp2_common/hardware_xip_cache/include -mcpu=cortex-m33 -mthumb -march=armv8-m.main+fp+dsp -mfloat-abi=softfp -mcmse -g -O3 -DNDEBUG -ffunction-sections -fdata-sections -MD -MT CMakeFiles/pico_6mic_soundcard.dir/pico-sdk/src/rp2_common/pico_float/float_math.c.o -MF CMakeFiles/pico_6mic_soundcard.dir/pico-sdk/src/rp2_common/pico_float/float_math.c.o.d -o CMakeFiles/pico_6mic_soundcard.dir/pico-sdk/src/rp2_common/pico_float/float_math.c.o -c /home/gpu/het68/pico-sdk/src/rp2_common/pico_float/float_math.c
/usr/bin/arm-none-eabi-gcc -DCFG_TUSB_DEBUG=0 -DCFG_TUSB_MCU=OPT_MCU_RP2040 -DCFG_TUSB_OS=OPT_OS_PICO -DLIB_BOOT_STAGE2_HEADERS=1 -DLIB_PICO_ATOMIC=1 -DLIB_PICO_BIT_OPS=1 -DLIB_PICO_BIT_OPS_PICO=1 -DLIB_PICO_CLIB_INTERFACE=1 -DLIB_PICO_CRT0=1 -DLIB_PICO_CXX_OPTIONS=1 -DLIB_PICO_DIVIDER=1 -DLIB_PICO_DIVIDER_COMPILER=1 -DLIB_PICO_DOUBLE=1 -DLIB_PICO_DOUBLE_PICO=1 -DLIB_PICO_FIX_RP2040_USB_DEVICE_ENUMERATION=1 -DLIB_PICO_FLASH=1 -DLIB_PICO_FLOAT=1 -DLIB_PICO_FLOAT_PICO=1 -DLIB_PICO_FLOAT_PICO_VFP=1 -DLIB_PICO_INT64_OPS=1 -DLIB_PICO_INT64_OPS_COMPILER=1 -DLIB_PICO_MALLOC=1 -DLIB_PICO_MEM_OPS=1 -DLIB_PICO_MEM_OPS_COMPILER=1 -DLIB_PICO_NEWLIB_INTERFACE=1 -DLIB_PICO_PLATFORM=1 -DLIB_PICO_PLATFORM_COMMON=1 -DLIB_PICO_PLATFORM_COMPILER=1 -DLIB_PICO_PLATFORM_PANIC=1 -DLIB_PICO_PLATFORM_SECTIONS=1 -DLIB_PICO_PRINTF=1 -DLIB_PICO_PRINTF_PICO=1 -DLIB_PICO_RUNTIME=1 -DLIB_PICO_RUNTIME_INIT=1 -DLIB_PICO_STANDARD_BINARY_INFO=1 -DLIB_PICO_STANDARD_LINK=1 -DLIB_PICO_STDIO=1 -DLIB_PICO_STDLIB=1 -DLIB_PICO_SYNC=1 -DLIB_PICO_SYNC_CRITICAL_SECTION=1 -DLIB_PICO_SYNC_MUTEX=1 -DLIB_PICO_SYNC_SEM=1 -DLIB_PICO_TIME=1 -DLIB_PICO_TIME_ADAPTER=1 -DLIB_PICO_UNIQUE_ID=1 -DLIB_PICO_UTIL=1 -DLIB_TINYUSB_BOARD=1 -DLIB_TINYUSB_DEVICE=1 -DPICO_32BIT=1 -DPICO_BOARD=\"pico2\" -DPICO_BUILD=1 -DPICO_CMAKE_BUILD_TYPE=\"Release\" -DPICO_COPY_TO_RAM=0 -DPICO_CXX_ENABLE_EXCEPTIONS=0 -DPICO_NO_FLASH=0 -DPICO_NO_HARDWARE=0 -DPICO_ON_DEVICE=1 -DPICO_RP2040_USB_DEVICE_UFRAME_FIX=1 -DPICO_RP2350=1 -DPICO_TARGET_NAME=\"pico_6mic_soundcard\" -DPICO_USE_BLOCKED_RAM=0 -I/home/gpu/het68/build -I/home/gpu/het68 -I/home/gpu/het68/pico-sdk/src/rp2_common/pico_atomic/include -I/home/gpu/het68/pico-sdk/lib/tinyusb/src -I/home/gpu/het68/pico-sdk/src/rp2_common/tinyusb/include -I/home/gpu/het68/pico-sdk/lib/tinyusb/hw -isystem /home/gpu/het68/pico-sdk/src/common/pico_stdlib_headers/include -isystem /home/gpu/het68/pico-sdk/src/rp2_common/hardware_gpio/include -isystem /home/gpu/het68/pico-sdk/src/common/pico_base_headers/include -isystem /home/gpu/het68/build/generated/pico_base -isystem /home/gpu/het68/pico-sdk/src/boards/include -isystem /home/gpu/het68/pico-sdk/src/rp2350/pico_platform/include -isystem /home/gpu/het68/pico-sdk/src/rp2350/hardware_regs/include -isystem /home/gpu/het68/pico-sdk/src/rp2_common/hardware_base/include -isystem /home/gpu/het68/pico-sdk/src/rp2_common/pico_platform_common/include -isystem /home/gpu/het68/pico-sdk/src/rp2_common/pico_platform_compiler/include -isystem /home/gpu/het68/pico-sdk/src/rp2_common/pico_platform_panic/include -isystem /home/gpu/het68/pico-sdk/src/rp2_common/pico_platform_sections/include -isystem /home/gpu/het68/pico-sdk/src/rp2_common/hardware_dcp/include -isystem /home/gpu/het68/pico-sdk/src/rp2350/hardware_structs/include -isystem /home/gpu/het68/pico-sdk/src/rp2_common/hardware_rcp/include -isystem /home/gpu/het68/pico-sdk/src/common/hardware_claim/include -isystem /home/gpu/het68/pico-sdk/src/rp2_common/hardware_sync/include -isystem /home/gpu/het68/pico-sdk/src/rp2_common/hardware_sync_spin_lock/include -isystem /home/gpu/het68/pico-sdk/src/rp2_common/hardware_irq/include -isystem /home/gpu/het68/pico-sdk/src/rp2_common/hardware_uart/include -isystem /home/gpu/het68/pico-sdk/src/rp2_common/hardware_resets/include -isystem /home/gpu/het68/pico-sdk/src/rp2_common/hardware_clocks/include -isystem /home/gpu/het68/pico-sdk/src/rp2_common/hardware_pll/include -isystem /home/gpu/het68/pico-sdk/src/rp2_common/hardware_vreg/include -isystem /home/gpu/het68/pico-sdk/src/rp2_common/hardware_watchdog/include -isystem /home/gpu/het68/pico-sdk/src/rp2_common/hardware_ticks/include -isystem /home/gpu/het68/pico-sdk/src/rp2_common/pico_bootrom/include -isystem /home/gpu/het68/pico-sdk/src/common/boot_picoboot_headers/include -isystem /home/gpu/het68/pico-sdk/src/rp2_common/boot_bootrom_headers/include -isystem /home/gpu/het68/pico-sdk/src/rp2_common/hardware_boot_lock/include -isystem /home/gpu/het68/pico-sdk/src/rp2_common/pico_flash/include -isystem /home/gpu/het68/pico-sdk/src/common/pico_time/include -isystem /home/gpu/het68/pico-sdk/src/rp2_common/hardware_timer/include -isystem /home/gpu/het68/pico-sdk/src/common/pico_sync/include -isystem /home/gpu/het68/pico-sdk/src/common/pico_util/include -isystem /home/gpu/het68/pico-sdk/src/rp2_common/pico_time_adapter/include -isystem /home/gpu/het68/pico-sdk/src/rp2_common/hardware_xosc/include -isystem /home/gpu/het68/pico-sdk/src/rp2_common/hardware_divider/include -isystem /home/gpu/het68/pico-sdk/src/rp2_common/pico_runtime/include -isystem /home/gpu/het68/pico-sdk/src/rp2_common/pico_runtime_init/include -isystem /home/gpu/het68/pico-sdk/src/common/pico_bit_ops_headers/include -isystem /home/gpu/het68/pico-sdk/src/common/pico_divider_headers/include -isystem /home/gpu/het68/pico-sdk/src/rp2_common/pico_double/include -isystem /home/gpu/het68/pico-sdk/src/rp2_common/pico_float/include -isystem /home/gpu/het68/pico-sdk/src/rp2_common/pico_malloc/include -isystem /home/gpu/het68/pico-sdk/src/common/pico_binary_info/include -isystem /home/gpu/het68/pico-sdk/src/rp2_common/pico_printf/include -isystem /home/gpu/het68/pico-sdk/src/rp2_common/pico_stdio/include -isystem /home/gpu/het68/pico-sdk/src/rp2_common/pico_multicore/include -isystem /home/gpu/het68/pico-sdk/src/common/boot_picobin_headers/include -isystem /home/gpu/het68/pico-sdk/src/rp2350/boot_stage2/include -isystem /home/gpu/het68/pico-sdk/src/rp2_common/hardware_pio/include -isystem /home/gpu/het68/pico-sdk/src/rp2_common/hardware_dma/include -isystem /home/gpu/het68/pico-sdk/src/rp2_common/pico_fix/rp2040_usb_device_enumeration/include -isystem /home/gpu/het68/pico-sdk/src/rp2_common/pico_unique_id/include -isystem /home/gpu/het68/pico-sdk/src/rp2_common/hardware_flash/include -isystem /home/gpu/het68/pico-sdk/src/rp2_common/hardware_xip_cache/include -mcpu=cortex-m33 -mthumb -march=armv8-m.main+fp+dsp -mfloat-abi=softfp -mcmse -g -O3 -DNDEBUG -ffunction-sections -fdata-sections -o CMakeFiles/pico_6mic_soundcard.dir/pico-sdk/src/rp2_common/pico_double/double_fma_dcp.S.o   -c /home/gpu/het68/pico-sdk/src/rp2_common/pico_double/double_fma_dcp.S
[ 67%] Building C object CMakeFiles/pico_6mic_soundcard.dir/pico-sdk/src/rp2_common/pico_malloc/malloc.c.o
/usr/bin/arm-none-eabi-gcc -DCFG_TUSB_DEBUG=0 -DCFG_TUSB_MCU=OPT_MCU_RP2040 -DCFG_TUSB_OS=OPT_OS_PICO -DLIB_BOOT_STAGE2_HEADERS=1 -DLIB_PICO_ATOMIC=1 -DLIB_PICO_BIT_OPS=1 -DLIB_PICO_BIT_OPS_PICO=1 -DLIB_PICO_CLIB_INTERFACE=1 -DLIB_PICO_CRT0=1 -DLIB_PICO_CXX_OPTIONS=1 -DLIB_PICO_DIVIDER=1 -DLIB_PICO_DIVIDER_COMPILER=1 -DLIB_PICO_DOUBLE=1 -DLIB_PICO_DOUBLE_PICO=1 -DLIB_PICO_FIX_RP2040_USB_DEVICE_ENUMERATION=1 -DLIB_PICO_FLASH=1 -DLIB_PICO_FLOAT=1 -DLIB_PICO_FLOAT_PICO=1 -DLIB_PICO_FLOAT_PICO_VFP=1 -DLIB_PICO_INT64_OPS=1 -DLIB_PICO_INT64_OPS_COMPILER=1 -DLIB_PICO_MALLOC=1 -DLIB_PICO_MEM_OPS=1 -DLIB_PICO_MEM_OPS_COMPILER=1 -DLIB_PICO_NEWLIB_INTERFACE=1 -DLIB_PICO_PLATFORM=1 -DLIB_PICO_PLATFORM_COMMON=1 -DLIB_PICO_PLATFORM_COMPILER=1 -DLIB_PICO_PLATFORM_PANIC=1 -DLIB_PICO_PLATFORM_SECTIONS=1 -DLIB_PICO_PRINTF=1 -DLIB_PICO_PRINTF_PICO=1 -DLIB_PICO_RUNTIME=1 -DLIB_PICO_RUNTIME_INIT=1 -DLIB_PICO_STANDARD_BINARY_INFO=1 -DLIB_PICO_STANDARD_LINK=1 -DLIB_PICO_STDIO=1 -DLIB_PICO_STDLIB=1 -DLIB_PICO_SYNC=1 -DLIB_PICO_SYNC_CRITICAL_SECTION=1 -DLIB_PICO_SYNC_MUTEX=1 -DLIB_PICO_SYNC_SEM=1 -DLIB_PICO_TIME=1 -DLIB_PICO_TIME_ADAPTER=1 -DLIB_PICO_UNIQUE_ID=1 -DLIB_PICO_UTIL=1 -DLIB_TINYUSB_BOARD=1 -DLIB_TINYUSB_DEVICE=1 -DPICO_32BIT=1 -DPICO_BOARD=\"pico2\" -DPICO_BUILD=1 -DPICO_CMAKE_BUILD_TYPE=\"Release\" -DPICO_COPY_TO_RAM=0 -DPICO_CXX_ENABLE_EXCEPTIONS=0 -DPICO_NO_FLASH=0 -DPICO_NO_HARDWARE=0 -DPICO_ON_DEVICE=1 -DPICO_RP2040_USB_DEVICE_UFRAME_FIX=1 -DPICO_RP2350=1 -DPICO_TARGET_NAME=\"pico_6mic_soundcard\" -DPICO_USE_BLOCKED_RAM=0 -I/home/gpu/het68/build -I/home/gpu/het68 -I/home/gpu/het68/pico-sdk/src/rp2_common/pico_atomic/include -I/home/gpu/het68/pico-sdk/lib/tinyusb/src -I/home/gpu/het68/pico-sdk/src/rp2_common/tinyusb/include -I/home/gpu/het68/pico-sdk/lib/tinyusb/hw -isystem /home/gpu/het68/pico-sdk/src/common/pico_stdlib_headers/include -isystem /home/gpu/het68/pico-sdk/src/rp2_common/hardware_gpio/include -isystem /home/gpu/het68/pico-sdk/src/common/pico_base_headers/include -isystem /home/gpu/het68/build/generated/pico_base -isystem /home/gpu/het68/pico-sdk/src/boards/include -isystem /home/gpu/het68/pico-sdk/src/rp2350/pico_platform/include -isystem /home/gpu/het68/pico-sdk/src/rp2350/hardware_regs/include -isystem /home/gpu/het68/pico-sdk/src/rp2_common/hardware_base/include -isystem /home/gpu/het68/pico-sdk/src/rp2_common/pico_platform_common/include -isystem /home/gpu/het68/pico-sdk/src/rp2_common/pico_platform_compiler/include -isystem /home/gpu/het68/pico-sdk/src/rp2_common/pico_platform_panic/include -isystem /home/gpu/het68/pico-sdk/src/rp2_common/pico_platform_sections/include -isystem /home/gpu/het68/pico-sdk/src/rp2_common/hardware_dcp/include -isystem /home/gpu/het68/pico-sdk/src/rp2350/hardware_structs/include -isystem /home/gpu/het68/pico-sdk/src/rp2_common/hardware_rcp/include -isystem /home/gpu/het68/pico-sdk/src/common/hardware_claim/include -isystem /home/gpu/het68/pico-sdk/src/rp2_common/hardware_sync/include -isystem /home/gpu/het68/pico-sdk/src/rp2_common/hardware_sync_spin_lock/include -isystem /home/gpu/het68/pico-sdk/src/rp2_common/hardware_irq/include -isystem /home/gpu/het68/pico-sdk/src/rp2_common/hardware_uart/include -isystem /home/gpu/het68/pico-sdk/src/rp2_common/hardware_resets/include -isystem /home/gpu/het68/pico-sdk/src/rp2_common/hardware_clocks/include -isystem /home/gpu/het68/pico-sdk/src/rp2_common/hardware_pll/include -isystem /home/gpu/het68/pico-sdk/src/rp2_common/hardware_vreg/include -isystem /home/gpu/het68/pico-sdk/src/rp2_common/hardware_watchdog/include -isystem /home/gpu/het68/pico-sdk/src/rp2_common/hardware_ticks/include -isystem /home/gpu/het68/pico-sdk/src/rp2_common/pico_bootrom/include -isystem /home/gpu/het68/pico-sdk/src/common/boot_picoboot_headers/include -isystem /home/gpu/het68/pico-sdk/src/rp2_common/boot_bootrom_headers/include -isystem /home/gpu/het68/pico-sdk/src/rp2_common/hardware_boot_lock/include -isystem /home/gpu/het68/pico-sdk/src/rp2_common/pico_flash/include -isystem /home/gpu/het68/pico-sdk/src/common/pico_time/include -isystem /home/gpu/het68/pico-sdk/src/rp2_common/hardware_timer/include -isystem /home/gpu/het68/pico-sdk/src/common/pico_sync/include -isystem /home/gpu/het68/pico-sdk/src/common/pico_util/include -isystem /home/gpu/het68/pico-sdk/src/rp2_common/pico_time_adapter/include -isystem /home/gpu/het68/pico-sdk/src/rp2_common/hardware_xosc/include -isystem /home/gpu/het68/pico-sdk/src/rp2_common/hardware_divider/include -isystem /home/gpu/het68/pico-sdk/src/rp2_common/pico_runtime/include -isystem /home/gpu/het68/pico-sdk/src/rp2_common/pico_runtime_init/include -isystem /home/gpu/het68/pico-sdk/src/common/pico_bit_ops_headers/include -isystem /home/gpu/het68/pico-sdk/src/common/pico_divider_headers/include -isystem /home/gpu/het68/pico-sdk/src/rp2_common/pico_double/include -isystem /home/gpu/het68/pico-sdk/src/rp2_common/pico_float/include -isystem /home/gpu/het68/pico-sdk/src/rp2_common/pico_malloc/include -isystem /home/gpu/het68/pico-sdk/src/common/pico_binary_info/include -isystem /home/gpu/het68/pico-sdk/src/rp2_common/pico_printf/include -isystem /home/gpu/het68/pico-sdk/src/rp2_common/pico_stdio/include -isystem /home/gpu/het68/pico-sdk/src/rp2_common/pico_multicore/include -isystem /home/gpu/het68/pico-sdk/src/common/boot_picobin_headers/include -isystem /home/gpu/het68/pico-sdk/src/rp2350/boot_stage2/include -isystem /home/gpu/het68/pico-sdk/src/rp2_common/hardware_pio/include -isystem /home/gpu/het68/pico-sdk/src/rp2_common/hardware_dma/include -isystem /home/gpu/het68/pico-sdk/src/rp2_common/pico_fix/rp2040_usb_device_enumeration/include -isystem /home/gpu/het68/pico-sdk/src/rp2_common/pico_unique_id/include -isystem /home/gpu/het68/pico-sdk/src/rp2_common/hardware_flash/include -isystem /home/gpu/het68/pico-sdk/src/rp2_common/hardware_xip_cache/include -mcpu=cortex-m33 -mthumb -march=armv8-m.main+fp+dsp -mfloat-abi=softfp -mcmse -g -O3 -DNDEBUG -ffunction-sections -fdata-sections -MD -MT CMakeFiles/pico_6mic_soundcard.dir/pico-sdk/src/rp2_common/pico_malloc/malloc.c.o -MF CMakeFiles/pico_6mic_soundcard.dir/pico-sdk/src/rp2_common/pico_malloc/malloc.c.o.d -o CMakeFiles/pico_6mic_soundcard.dir/pico-sdk/src/rp2_common/pico_malloc/malloc.c.o -c /home/gpu/het68/pico-sdk/src/rp2_common/pico_malloc/malloc.c
[ 68%] Building ASM object CMakeFiles/pico_6mic_soundcard.dir/pico-sdk/src/rp2_common/pico_float/float_common_m33.S.o
[ 69%] Building ASM object CMakeFiles/pico_6mic_soundcard.dir/pico-sdk/src/rp2_common/pico_float/float_sci_m33_vfp.S.o
/usr/bin/arm-none-eabi-gcc -DCFG_TUSB_DEBUG=0 -DCFG_TUSB_MCU=OPT_MCU_RP2040 -DCFG_TUSB_OS=OPT_OS_PICO -DLIB_BOOT_STAGE2_HEADERS=1 -DLIB_PICO_ATOMIC=1 -DLIB_PICO_BIT_OPS=1 -DLIB_PICO_BIT_OPS_PICO=1 -DLIB_PICO_CLIB_INTERFACE=1 -DLIB_PICO_CRT0=1 -DLIB_PICO_CXX_OPTIONS=1 -DLIB_PICO_DIVIDER=1 -DLIB_PICO_DIVIDER_COMPILER=1 -DLIB_PICO_DOUBLE=1 -DLIB_PICO_DOUBLE_PICO=1 -DLIB_PICO_FIX_RP2040_USB_DEVICE_ENUMERATION=1 -DLIB_PICO_FLASH=1 -DLIB_PICO_FLOAT=1 -DLIB_PICO_FLOAT_PICO=1 -DLIB_PICO_FLOAT_PICO_VFP=1 -DLIB_PICO_INT64_OPS=1 -DLIB_PICO_INT64_OPS_COMPILER=1 -DLIB_PICO_MALLOC=1 -DLIB_PICO_MEM_OPS=1 -DLIB_PICO_MEM_OPS_COMPILER=1 -DLIB_PICO_NEWLIB_INTERFACE=1 -DLIB_PICO_PLATFORM=1 -DLIB_PICO_PLATFORM_COMMON=1 -DLIB_PICO_PLATFORM_COMPILER=1 -DLIB_PICO_PLATFORM_PANIC=1 -DLIB_PICO_PLATFORM_SECTIONS=1 -DLIB_PICO_PRINTF=1 -DLIB_PICO_PRINTF_PICO=1 -DLIB_PICO_RUNTIME=1 -DLIB_PICO_RUNTIME_INIT=1 -DLIB_PICO_STANDARD_BINARY_INFO=1 -DLIB_PICO_STANDARD_LINK=1 -DLIB_PICO_STDIO=1 -DLIB_PICO_STDLIB=1 -DLIB_PICO_SYNC=1 -DLIB_PICO_SYNC_CRITICAL_SECTION=1 -DLIB_PICO_SYNC_MUTEX=1 -DLIB_PICO_SYNC_SEM=1 -DLIB_PICO_TIME=1 -DLIB_PICO_TIME_ADAPTER=1 -DLIB_PICO_UNIQUE_ID=1 -DLIB_PICO_UTIL=1 -DLIB_TINYUSB_BOARD=1 -DLIB_TINYUSB_DEVICE=1 -DPICO_32BIT=1 -DPICO_BOARD=\"pico2\" -DPICO_BUILD=1 -DPICO_CMAKE_BUILD_TYPE=\"Release\" -DPICO_COPY_TO_RAM=0 -DPICO_CXX_ENABLE_EXCEPTIONS=0 -DPICO_NO_FLASH=0 -DPICO_NO_HARDWARE=0 -DPICO_ON_DEVICE=1 -DPICO_RP2040_USB_DEVICE_UFRAME_FIX=1 -DPICO_RP2350=1 -DPICO_TARGET_NAME=\"pico_6mic_soundcard\" -DPICO_USE_BLOCKED_RAM=0 -I/home/gpu/het68/build -I/home/gpu/het68 -I/home/gpu/het68/pico-sdk/src/rp2_common/pico_atomic/include -I/home/gpu/het68/pico-sdk/lib/tinyusb/src -I/home/gpu/het68/pico-sdk/src/rp2_common/tinyusb/include -I/home/gpu/het68/pico-sdk/lib/tinyusb/hw -isystem /home/gpu/het68/pico-sdk/src/common/pico_stdlib_headers/include -isystem /home/gpu/het68/pico-sdk/src/rp2_common/hardware_gpio/include -isystem /home/gpu/het68/pico-sdk/src/common/pico_base_headers/include -isystem /home/gpu/het68/build/generated/pico_base -isystem /home/gpu/het68/pico-sdk/src/boards/include -isystem /home/gpu/het68/pico-sdk/src/rp2350/pico_platform/include -isystem /home/gpu/het68/pico-sdk/src/rp2350/hardware_regs/include -isystem /home/gpu/het68/pico-sdk/src/rp2_common/hardware_base/include -isystem /home/gpu/het68/pico-sdk/src/rp2_common/pico_platform_common/include -isystem /home/gpu/het68/pico-sdk/src/rp2_common/pico_platform_compiler/include -isystem /home/gpu/het68/pico-sdk/src/rp2_common/pico_platform_panic/include -isystem /home/gpu/het68/pico-sdk/src/rp2_common/pico_platform_sections/include -isystem /home/gpu/het68/pico-sdk/src/rp2_common/hardware_dcp/include -isystem /home/gpu/het68/pico-sdk/src/rp2350/hardware_structs/include -isystem /home/gpu/het68/pico-sdk/src/rp2_common/hardware_rcp/include -isystem /home/gpu/het68/pico-sdk/src/common/hardware_claim/include -isystem /home/gpu/het68/pico-sdk/src/rp2_common/hardware_sync/include -isystem /home/gpu/het68/pico-sdk/src/rp2_common/hardware_sync_spin_lock/include -isystem /home/gpu/het68/pico-sdk/src/rp2_common/hardware_irq/include -isystem /home/gpu/het68/pico-sdk/src/rp2_common/hardware_uart/include -isystem /home/gpu/het68/pico-sdk/src/rp2_common/hardware_resets/include -isystem /home/gpu/het68/pico-sdk/src/rp2_common/hardware_clocks/include -isystem /home/gpu/het68/pico-sdk/src/rp2_common/hardware_pll/include -isystem /home/gpu/het68/pico-sdk/src/rp2_common/hardware_vreg/include -isystem /home/gpu/het68/pico-sdk/src/rp2_common/hardware_watchdog/include -isystem /home/gpu/het68/pico-sdk/src/rp2_common/hardware_ticks/include -isystem /home/gpu/het68/pico-sdk/src/rp2_common/pico_bootrom/include -isystem /home/gpu/het68/pico-sdk/src/common/boot_picoboot_headers/include -isystem /home/gpu/het68/pico-sdk/src/rp2_common/boot_bootrom_headers/include -isystem /home/gpu/het68/pico-sdk/src/rp2_common/hardware_boot_lock/include -isystem /home/gpu/het68/pico-sdk/src/rp2_common/pico_flash/include -isystem /home/gpu/het68/pico-sdk/src/common/pico_time/include -isystem /home/gpu/het68/pico-sdk/src/rp2_common/hardware_timer/include -isystem /home/gpu/het68/pico-sdk/src/common/pico_sync/include -isystem /home/gpu/het68/pico-sdk/src/common/pico_util/include -isystem /home/gpu/het68/pico-sdk/src/rp2_common/pico_time_adapter/include -isystem /home/gpu/het68/pico-sdk/src/rp2_common/hardware_xosc/include -isystem /home/gpu/het68/pico-sdk/src/rp2_common/hardware_divider/include -isystem /home/gpu/het68/pico-sdk/src/rp2_common/pico_runtime/include -isystem /home/gpu/het68/pico-sdk/src/rp2_common/pico_runtime_init/include -isystem /home/gpu/het68/pico-sdk/src/common/pico_bit_ops_headers/include -isystem /home/gpu/het68/pico-sdk/src/common/pico_divider_headers/include -isystem /home/gpu/het68/pico-sdk/src/rp2_common/pico_double/include -isystem /home/gpu/het68/pico-sdk/src/rp2_common/pico_float/include -isystem /home/gpu/het68/pico-sdk/src/rp2_common/pico_malloc/include -isystem /home/gpu/het68/pico-sdk/src/common/pico_binary_info/include -isystem /home/gpu/het68/pico-sdk/src/rp2_common/pico_printf/include -isystem /home/gpu/het68/pico-sdk/src/rp2_common/pico_stdio/include -isystem /home/gpu/het68/pico-sdk/src/rp2_common/pico_multicore/include -isystem /home/gpu/het68/pico-sdk/src/common/boot_picobin_headers/include -isystem /home/gpu/het68/pico-sdk/src/rp2350/boot_stage2/include -isystem /home/gpu/het68/pico-sdk/src/rp2_common/hardware_pio/include -isystem /home/gpu/het68/pico-sdk/src/rp2_common/hardware_dma/include -isystem /home/gpu/het68/pico-sdk/src/rp2_common/pico_fix/rp2040_usb_device_enumeration/include -isystem /home/gpu/het68/pico-sdk/src/rp2_common/pico_unique_id/include -isystem /home/gpu/het68/pico-sdk/src/rp2_common/hardware_flash/include -isystem /home/gpu/het68/pico-sdk/src/rp2_common/hardware_xip_cache/include -mcpu=cortex-m33 -mthumb -march=armv8-m.main+fp+dsp -mfloat-abi=softfp -mcmse -g -O3 -DNDEBUG -ffunction-sections -fdata-sections -o CMakeFiles/pico_6mic_soundcard.dir/pico-sdk/src/rp2_common/pico_float/float_common_m33.S.o   -c /home/gpu/het68/pico-sdk/src/rp2_common/pico_float/float_common_m33.S
[ 70%] Building CXX object CMakeFiles/pico_6mic_soundcard.dir/pico-sdk/src/rp2_common/pico_cxx_options/new_delete.cpp.o
[ 71%] Building C object CMakeFiles/pico_6mic_soundcard.dir/pico-sdk/src/rp2_common/pico_atomic/atomic.c.o
/usr/bin/arm-none-eabi-gcc -DCFG_TUSB_DEBUG=0 -DCFG_TUSB_MCU=OPT_MCU_RP2040 -DCFG_TUSB_OS=OPT_OS_PICO -DLIB_BOOT_STAGE2_HEADERS=1 -DLIB_PICO_ATOMIC=1 -DLIB_PICO_BIT_OPS=1 -DLIB_PICO_BIT_OPS_PICO=1 -DLIB_PICO_CLIB_INTERFACE=1 -DLIB_PICO_CRT0=1 -DLIB_PICO_CXX_OPTIONS=1 -DLIB_PICO_DIVIDER=1 -DLIB_PICO_DIVIDER_COMPILER=1 -DLIB_PICO_DOUBLE=1 -DLIB_PICO_DOUBLE_PICO=1 -DLIB_PICO_FIX_RP2040_USB_DEVICE_ENUMERATION=1 -DLIB_PICO_FLASH=1 -DLIB_PICO_FLOAT=1 -DLIB_PICO_FLOAT_PICO=1 -DLIB_PICO_FLOAT_PICO_VFP=1 -DLIB_PICO_INT64_OPS=1 -DLIB_PICO_INT64_OPS_COMPILER=1 -DLIB_PICO_MALLOC=1 -DLIB_PICO_MEM_OPS=1 -DLIB_PICO_MEM_OPS_COMPILER=1 -DLIB_PICO_NEWLIB_INTERFACE=1 -DLIB_PICO_PLATFORM=1 -DLIB_PICO_PLATFORM_COMMON=1 -DLIB_PICO_PLATFORM_COMPILER=1 -DLIB_PICO_PLATFORM_PANIC=1 -DLIB_PICO_PLATFORM_SECTIONS=1 -DLIB_PICO_PRINTF=1 -DLIB_PICO_PRINTF_PICO=1 -DLIB_PICO_RUNTIME=1 -DLIB_PICO_RUNTIME_INIT=1 -DLIB_PICO_STANDARD_BINARY_INFO=1 -DLIB_PICO_STANDARD_LINK=1 -DLIB_PICO_STDIO=1 -DLIB_PICO_STDLIB=1 -DLIB_PICO_SYNC=1 -DLIB_PICO_SYNC_CRITICAL_SECTION=1 -DLIB_PICO_SYNC_MUTEX=1 -DLIB_PICO_SYNC_SEM=1 -DLIB_PICO_TIME=1 -DLIB_PICO_TIME_ADAPTER=1 -DLIB_PICO_UNIQUE_ID=1 -DLIB_PICO_UTIL=1 -DLIB_TINYUSB_BOARD=1 -DLIB_TINYUSB_DEVICE=1 -DPICO_32BIT=1 -DPICO_BOARD=\"pico2\" -DPICO_BUILD=1 -DPICO_CMAKE_BUILD_TYPE=\"Release\" -DPICO_COPY_TO_RAM=0 -DPICO_CXX_ENABLE_EXCEPTIONS=0 -DPICO_NO_FLASH=0 -DPICO_NO_HARDWARE=0 -DPICO_ON_DEVICE=1 -DPICO_RP2040_USB_DEVICE_UFRAME_FIX=1 -DPICO_RP2350=1 -DPICO_TARGET_NAME=\"pico_6mic_soundcard\" -DPICO_USE_BLOCKED_RAM=0 -I/home/gpu/het68/build -I/home/gpu/het68 -I/home/gpu/het68/pico-sdk/src/rp2_common/pico_atomic/include -I/home/gpu/het68/pico-sdk/lib/tinyusb/src -I/home/gpu/het68/pico-sdk/src/rp2_common/tinyusb/include -I/home/gpu/het68/pico-sdk/lib/tinyusb/hw -isystem /home/gpu/het68/pico-sdk/src/common/pico_stdlib_headers/include -isystem /home/gpu/het68/pico-sdk/src/rp2_common/hardware_gpio/include -isystem /home/gpu/het68/pico-sdk/src/common/pico_base_headers/include -isystem /home/gpu/het68/build/generated/pico_base -isystem /home/gpu/het68/pico-sdk/src/boards/include -isystem /home/gpu/het68/pico-sdk/src/rp2350/pico_platform/include -isystem /home/gpu/het68/pico-sdk/src/rp2350/hardware_regs/include -isystem /home/gpu/het68/pico-sdk/src/rp2_common/hardware_base/include -isystem /home/gpu/het68/pico-sdk/src/rp2_common/pico_platform_common/include -isystem /home/gpu/het68/pico-sdk/src/rp2_common/pico_platform_compiler/include -isystem /home/gpu/het68/pico-sdk/src/rp2_common/pico_platform_panic/include -isystem /home/gpu/het68/pico-sdk/src/rp2_common/pico_platform_sections/include -isystem /home/gpu/het68/pico-sdk/src/rp2_common/hardware_dcp/include -isystem /home/gpu/het68/pico-sdk/src/rp2350/hardware_structs/include -isystem /home/gpu/het68/pico-sdk/src/rp2_common/hardware_rcp/include -isystem /home/gpu/het68/pico-sdk/src/common/hardware_claim/include -isystem /home/gpu/het68/pico-sdk/src/rp2_common/hardware_sync/include -isystem /home/gpu/het68/pico-sdk/src/rp2_common/hardware_sync_spin_lock/include -isystem /home/gpu/het68/pico-sdk/src/rp2_common/hardware_irq/include -isystem /home/gpu/het68/pico-sdk/src/rp2_common/hardware_uart/include -isystem /home/gpu/het68/pico-sdk/src/rp2_common/hardware_resets/include -isystem /home/gpu/het68/pico-sdk/src/rp2_common/hardware_clocks/include -isystem /home/gpu/het68/pico-sdk/src/rp2_common/hardware_pll/include -isystem /home/gpu/het68/pico-sdk/src/rp2_common/hardware_vreg/include -isystem /home/gpu/het68/pico-sdk/src/rp2_common/hardware_watchdog/include -isystem /home/gpu/het68/pico-sdk/src/rp2_common/hardware_ticks/include -isystem /home/gpu/het68/pico-sdk/src/rp2_common/pico_bootrom/include -isystem /home/gpu/het68/pico-sdk/src/common/boot_picoboot_headers/include -isystem /home/gpu/het68/pico-sdk/src/rp2_common/boot_bootrom_headers/include -isystem /home/gpu/het68/pico-sdk/src/rp2_common/hardware_boot_lock/include -isystem /home/gpu/het68/pico-sdk/src/rp2_common/pico_flash/include -isystem /home/gpu/het68/pico-sdk/src/common/pico_time/include -isystem /home/gpu/het68/pico-sdk/src/rp2_common/hardware_timer/include -isystem /home/gpu/het68/pico-sdk/src/common/pico_sync/include -isystem /home/gpu/het68/pico-sdk/src/common/pico_util/include -isystem /home/gpu/het68/pico-sdk/src/rp2_common/pico_time_adapter/include -isystem /home/gpu/het68/pico-sdk/src/rp2_common/hardware_xosc/include -isystem /home/gpu/het68/pico-sdk/src/rp2_common/hardware_divider/include -isystem /home/gpu/het68/pico-sdk/src/rp2_common/pico_runtime/include -isystem /home/gpu/het68/pico-sdk/src/rp2_common/pico_runtime_init/include -isystem /home/gpu/het68/pico-sdk/src/common/pico_bit_ops_headers/include -isystem /home/gpu/het68/pico-sdk/src/common/pico_divider_headers/include -isystem /home/gpu/het68/pico-sdk/src/rp2_common/pico_double/include -isystem /home/gpu/het68/pico-sdk/src/rp2_common/pico_float/include -isystem /home/gpu/het68/pico-sdk/src/rp2_common/pico_malloc/include -isystem /home/gpu/het68/pico-sdk/src/common/pico_binary_info/include -isystem /home/gpu/het68/pico-sdk/src/rp2_common/pico_printf/include -isystem /home/gpu/het68/pico-sdk/src/rp2_common/pico_stdio/include -isystem /home/gpu/het68/pico-sdk/src/rp2_common/pico_multicore/include -isystem /home/gpu/het68/pico-sdk/src/common/boot_picobin_headers/include -isystem /home/gpu/het68/pico-sdk/src/rp2350/boot_stage2/include -isystem /home/gpu/het68/pico-sdk/src/rp2_common/hardware_pio/include -isystem /home/gpu/het68/pico-sdk/src/rp2_common/hardware_dma/include -isystem /home/gpu/het68/pico-sdk/src/rp2_common/pico_fix/rp2040_usb_device_enumeration/include -isystem /home/gpu/het68/pico-sdk/src/rp2_common/pico_unique_id/include -isystem /home/gpu/het68/pico-sdk/src/rp2_common/hardware_flash/include -isystem /home/gpu/het68/pico-sdk/src/rp2_common/hardware_xip_cache/include -mcpu=cortex-m33 -mthumb -march=armv8-m.main+fp+dsp -mfloat-abi=softfp -mcmse -g -O3 -DNDEBUG -ffunction-sections -fdata-sections -MD -MT CMakeFiles/pico_6mic_soundcard.dir/pico-sdk/src/rp2_common/pico_atomic/atomic.c.o -MF CMakeFiles/pico_6mic_soundcard.dir/pico-sdk/src/rp2_common/pico_atomic/atomic.c.o.d -o CMakeFiles/pico_6mic_soundcard.dir/pico-sdk/src/rp2_common/pico_atomic/atomic.c.o -c /home/gpu/het68/pico-sdk/src/rp2_common/pico_atomic/atomic.c
[ 72%] Building C object CMakeFiles/pico_6mic_soundcard.dir/pico-sdk/lib/tinyusb/src/class/audio/audio_device.c.o
/usr/bin/arm-none-eabi-g++ -DCFG_TUSB_DEBUG=0 -DCFG_TUSB_MCU=OPT_MCU_RP2040 -DCFG_TUSB_OS=OPT_OS_PICO -DLIB_BOOT_STAGE2_HEADERS=1 -DLIB_PICO_ATOMIC=1 -DLIB_PICO_BIT_OPS=1 -DLIB_PICO_BIT_OPS_PICO=1 -DLIB_PICO_CLIB_INTERFACE=1 -DLIB_PICO_CRT0=1 -DLIB_PICO_CXX_OPTIONS=1 -DLIB_PICO_DIVIDER=1 -DLIB_PICO_DIVIDER_COMPILER=1 -DLIB_PICO_DOUBLE=1 -DLIB_PICO_DOUBLE_PICO=1 -DLIB_PICO_FIX_RP2040_USB_DEVICE_ENUMERATION=1 -DLIB_PICO_FLASH=1 -DLIB_PICO_FLOAT=1 -DLIB_PICO_FLOAT_PICO=1 -DLIB_PICO_FLOAT_PICO_VFP=1 -DLIB_PICO_INT64_OPS=1 -DLIB_PICO_INT64_OPS_COMPILER=1 -DLIB_PICO_MALLOC=1 -DLIB_PICO_MEM_OPS=1 -DLIB_PICO_MEM_OPS_COMPILER=1 -DLIB_PICO_NEWLIB_INTERFACE=1 -DLIB_PICO_PLATFORM=1 -DLIB_PICO_PLATFORM_COMMON=1 -DLIB_PICO_PLATFORM_COMPILER=1 -DLIB_PICO_PLATFORM_PANIC=1 -DLIB_PICO_PLATFORM_SECTIONS=1 -DLIB_PICO_PRINTF=1 -DLIB_PICO_PRINTF_PICO=1 -DLIB_PICO_RUNTIME=1 -DLIB_PICO_RUNTIME_INIT=1 -DLIB_PICO_STANDARD_BINARY_INFO=1 -DLIB_PICO_STANDARD_LINK=1 -DLIB_PICO_STDIO=1 -DLIB_PICO_STDLIB=1 -DLIB_PICO_SYNC=1 -DLIB_PICO_SYNC_CRITICAL_SECTION=1 -DLIB_PICO_SYNC_MUTEX=1 -DLIB_PICO_SYNC_SEM=1 -DLIB_PICO_TIME=1 -DLIB_PICO_TIME_ADAPTER=1 -DLIB_PICO_UNIQUE_ID=1 -DLIB_PICO_UTIL=1 -DLIB_TINYUSB_BOARD=1 -DLIB_TINYUSB_DEVICE=1 -DPICO_32BIT=1 -DPICO_BOARD=\"pico2\" -DPICO_BUILD=1 -DPICO_CMAKE_BUILD_TYPE=\"Release\" -DPICO_COPY_TO_RAM=0 -DPICO_CXX_ENABLE_EXCEPTIONS=0 -DPICO_NO_FLASH=0 -DPICO_NO_HARDWARE=0 -DPICO_ON_DEVICE=1 -DPICO_RP2040_USB_DEVICE_UFRAME_FIX=1 -DPICO_RP2350=1 -DPICO_TARGET_NAME=\"pico_6mic_soundcard\" -DPICO_USE_BLOCKED_RAM=0 -I/home/gpu/het68/build -I/home/gpu/het68 -I/home/gpu/het68/pico-sdk/src/rp2_common/pico_atomic/include -I/home/gpu/het68/pico-sdk/lib/tinyusb/src -I/home/gpu/het68/pico-sdk/src/rp2_common/tinyusb/include -I/home/gpu/het68/pico-sdk/lib/tinyusb/hw -isystem /home/gpu/het68/pico-sdk/src/common/pico_stdlib_headers/include -isystem /home/gpu/het68/pico-sdk/src/rp2_common/hardware_gpio/include -isystem /home/gpu/het68/pico-sdk/src/common/pico_base_headers/include -isystem /home/gpu/het68/build/generated/pico_base -isystem /home/gpu/het68/pico-sdk/src/boards/include -isystem /home/gpu/het68/pico-sdk/src/rp2350/pico_platform/include -isystem /home/gpu/het68/pico-sdk/src/rp2350/hardware_regs/include -isystem /home/gpu/het68/pico-sdk/src/rp2_common/hardware_base/include -isystem /home/gpu/het68/pico-sdk/src/rp2_common/pico_platform_common/include -isystem /home/gpu/het68/pico-sdk/src/rp2_common/pico_platform_compiler/include -isystem /home/gpu/het68/pico-sdk/src/rp2_common/pico_platform_panic/include -isystem /home/gpu/het68/pico-sdk/src/rp2_common/pico_platform_sections/include -isystem /home/gpu/het68/pico-sdk/src/rp2_common/hardware_dcp/include -isystem /home/gpu/het68/pico-sdk/src/rp2350/hardware_structs/include -isystem /home/gpu/het68/pico-sdk/src/rp2_common/hardware_rcp/include -isystem /home/gpu/het68/pico-sdk/src/common/hardware_claim/include -isystem /home/gpu/het68/pico-sdk/src/rp2_common/hardware_sync/include -isystem /home/gpu/het68/pico-sdk/src/rp2_common/hardware_sync_spin_lock/include -isystem /home/gpu/het68/pico-sdk/src/rp2_common/hardware_irq/include -isystem /home/gpu/het68/pico-sdk/src/rp2_common/hardware_uart/include -isystem /home/gpu/het68/pico-sdk/src/rp2_common/hardware_resets/include -isystem /home/gpu/het68/pico-sdk/src/rp2_common/hardware_clocks/include -isystem /home/gpu/het68/pico-sdk/src/rp2_common/hardware_pll/include -isystem /home/gpu/het68/pico-sdk/src/rp2_common/hardware_vreg/include -isystem /home/gpu/het68/pico-sdk/src/rp2_common/hardware_watchdog/include -isystem /home/gpu/het68/pico-sdk/src/rp2_common/hardware_ticks/include -isystem /home/gpu/het68/pico-sdk/src/rp2_common/pico_bootrom/include -isystem /home/gpu/het68/pico-sdk/src/common/boot_picoboot_headers/include -isystem /home/gpu/het68/pico-sdk/src/rp2_common/boot_bootrom_headers/include -isystem /home/gpu/het68/pico-sdk/src/rp2_common/hardware_boot_lock/include -isystem /home/gpu/het68/pico-sdk/src/rp2_common/pico_flash/include -isystem /home/gpu/het68/pico-sdk/src/common/pico_time/include -isystem /home/gpu/het68/pico-sdk/src/rp2_common/hardware_timer/include -isystem /home/gpu/het68/pico-sdk/src/common/pico_sync/include -isystem /home/gpu/het68/pico-sdk/src/common/pico_util/include -isystem /home/gpu/het68/pico-sdk/src/rp2_common/pico_time_adapter/include -isystem /home/gpu/het68/pico-sdk/src/rp2_common/hardware_xosc/include -isystem /home/gpu/het68/pico-sdk/src/rp2_common/hardware_divider/include -isystem /home/gpu/het68/pico-sdk/src/rp2_common/pico_runtime/include -isystem /home/gpu/het68/pico-sdk/src/rp2_common/pico_runtime_init/include -isystem /home/gpu/het68/pico-sdk/src/common/pico_bit_ops_headers/include -isystem /home/gpu/het68/pico-sdk/src/common/pico_divider_headers/include -isystem /home/gpu/het68/pico-sdk/src/rp2_common/pico_double/include -isystem /home/gpu/het68/pico-sdk/src/rp2_common/pico_float/include -isystem /home/gpu/het68/pico-sdk/src/rp2_common/pico_malloc/include -isystem /home/gpu/het68/pico-sdk/src/common/pico_binary_info/include -isystem /home/gpu/het68/pico-sdk/src/rp2_common/pico_printf/include -isystem /home/gpu/het68/pico-sdk/src/rp2_common/pico_stdio/include -isystem /home/gpu/het68/pico-sdk/src/rp2_common/pico_multicore/include -isystem /home/gpu/het68/pico-sdk/src/common/boot_picobin_headers/include -isystem /home/gpu/het68/pico-sdk/src/rp2350/boot_stage2/include -isystem /home/gpu/het68/pico-sdk/src/rp2_common/hardware_pio/include -isystem /home/gpu/het68/pico-sdk/src/rp2_common/hardware_dma/include -isystem /home/gpu/het68/pico-sdk/src/rp2_common/pico_fix/rp2040_usb_device_enumeration/include -isystem /home/gpu/het68/pico-sdk/src/rp2_common/pico_unique_id/include -isystem /home/gpu/het68/pico-sdk/src/rp2_common/hardware_flash/include -isystem /home/gpu/het68/pico-sdk/src/rp2_common/hardware_xip_cache/include -mcpu=cortex-m33 -mthumb -march=armv8-m.main+fp+dsp -mfloat-abi=softfp -mcmse -g -O3 -DNDEBUG -fno-exceptions -fno-unwind-tables -fno-rtti -fno-use-cxa-atexit -ffunction-sections -fdata-sections -MD -MT CMakeFiles/pico_6mic_soundcard.dir/pico-sdk/src/rp2_common/pico_cxx_options/new_delete.cpp.o -MF CMakeFiles/pico_6mic_soundcard.dir/pico-sdk/src/rp2_common/pico_cxx_options/new_delete.cpp.o.d -o CMakeFiles/pico_6mic_soundcard.dir/pico-sdk/src/rp2_common/pico_cxx_options/new_delete.cpp.o -c /home/gpu/het68/pico-sdk/src/rp2_common/pico_cxx_options/new_delete.cpp
[ 72%] Building C object CMakeFiles/pico_6mic_soundcard.dir/pico-sdk/src/rp2_common/pico_printf/printf.c.o
[ 73%] Building ASM object CMakeFiles/pico_6mic_soundcard.dir/pico-sdk/src/rp2_common/pico_crt0/crt0.S.o
[ 75%] Building C object CMakeFiles/pico_6mic_soundcard.dir/pico-sdk/src/rp2_common/pico_standard_binary_info/standard_binary_info.c.o
[ 77%] Building C object CMakeFiles/pico_6mic_soundcard.dir/pico-sdk/lib/tinyusb/src/device/usbd_control.c.o
/usr/bin/arm-none-eabi-gcc -DCFG_TUSB_DEBUG=0 -DCFG_TUSB_MCU=OPT_MCU_RP2040 -DCFG_TUSB_OS=OPT_OS_PICO -DLIB_BOOT_STAGE2_HEADERS=1 -DLIB_PICO_ATOMIC=1 -DLIB_PICO_BIT_OPS=1 -DLIB_PICO_BIT_OPS_PICO=1 -DLIB_PICO_CLIB_INTERFACE=1 -DLIB_PICO_CRT0=1 -DLIB_PICO_CXX_OPTIONS=1 -DLIB_PICO_DIVIDER=1 -DLIB_PICO_DIVIDER_COMPILER=1 -DLIB_PICO_DOUBLE=1 -DLIB_PICO_DOUBLE_PICO=1 -DLIB_PICO_FIX_RP2040_USB_DEVICE_ENUMERATION=1 -DLIB_PICO_FLASH=1 -DLIB_PICO_FLOAT=1 -DLIB_PICO_FLOAT_PICO=1 -DLIB_PICO_FLOAT_PICO_VFP=1 -DLIB_PICO_INT64_OPS=1 -DLIB_PICO_INT64_OPS_COMPILER=1 -DLIB_PICO_MALLOC=1 -DLIB_PICO_MEM_OPS=1 -DLIB_PICO_MEM_OPS_COMPILER=1 -DLIB_PICO_NEWLIB_INTERFACE=1 -DLIB_PICO_PLATFORM=1 -DLIB_PICO_PLATFORM_COMMON=1 -DLIB_PICO_PLATFORM_COMPILER=1 -DLIB_PICO_PLATFORM_PANIC=1 -DLIB_PICO_PLATFORM_SECTIONS=1 -DLIB_PICO_PRINTF=1 -DLIB_PICO_PRINTF_PICO=1 -DLIB_PICO_RUNTIME=1 -DLIB_PICO_RUNTIME_INIT=1 -DLIB_PICO_STANDARD_BINARY_INFO=1 -DLIB_PICO_STANDARD_LINK=1 -DLIB_PICO_STDIO=1 -DLIB_PICO_STDLIB=1 -DLIB_PICO_SYNC=1 -DLIB_PICO_SYNC_CRITICAL_SECTION=1 -DLIB_PICO_SYNC_MUTEX=1 -DLIB_PICO_SYNC_SEM=1 -DLIB_PICO_TIME=1 -DLIB_PICO_TIME_ADAPTER=1 -DLIB_PICO_UNIQUE_ID=1 -DLIB_PICO_UTIL=1 -DLIB_TINYUSB_BOARD=1 -DLIB_TINYUSB_DEVICE=1 -DPICO_32BIT=1 -DPICO_BOARD=\"pico2\" -DPICO_BUILD=1 -DPICO_CMAKE_BUILD_TYPE=\"Release\" -DPICO_COPY_TO_RAM=0 -DPICO_CXX_ENABLE_EXCEPTIONS=0 -DPICO_NO_FLASH=0 -DPICO_NO_HARDWARE=0 -DPICO_ON_DEVICE=1 -DPICO_RP2040_USB_DEVICE_UFRAME_FIX=1 -DPICO_RP2350=1 -DPICO_TARGET_NAME=\"pico_6mic_soundcard\" -DPICO_USE_BLOCKED_RAM=0 -I/home/gpu/het68/build -I/home/gpu/het68 -I/home/gpu/het68/pico-sdk/src/rp2_common/pico_atomic/include -I/home/gpu/het68/pico-sdk/lib/tinyusb/src -I/home/gpu/het68/pico-sdk/src/rp2_common/tinyusb/include -I/home/gpu/het68/pico-sdk/lib/tinyusb/hw -isystem /home/gpu/het68/pico-sdk/src/common/pico_stdlib_headers/include -isystem /home/gpu/het68/pico-sdk/src/rp2_common/hardware_gpio/include -isystem /home/gpu/het68/pico-sdk/src/common/pico_base_headers/include -isystem /home/gpu/het68/build/generated/pico_base -isystem /home/gpu/het68/pico-sdk/src/boards/include -isystem /home/gpu/het68/pico-sdk/src/rp2350/pico_platform/include -isystem /home/gpu/het68/pico-sdk/src/rp2350/hardware_regs/include -isystem /home/gpu/het68/pico-sdk/src/rp2_common/hardware_base/include -isystem /home/gpu/het68/pico-sdk/src/rp2_common/pico_platform_common/include -isystem /home/gpu/het68/pico-sdk/src/rp2_common/pico_platform_compiler/include -isystem /home/gpu/het68/pico-sdk/src/rp2_common/pico_platform_panic/include -isystem /home/gpu/het68/pico-sdk/src/rp2_common/pico_platform_sections/include -isystem /home/gpu/het68/pico-sdk/src/rp2_common/hardware_dcp/include -isystem /home/gpu/het68/pico-sdk/src/rp2350/hardware_structs/include -isystem /home/gpu/het68/pico-sdk/src/rp2_common/hardware_rcp/include -isystem /home/gpu/het68/pico-sdk/src/common/hardware_claim/include -isystem /home/gpu/het68/pico-sdk/src/rp2_common/hardware_sync/include -isystem /home/gpu/het68/pico-sdk/src/rp2_common/hardware_sync_spin_lock/include -isystem /home/gpu/het68/pico-sdk/src/rp2_common/hardware_irq/include -isystem /home/gpu/het68/pico-sdk/src/rp2_common/hardware_uart/include -isystem /home/gpu/het68/pico-sdk/src/rp2_common/hardware_resets/include -isystem /home/gpu/het68/pico-sdk/src/rp2_common/hardware_clocks/include -isystem /home/gpu/het68/pico-sdk/src/rp2_common/hardware_pll/include -isystem /home/gpu/het68/pico-sdk/src/rp2_common/hardware_vreg/include -isystem /home/gpu/het68/pico-sdk/src/rp2_common/hardware_watchdog/include -isystem /home/gpu/het68/pico-sdk/src/rp2_common/hardware_ticks/include -isystem /home/gpu/het68/pico-sdk/src/rp2_common/pico_bootrom/include -isystem /home/gpu/het68/pico-sdk/src/common/boot_picoboot_headers/include -isystem /home/gpu/het68/pico-sdk/src/rp2_common/boot_bootrom_headers/include -isystem /home/gpu/het68/pico-sdk/src/rp2_common/hardware_boot_lock/include -isystem /home/gpu/het68/pico-sdk/src/rp2_common/pico_flash/include -isystem /home/gpu/het68/pico-sdk/src/common/pico_time/include -isystem /home/gpu/het68/pico-sdk/src/rp2_common/hardware_timer/include -isystem /home/gpu/het68/pico-sdk/src/common/pico_sync/include -isystem /home/gpu/het68/pico-sdk/src/common/pico_util/include -isystem /home/gpu/het68/pico-sdk/src/rp2_common/pico_time_adapter/include -isystem /home/gpu/het68/pico-sdk/src/rp2_common/hardware_xosc/include -isystem /home/gpu/het68/pico-sdk/src/rp2_common/hardware_divider/include -isystem /home/gpu/het68/pico-sdk/src/rp2_common/pico_runtime/include -isystem /home/gpu/het68/pico-sdk/src/rp2_common/pico_runtime_init/include -isystem /home/gpu/het68/pico-sdk/src/common/pico_bit_ops_headers/include -isystem /home/gpu/het68/pico-sdk/src/common/pico_divider_headers/include -isystem /home/gpu/het68/pico-sdk/src/rp2_common/pico_double/include -isystem /home/gpu/het68/pico-sdk/src/rp2_common/pico_float/include -isystem /home/gpu/het68/pico-sdk/src/rp2_common/pico_malloc/include -isystem /home/gpu/het68/pico-sdk/src/common/pico_binary_info/include -isystem /home/gpu/het68/pico-sdk/src/rp2_common/pico_printf/include -isystem /home/gpu/het68/pico-sdk/src/rp2_common/pico_stdio/include -isystem /home/gpu/het68/pico-sdk/src/rp2_common/pico_multicore/include -isystem /home/gpu/het68/pico-sdk/src/common/boot_picobin_headers/include -isystem /home/gpu/het68/pico-sdk/src/rp2350/boot_stage2/include -isystem /home/gpu/het68/pico-sdk/src/rp2_common/hardware_pio/include -isystem /home/gpu/het68/pico-sdk/src/rp2_common/hardware_dma/include -isystem /home/gpu/het68/pico-sdk/src/rp2_common/pico_fix/rp2040_usb_device_enumeration/include -isystem /home/gpu/het68/pico-sdk/src/rp2_common/pico_unique_id/include -isystem /home/gpu/het68/pico-sdk/src/rp2_common/hardware_flash/include -isystem /home/gpu/het68/pico-sdk/src/rp2_common/hardware_xip_cache/include -mcpu=cortex-m33 -mthumb -march=armv8-m.main+fp+dsp -mfloat-abi=softfp -mcmse -g -O3 -DNDEBUG -ffunction-sections -fdata-sections -o CMakeFiles/pico_6mic_soundcard.dir/pico-sdk/src/rp2_common/pico_crt0/crt0.S.o   -c /home/gpu/het68/pico-sdk/src/rp2_common/pico_crt0/crt0.S
[ 79%] Building C object CMakeFiles/pico_6mic_soundcard.dir/pico-sdk/src/rp2_common/pico_stdio/stdio.c.o
/usr/bin/arm-none-eabi-gcc -DCFG_TUSB_DEBUG=0 -DCFG_TUSB_MCU=OPT_MCU_RP2040 -DCFG_TUSB_OS=OPT_OS_PICO -DLIB_BOOT_STAGE2_HEADERS=1 -DLIB_PICO_ATOMIC=1 -DLIB_PICO_BIT_OPS=1 -DLIB_PICO_BIT_OPS_PICO=1 -DLIB_PICO_CLIB_INTERFACE=1 -DLIB_PICO_CRT0=1 -DLIB_PICO_CXX_OPTIONS=1 -DLIB_PICO_DIVIDER=1 -DLIB_PICO_DIVIDER_COMPILER=1 -DLIB_PICO_DOUBLE=1 -DLIB_PICO_DOUBLE_PICO=1 -DLIB_PICO_FIX_RP2040_USB_DEVICE_ENUMERATION=1 -DLIB_PICO_FLASH=1 -DLIB_PICO_FLOAT=1 -DLIB_PICO_FLOAT_PICO=1 -DLIB_PICO_FLOAT_PICO_VFP=1 -DLIB_PICO_INT64_OPS=1 -DLIB_PICO_INT64_OPS_COMPILER=1 -DLIB_PICO_MALLOC=1 -DLIB_PICO_MEM_OPS=1 -DLIB_PICO_MEM_OPS_COMPILER=1 -DLIB_PICO_NEWLIB_INTERFACE=1 -DLIB_PICO_PLATFORM=1 -DLIB_PICO_PLATFORM_COMMON=1 -DLIB_PICO_PLATFORM_COMPILER=1 -DLIB_PICO_PLATFORM_PANIC=1 -DLIB_PICO_PLATFORM_SECTIONS=1 -DLIB_PICO_PRINTF=1 -DLIB_PICO_PRINTF_PICO=1 -DLIB_PICO_RUNTIME=1 -DLIB_PICO_RUNTIME_INIT=1 -DLIB_PICO_STANDARD_BINARY_INFO=1 -DLIB_PICO_STANDARD_LINK=1 -DLIB_PICO_STDIO=1 -DLIB_PICO_STDLIB=1 -DLIB_PICO_SYNC=1 -DLIB_PICO_SYNC_CRITICAL_SECTION=1 -DLIB_PICO_SYNC_MUTEX=1 -DLIB_PICO_SYNC_SEM=1 -DLIB_PICO_TIME=1 -DLIB_PICO_TIME_ADAPTER=1 -DLIB_PICO_UNIQUE_ID=1 -DLIB_PICO_UTIL=1 -DLIB_TINYUSB_BOARD=1 -DLIB_TINYUSB_DEVICE=1 -DPICO_32BIT=1 -DPICO_BOARD=\"pico2\" -DPICO_BUILD=1 -DPICO_CMAKE_BUILD_TYPE=\"Release\" -DPICO_COPY_TO_RAM=0 -DPICO_CXX_ENABLE_EXCEPTIONS=0 -DPICO_NO_FLASH=0 -DPICO_NO_HARDWARE=0 -DPICO_ON_DEVICE=1 -DPICO_RP2040_USB_DEVICE_UFRAME_FIX=1 -DPICO_RP2350=1 -DPICO_TARGET_NAME=\"pico_6mic_soundcard\" -DPICO_USE_BLOCKED_RAM=0 -I/home/gpu/het68/build -I/home/gpu/het68 -I/home/gpu/het68/pico-sdk/src/rp2_common/pico_atomic/include -I/home/gpu/het68/pico-sdk/lib/tinyusb/src -I/home/gpu/het68/pico-sdk/src/rp2_common/tinyusb/include -I/home/gpu/het68/pico-sdk/lib/tinyusb/hw -isystem /home/gpu/het68/pico-sdk/src/common/pico_stdlib_headers/include -isystem /home/gpu/het68/pico-sdk/src/rp2_common/hardware_gpio/include -isystem /home/gpu/het68/pico-sdk/src/common/pico_base_headers/include -isystem /home/gpu/het68/build/generated/pico_base -isystem /home/gpu/het68/pico-sdk/src/boards/include -isystem /home/gpu/het68/pico-sdk/src/rp2350/pico_platform/include -isystem /home/gpu/het68/pico-sdk/src/rp2350/hardware_regs/include -isystem /home/gpu/het68/pico-sdk/src/rp2_common/hardware_base/include -isystem /home/gpu/het68/pico-sdk/src/rp2_common/pico_platform_common/include -isystem /home/gpu/het68/pico-sdk/src/rp2_common/pico_platform_compiler/include -isystem /home/gpu/het68/pico-sdk/src/rp2_common/pico_platform_panic/include -isystem /home/gpu/het68/pico-sdk/src/rp2_common/pico_platform_sections/include -isystem /home/gpu/het68/pico-sdk/src/rp2_common/hardware_dcp/include -isystem /home/gpu/het68/pico-sdk/src/rp2350/hardware_structs/include -isystem /home/gpu/het68/pico-sdk/src/rp2_common/hardware_rcp/include -isystem /home/gpu/het68/pico-sdk/src/common/hardware_claim/include -isystem /home/gpu/het68/pico-sdk/src/rp2_common/hardware_sync/include -isystem /home/gpu/het68/pico-sdk/src/rp2_common/hardware_sync_spin_lock/include -isystem /home/gpu/het68/pico-sdk/src/rp2_common/hardware_irq/include -isystem /home/gpu/het68/pico-sdk/src/rp2_common/hardware_uart/include -isystem /home/gpu/het68/pico-sdk/src/rp2_common/hardware_resets/include -isystem /home/gpu/het68/pico-sdk/src/rp2_common/hardware_clocks/include -isystem /home/gpu/het68/pico-sdk/src/rp2_common/hardware_pll/include -isystem /home/gpu/het68/pico-sdk/src/rp2_common/hardware_vreg/include -isystem /home/gpu/het68/pico-sdk/src/rp2_common/hardware_watchdog/include -isystem /home/gpu/het68/pico-sdk/src/rp2_common/hardware_ticks/include -isystem /home/gpu/het68/pico-sdk/src/rp2_common/pico_bootrom/include -isystem /home/gpu/het68/pico-sdk/src/common/boot_picoboot_headers/include -isystem /home/gpu/het68/pico-sdk/src/rp2_common/boot_bootrom_headers/include -isystem /home/gpu/het68/pico-sdk/src/rp2_common/hardware_boot_lock/include -isystem /home/gpu/het68/pico-sdk/src/rp2_common/pico_flash/include -isystem /home/gpu/het68/pico-sdk/src/common/pico_time/include -isystem /home/gpu/het68/pico-sdk/src/rp2_common/hardware_timer/include -isystem /home/gpu/het68/pico-sdk/src/common/pico_sync/include -isystem /home/gpu/het68/pico-sdk/src/common/pico_util/include -isystem /home/gpu/het68/pico-sdk/src/rp2_common/pico_time_adapter/include -isystem /home/gpu/het68/pico-sdk/src/rp2_common/hardware_xosc/include -isystem /home/gpu/het68/pico-sdk/src/rp2_common/hardware_divider/include -isystem /home/gpu/het68/pico-sdk/src/rp2_common/pico_runtime/include -isystem /home/gpu/het68/pico-sdk/src/rp2_common/pico_runtime_init/include -isystem /home/gpu/het68/pico-sdk/src/common/pico_bit_ops_headers/include -isystem /home/gpu/het68/pico-sdk/src/common/pico_divider_headers/include -isystem /home/gpu/het68/pico-sdk/src/rp2_common/pico_double/include -isystem /home/gpu/het68/pico-sdk/src/rp2_common/pico_float/include -isystem /home/gpu/het68/pico-sdk/src/rp2_common/pico_malloc/include -isystem /home/gpu/het68/pico-sdk/src/common/pico_binary_info/include -isystem /home/gpu/het68/pico-sdk/src/rp2_common/pico_printf/include -isystem /home/gpu/het68/pico-sdk/src/rp2_common/pico_stdio/include -isystem /home/gpu/het68/pico-sdk/src/rp2_common/pico_multicore/include -isystem /home/gpu/het68/pico-sdk/src/common/boot_picobin_headers/include -isystem /home/gpu/het68/pico-sdk/src/rp2350/boot_stage2/include -isystem /home/gpu/het68/pico-sdk/src/rp2_common/hardware_pio/include -isystem /home/gpu/het68/pico-sdk/src/rp2_common/hardware_dma/include -isystem /home/gpu/het68/pico-sdk/src/rp2_common/pico_fix/rp2040_usb_device_enumeration/include -isystem /home/gpu/het68/pico-sdk/src/rp2_common/pico_unique_id/include -isystem /home/gpu/het68/pico-sdk/src/rp2_common/hardware_flash/include -isystem /home/gpu/het68/pico-sdk/src/rp2_common/hardware_xip_cache/include -mcpu=cortex-m33 -mthumb -march=armv8-m.main+fp+dsp -mfloat-abi=softfp -mcmse -g -O3 -DNDEBUG -ffunction-sections -fdata-sections -o CMakeFiles/pico_6mic_soundcard.dir/pico-sdk/src/rp2_common/pico_float/float_sci_m33_vfp.S.o   -c /home/gpu/het68/pico-sdk/src/rp2_common/pico_float/float_sci_m33_vfp.S
/usr/bin/arm-none-eabi-gcc -DCFG_TUSB_DEBUG=0 -DCFG_TUSB_MCU=OPT_MCU_RP2040 -DCFG_TUSB_OS=OPT_OS_PICO -DLIB_BOOT_STAGE2_HEADERS=1 -DLIB_PICO_ATOMIC=1 -DLIB_PICO_BIT_OPS=1 -DLIB_PICO_BIT_OPS_PICO=1 -DLIB_PICO_CLIB_INTERFACE=1 -DLIB_PICO_CRT0=1 -DLIB_PICO_CXX_OPTIONS=1 -DLIB_PICO_DIVIDER=1 -DLIB_PICO_DIVIDER_COMPILER=1 -DLIB_PICO_DOUBLE=1 -DLIB_PICO_DOUBLE_PICO=1 -DLIB_PICO_FIX_RP2040_USB_DEVICE_ENUMERATION=1 -DLIB_PICO_FLASH=1 -DLIB_PICO_FLOAT=1 -DLIB_PICO_FLOAT_PICO=1 -DLIB_PICO_FLOAT_PICO_VFP=1 -DLIB_PICO_INT64_OPS=1 -DLIB_PICO_INT64_OPS_COMPILER=1 -DLIB_PICO_MALLOC=1 -DLIB_PICO_MEM_OPS=1 -DLIB_PICO_MEM_OPS_COMPILER=1 -DLIB_PICO_NEWLIB_INTERFACE=1 -DLIB_PICO_PLATFORM=1 -DLIB_PICO_PLATFORM_COMMON=1 -DLIB_PICO_PLATFORM_COMPILER=1 -DLIB_PICO_PLATFORM_PANIC=1 -DLIB_PICO_PLATFORM_SECTIONS=1 -DLIB_PICO_PRINTF=1 -DLIB_PICO_PRINTF_PICO=1 -DLIB_PICO_RUNTIME=1 -DLIB_PICO_RUNTIME_INIT=1 -DLIB_PICO_STANDARD_BINARY_INFO=1 -DLIB_PICO_STANDARD_LINK=1 -DLIB_PICO_STDIO=1 -DLIB_PICO_STDLIB=1 -DLIB_PICO_SYNC=1 -DLIB_PICO_SYNC_CRITICAL_SECTION=1 -DLIB_PICO_SYNC_MUTEX=1 -DLIB_PICO_SYNC_SEM=1 -DLIB_PICO_TIME=1 -DLIB_PICO_TIME_ADAPTER=1 -DLIB_PICO_UNIQUE_ID=1 -DLIB_PICO_UTIL=1 -DLIB_TINYUSB_BOARD=1 -DLIB_TINYUSB_DEVICE=1 -DPICO_32BIT=1 -DPICO_BOARD=\"pico2\" -DPICO_BUILD=1 -DPICO_CMAKE_BUILD_TYPE=\"Release\" -DPICO_COPY_TO_RAM=0 -DPICO_CXX_ENABLE_EXCEPTIONS=0 -DPICO_NO_FLASH=0 -DPICO_NO_HARDWARE=0 -DPICO_ON_DEVICE=1 -DPICO_RP2040_USB_DEVICE_UFRAME_FIX=1 -DPICO_RP2350=1 -DPICO_TARGET_NAME=\"pico_6mic_soundcard\" -DPICO_USE_BLOCKED_RAM=0 -I/home/gpu/het68/build -I/home/gpu/het68 -I/home/gpu/het68/pico-sdk/src/rp2_common/pico_atomic/include -I/home/gpu/het68/pico-sdk/lib/tinyusb/src -I/home/gpu/het68/pico-sdk/src/rp2_common/tinyusb/include -I/home/gpu/het68/pico-sdk/lib/tinyusb/hw -isystem /home/gpu/het68/pico-sdk/src/common/pico_stdlib_headers/include -isystem /home/gpu/het68/pico-sdk/src/rp2_common/hardware_gpio/include -isystem /home/gpu/het68/pico-sdk/src/common/pico_base_headers/include -isystem /home/gpu/het68/build/generated/pico_base -isystem /home/gpu/het68/pico-sdk/src/boards/include -isystem /home/gpu/het68/pico-sdk/src/rp2350/pico_platform/include -isystem /home/gpu/het68/pico-sdk/src/rp2350/hardware_regs/include -isystem /home/gpu/het68/pico-sdk/src/rp2_common/hardware_base/include -isystem /home/gpu/het68/pico-sdk/src/rp2_common/pico_platform_common/include -isystem /home/gpu/het68/pico-sdk/src/rp2_common/pico_platform_compiler/include -isystem /home/gpu/het68/pico-sdk/src/rp2_common/pico_platform_panic/include -isystem /home/gpu/het68/pico-sdk/src/rp2_common/pico_platform_sections/include -isystem /home/gpu/het68/pico-sdk/src/rp2_common/hardware_dcp/include -isystem /home/gpu/het68/pico-sdk/src/rp2350/hardware_structs/include -isystem /home/gpu/het68/pico-sdk/src/rp2_common/hardware_rcp/include -isystem /home/gpu/het68/pico-sdk/src/common/hardware_claim/include -isystem /home/gpu/het68/pico-sdk/src/rp2_common/hardware_sync/include -isystem /home/gpu/het68/pico-sdk/src/rp2_common/hardware_sync_spin_lock/include -isystem /home/gpu/het68/pico-sdk/src/rp2_common/hardware_irq/include -isystem /home/gpu/het68/pico-sdk/src/rp2_common/hardware_uart/include -isystem /home/gpu/het68/pico-sdk/src/rp2_common/hardware_resets/include -isystem /home/gpu/het68/pico-sdk/src/rp2_common/hardware_clocks/include -isystem /home/gpu/het68/pico-sdk/src/rp2_common/hardware_pll/include -isystem /home/gpu/het68/pico-sdk/src/rp2_common/hardware_vreg/include -isystem /home/gpu/het68/pico-sdk/src/rp2_common/hardware_watchdog/include -isystem /home/gpu/het68/pico-sdk/src/rp2_common/hardware_ticks/include -isystem /home/gpu/het68/pico-sdk/src/rp2_common/pico_bootrom/include -isystem /home/gpu/het68/pico-sdk/src/common/boot_picoboot_headers/include -isystem /home/gpu/het68/pico-sdk/src/rp2_common/boot_bootrom_headers/include -isystem /home/gpu/het68/pico-sdk/src/rp2_common/hardware_boot_lock/include -isystem /home/gpu/het68/pico-sdk/src/rp2_common/pico_flash/include -isystem /home/gpu/het68/pico-sdk/src/common/pico_time/include -isystem /home/gpu/het68/pico-sdk/src/rp2_common/hardware_timer/include -isystem /home/gpu/het68/pico-sdk/src/common/pico_sync/include -isystem /home/gpu/het68/pico-sdk/src/common/pico_util/include -isystem /home/gpu/het68/pico-sdk/src/rp2_common/pico_time_adapter/include -isystem /home/gpu/het68/pico-sdk/src/rp2_common/hardware_xosc/include -isystem /home/gpu/het68/pico-sdk/src/rp2_common/hardware_divider/include -isystem /home/gpu/het68/pico-sdk/src/rp2_common/pico_runtime/include -isystem /home/gpu/het68/pico-sdk/src/rp2_common/pico_runtime_init/include -isystem /home/gpu/het68/pico-sdk/src/common/pico_bit_ops_headers/include -isystem /home/gpu/het68/pico-sdk/src/common/pico_divider_headers/include -isystem /home/gpu/het68/pico-sdk/src/rp2_common/pico_double/include -isystem /home/gpu/het68/pico-sdk/src/rp2_common/pico_float/include -isystem /home/gpu/het68/pico-sdk/src/rp2_common/pico_malloc/include -isystem /home/gpu/het68/pico-sdk/src/common/pico_binary_info/include -isystem /home/gpu/het68/pico-sdk/src/rp2_common/pico_printf/include -isystem /home/gpu/het68/pico-sdk/src/rp2_common/pico_stdio/include -isystem /home/gpu/het68/pico-sdk/src/rp2_common/pico_multicore/include -isystem /home/gpu/het68/pico-sdk/src/common/boot_picobin_headers/include -isystem /home/gpu/het68/pico-sdk/src/rp2350/boot_stage2/include -isystem /home/gpu/het68/pico-sdk/src/rp2_common/hardware_pio/include -isystem /home/gpu/het68/pico-sdk/src/rp2_common/hardware_dma/include -isystem /home/gpu/het68/pico-sdk/src/rp2_common/pico_fix/rp2040_usb_device_enumeration/include -isystem /home/gpu/het68/pico-sdk/src/rp2_common/pico_unique_id/include -isystem /home/gpu/het68/pico-sdk/src/rp2_common/hardware_flash/include -isystem /home/gpu/het68/pico-sdk/src/rp2_common/hardware_xip_cache/include -mcpu=cortex-m33 -mthumb -march=armv8-m.main+fp+dsp -mfloat-abi=softfp -mcmse -g -O3 -DNDEBUG -ffunction-sections -fdata-sections -MD -MT CMakeFiles/pico_6mic_soundcard.dir/pico-sdk/lib/tinyusb/src/device/usbd_control.c.o -MF CMakeFiles/pico_6mic_soundcard.dir/pico-sdk/lib/tinyusb/src/device/usbd_control.c.o.d -o CMakeFiles/pico_6mic_soundcard.dir/pico-sdk/lib/tinyusb/src/device/usbd_control.c.o -c /home/gpu/het68/pico-sdk/lib/tinyusb/src/device/usbd_control.c
/usr/bin/arm-none-eabi-gcc -DCFG_TUSB_DEBUG=0 -DCFG_TUSB_MCU=OPT_MCU_RP2040 -DCFG_TUSB_OS=OPT_OS_PICO -DLIB_BOOT_STAGE2_HEADERS=1 -DLIB_PICO_ATOMIC=1 -DLIB_PICO_BIT_OPS=1 -DLIB_PICO_BIT_OPS_PICO=1 -DLIB_PICO_CLIB_INTERFACE=1 -DLIB_PICO_CRT0=1 -DLIB_PICO_CXX_OPTIONS=1 -DLIB_PICO_DIVIDER=1 -DLIB_PICO_DIVIDER_COMPILER=1 -DLIB_PICO_DOUBLE=1 -DLIB_PICO_DOUBLE_PICO=1 -DLIB_PICO_FIX_RP2040_USB_DEVICE_ENUMERATION=1 -DLIB_PICO_FLASH=1 -DLIB_PICO_FLOAT=1 -DLIB_PICO_FLOAT_PICO=1 -DLIB_PICO_FLOAT_PICO_VFP=1 -DLIB_PICO_INT64_OPS=1 -DLIB_PICO_INT64_OPS_COMPILER=1 -DLIB_PICO_MALLOC=1 -DLIB_PICO_MEM_OPS=1 -DLIB_PICO_MEM_OPS_COMPILER=1 -DLIB_PICO_NEWLIB_INTERFACE=1 -DLIB_PICO_PLATFORM=1 -DLIB_PICO_PLATFORM_COMMON=1 -DLIB_PICO_PLATFORM_COMPILER=1 -DLIB_PICO_PLATFORM_PANIC=1 -DLIB_PICO_PLATFORM_SECTIONS=1 -DLIB_PICO_PRINTF=1 -DLIB_PICO_PRINTF_PICO=1 -DLIB_PICO_RUNTIME=1 -DLIB_PICO_RUNTIME_INIT=1 -DLIB_PICO_STANDARD_BINARY_INFO=1 -DLIB_PICO_STANDARD_LINK=1 -DLIB_PICO_STDIO=1 -DLIB_PICO_STDLIB=1 -DLIB_PICO_SYNC=1 -DLIB_PICO_SYNC_CRITICAL_SECTION=1 -DLIB_PICO_SYNC_MUTEX=1 -DLIB_PICO_SYNC_SEM=1 -DLIB_PICO_TIME=1 -DLIB_PICO_TIME_ADAPTER=1 -DLIB_PICO_UNIQUE_ID=1 -DLIB_PICO_UTIL=1 -DLIB_TINYUSB_BOARD=1 -DLIB_TINYUSB_DEVICE=1 -DPICO_32BIT=1 -DPICO_BOARD=\"pico2\" -DPICO_BUILD=1 -DPICO_CMAKE_BUILD_TYPE=\"Release\" -DPICO_COPY_TO_RAM=0 -DPICO_CXX_ENABLE_EXCEPTIONS=0 -DPICO_NO_FLASH=0 -DPICO_NO_HARDWARE=0 -DPICO_ON_DEVICE=1 -DPICO_RP2040_USB_DEVICE_UFRAME_FIX=1 -DPICO_RP2350=1 -DPICO_TARGET_NAME=\"pico_6mic_soundcard\" -DPICO_USE_BLOCKED_RAM=0 -I/home/gpu/het68/build -I/home/gpu/het68 -I/home/gpu/het68/pico-sdk/src/rp2_common/pico_atomic/include -I/home/gpu/het68/pico-sdk/lib/tinyusb/src -I/home/gpu/het68/pico-sdk/src/rp2_common/tinyusb/include -I/home/gpu/het68/pico-sdk/lib/tinyusb/hw -isystem /home/gpu/het68/pico-sdk/src/common/pico_stdlib_headers/include -isystem /home/gpu/het68/pico-sdk/src/rp2_common/hardware_gpio/include -isystem /home/gpu/het68/pico-sdk/src/common/pico_base_headers/include -isystem /home/gpu/het68/build/generated/pico_base -isystem /home/gpu/het68/pico-sdk/src/boards/include -isystem /home/gpu/het68/pico-sdk/src/rp2350/pico_platform/include -isystem /home/gpu/het68/pico-sdk/src/rp2350/hardware_regs/include -isystem /home/gpu/het68/pico-sdk/src/rp2_common/hardware_base/include -isystem /home/gpu/het68/pico-sdk/src/rp2_common/pico_platform_common/include -isystem /home/gpu/het68/pico-sdk/src/rp2_common/pico_platform_compiler/include -isystem /home/gpu/het68/pico-sdk/src/rp2_common/pico_platform_panic/include -isystem /home/gpu/het68/pico-sdk/src/rp2_common/pico_platform_sections/include -isystem /home/gpu/het68/pico-sdk/src/rp2_common/hardware_dcp/include -isystem /home/gpu/het68/pico-sdk/src/rp2350/hardware_structs/include -isystem /home/gpu/het68/pico-sdk/src/rp2_common/hardware_rcp/include -isystem /home/gpu/het68/pico-sdk/src/common/hardware_claim/include -isystem /home/gpu/het68/pico-sdk/src/rp2_common/hardware_sync/include -isystem /home/gpu/het68/pico-sdk/src/rp2_common/hardware_sync_spin_lock/include -isystem /home/gpu/het68/pico-sdk/src/rp2_common/hardware_irq/include -isystem /home/gpu/het68/pico-sdk/src/rp2_common/hardware_uart/include -isystem /home/gpu/het68/pico-sdk/src/rp2_common/hardware_resets/include -isystem /home/gpu/het68/pico-sdk/src/rp2_common/hardware_clocks/include -isystem /home/gpu/het68/pico-sdk/src/rp2_common/hardware_pll/include -isystem /home/gpu/het68/pico-sdk/src/rp2_common/hardware_vreg/include -isystem /home/gpu/het68/pico-sdk/src/rp2_common/hardware_watchdog/include -isystem /home/gpu/het68/pico-sdk/src/rp2_common/hardware_ticks/include -isystem /home/gpu/het68/pico-sdk/src/rp2_common/pico_bootrom/include -isystem /home/gpu/het68/pico-sdk/src/common/boot_picoboot_headers/include -isystem /home/gpu/het68/pico-sdk/src/rp2_common/boot_bootrom_headers/include -isystem /home/gpu/het68/pico-sdk/src/rp2_common/hardware_boot_lock/include -isystem /home/gpu/het68/pico-sdk/src/rp2_common/pico_flash/include -isystem /home/gpu/het68/pico-sdk/src/common/pico_time/include -isystem /home/gpu/het68/pico-sdk/src/rp2_common/hardware_timer/include -isystem /home/gpu/het68/pico-sdk/src/common/pico_sync/include -isystem /home/gpu/het68/pico-sdk/src/common/pico_util/include -isystem /home/gpu/het68/pico-sdk/src/rp2_common/pico_time_adapter/include -isystem /home/gpu/het68/pico-sdk/src/rp2_common/hardware_xosc/include -isystem /home/gpu/het68/pico-sdk/src/rp2_common/hardware_divider/include -isystem /home/gpu/het68/pico-sdk/src/rp2_common/pico_runtime/include -isystem /home/gpu/het68/pico-sdk/src/rp2_common/pico_runtime_init/include -isystem /home/gpu/het68/pico-sdk/src/common/pico_bit_ops_headers/include -isystem /home/gpu/het68/pico-sdk/src/common/pico_divider_headers/include -isystem /home/gpu/het68/pico-sdk/src/rp2_common/pico_double/include -isystem /home/gpu/het68/pico-sdk/src/rp2_common/pico_float/include -isystem /home/gpu/het68/pico-sdk/src/rp2_common/pico_malloc/include -isystem /home/gpu/het68/pico-sdk/src/common/pico_binary_info/include -isystem /home/gpu/het68/pico-sdk/src/rp2_common/pico_printf/include -isystem /home/gpu/het68/pico-sdk/src/rp2_common/pico_stdio/include -isystem /home/gpu/het68/pico-sdk/src/rp2_common/pico_multicore/include -isystem /home/gpu/het68/pico-sdk/src/common/boot_picobin_headers/include -isystem /home/gpu/het68/pico-sdk/src/rp2350/boot_stage2/include -isystem /home/gpu/het68/pico-sdk/src/rp2_common/hardware_pio/include -isystem /home/gpu/het68/pico-sdk/src/rp2_common/hardware_dma/include -isystem /home/gpu/het68/pico-sdk/src/rp2_common/pico_fix/rp2040_usb_device_enumeration/include -isystem /home/gpu/het68/pico-sdk/src/rp2_common/pico_unique_id/include -isystem /home/gpu/het68/pico-sdk/src/rp2_common/hardware_flash/include -isystem /home/gpu/het68/pico-sdk/src/rp2_common/hardware_xip_cache/include -mcpu=cortex-m33 -mthumb -march=armv8-m.main+fp+dsp -mfloat-abi=softfp -mcmse -g -O3 -DNDEBUG -ffunction-sections -fdata-sections -MD -MT CMakeFiles/pico_6mic_soundcard.dir/pico-sdk/lib/tinyusb/src/class/audio/audio_device.c.o -MF CMakeFiles/pico_6mic_soundcard.dir/pico-sdk/lib/tinyusb/src/class/audio/audio_device.c.o.d -o CMakeFiles/pico_6mic_soundcard.dir/pico-sdk/lib/tinyusb/src/class/audio/audio_device.c.o -c /home/gpu/het68/pico-sdk/lib/tinyusb/src/class/audio/audio_device.c
[ 80%] Building C object CMakeFiles/pico_6mic_soundcard.dir/pico-sdk/lib/tinyusb/src/device/usbd.c.o
[ 81%] Building C object CMakeFiles/pico_6mic_soundcard.dir/pico-sdk/src/rp2_common/pico_clib_interface/newlib_interface.c.o
/usr/bin/arm-none-eabi-gcc -DCFG_TUSB_DEBUG=0 -DCFG_TUSB_MCU=OPT_MCU_RP2040 -DCFG_TUSB_OS=OPT_OS_PICO -DLIB_BOOT_STAGE2_HEADERS=1 -DLIB_PICO_ATOMIC=1 -DLIB_PICO_BIT_OPS=1 -DLIB_PICO_BIT_OPS_PICO=1 -DLIB_PICO_CLIB_INTERFACE=1 -DLIB_PICO_CRT0=1 -DLIB_PICO_CXX_OPTIONS=1 -DLIB_PICO_DIVIDER=1 -DLIB_PICO_DIVIDER_COMPILER=1 -DLIB_PICO_DOUBLE=1 -DLIB_PICO_DOUBLE_PICO=1 -DLIB_PICO_FIX_RP2040_USB_DEVICE_ENUMERATION=1 -DLIB_PICO_FLASH=1 -DLIB_PICO_FLOAT=1 -DLIB_PICO_FLOAT_PICO=1 -DLIB_PICO_FLOAT_PICO_VFP=1 -DLIB_PICO_INT64_OPS=1 -DLIB_PICO_INT64_OPS_COMPILER=1 -DLIB_PICO_MALLOC=1 -DLIB_PICO_MEM_OPS=1 -DLIB_PICO_MEM_OPS_COMPILER=1 -DLIB_PICO_NEWLIB_INTERFACE=1 -DLIB_PICO_PLATFORM=1 -DLIB_PICO_PLATFORM_COMMON=1 -DLIB_PICO_PLATFORM_COMPILER=1 -DLIB_PICO_PLATFORM_PANIC=1 -DLIB_PICO_PLATFORM_SECTIONS=1 -DLIB_PICO_PRINTF=1 -DLIB_PICO_PRINTF_PICO=1 -DLIB_PICO_RUNTIME=1 -DLIB_PICO_RUNTIME_INIT=1 -DLIB_PICO_STANDARD_BINARY_INFO=1 -DLIB_PICO_STANDARD_LINK=1 -DLIB_PICO_STDIO=1 -DLIB_PICO_STDLIB=1 -DLIB_PICO_SYNC=1 -DLIB_PICO_SYNC_CRITICAL_SECTION=1 -DLIB_PICO_SYNC_MUTEX=1 -DLIB_PICO_SYNC_SEM=1 -DLIB_PICO_TIME=1 -DLIB_PICO_TIME_ADAPTER=1 -DLIB_PICO_UNIQUE_ID=1 -DLIB_PICO_UTIL=1 -DLIB_TINYUSB_BOARD=1 -DLIB_TINYUSB_DEVICE=1 -DPICO_32BIT=1 -DPICO_BOARD=\"pico2\" -DPICO_BUILD=1 -DPICO_CMAKE_BUILD_TYPE=\"Release\" -DPICO_COPY_TO_RAM=0 -DPICO_CXX_ENABLE_EXCEPTIONS=0 -DPICO_NO_FLASH=0 -DPICO_NO_HARDWARE=0 -DPICO_ON_DEVICE=1 -DPICO_RP2040_USB_DEVICE_UFRAME_FIX=1 -DPICO_RP2350=1 -DPICO_TARGET_NAME=\"pico_6mic_soundcard\" -DPICO_USE_BLOCKED_RAM=0 -I/home/gpu/het68/build -I/home/gpu/het68 -I/home/gpu/het68/pico-sdk/src/rp2_common/pico_atomic/include -I/home/gpu/het68/pico-sdk/lib/tinyusb/src -I/home/gpu/het68/pico-sdk/src/rp2_common/tinyusb/include -I/home/gpu/het68/pico-sdk/lib/tinyusb/hw -isystem /home/gpu/het68/pico-sdk/src/common/pico_stdlib_headers/include -isystem /home/gpu/het68/pico-sdk/src/rp2_common/hardware_gpio/include -isystem /home/gpu/het68/pico-sdk/src/common/pico_base_headers/include -isystem /home/gpu/het68/build/generated/pico_base -isystem /home/gpu/het68/pico-sdk/src/boards/include -isystem /home/gpu/het68/pico-sdk/src/rp2350/pico_platform/include -isystem /home/gpu/het68/pico-sdk/src/rp2350/hardware_regs/include -isystem /home/gpu/het68/pico-sdk/src/rp2_common/hardware_base/include -isystem /home/gpu/het68/pico-sdk/src/rp2_common/pico_platform_common/include -isystem /home/gpu/het68/pico-sdk/src/rp2_common/pico_platform_compiler/include -isystem /home/gpu/het68/pico-sdk/src/rp2_common/pico_platform_panic/include -isystem /home/gpu/het68/pico-sdk/src/rp2_common/pico_platform_sections/include -isystem /home/gpu/het68/pico-sdk/src/rp2_common/hardware_dcp/include -isystem /home/gpu/het68/pico-sdk/src/rp2350/hardware_structs/include -isystem /home/gpu/het68/pico-sdk/src/rp2_common/hardware_rcp/include -isystem /home/gpu/het68/pico-sdk/src/common/hardware_claim/include -isystem /home/gpu/het68/pico-sdk/src/rp2_common/hardware_sync/include -isystem /home/gpu/het68/pico-sdk/src/rp2_common/hardware_sync_spin_lock/include -isystem /home/gpu/het68/pico-sdk/src/rp2_common/hardware_irq/include -isystem /home/gpu/het68/pico-sdk/src/rp2_common/hardware_uart/include -isystem /home/gpu/het68/pico-sdk/src/rp2_common/hardware_resets/include -isystem /home/gpu/het68/pico-sdk/src/rp2_common/hardware_clocks/include -isystem /home/gpu/het68/pico-sdk/src/rp2_common/hardware_pll/include -isystem /home/gpu/het68/pico-sdk/src/rp2_common/hardware_vreg/include -isystem /home/gpu/het68/pico-sdk/src/rp2_common/hardware_watchdog/include -isystem /home/gpu/het68/pico-sdk/src/rp2_common/hardware_ticks/include -isystem /home/gpu/het68/pico-sdk/src/rp2_common/pico_bootrom/include -isystem /home/gpu/het68/pico-sdk/src/common/boot_picoboot_headers/include -isystem /home/gpu/het68/pico-sdk/src/rp2_common/boot_bootrom_headers/include -isystem /home/gpu/het68/pico-sdk/src/rp2_common/hardware_boot_lock/include -isystem /home/gpu/het68/pico-sdk/src/rp2_common/pico_flash/include -isystem /home/gpu/het68/pico-sdk/src/common/pico_time/include -isystem /home/gpu/het68/pico-sdk/src/rp2_common/hardware_timer/include -isystem /home/gpu/het68/pico-sdk/src/common/pico_sync/include -isystem /home/gpu/het68/pico-sdk/src/common/pico_util/include -isystem /home/gpu/het68/pico-sdk/src/rp2_common/pico_time_adapter/include -isystem /home/gpu/het68/pico-sdk/src/rp2_common/hardware_xosc/include -isystem /home/gpu/het68/pico-sdk/src/rp2_common/hardware_divider/include -isystem /home/gpu/het68/pico-sdk/src/rp2_common/pico_runtime/include -isystem /home/gpu/het68/pico-sdk/src/rp2_common/pico_runtime_init/include -isystem /home/gpu/het68/pico-sdk/src/common/pico_bit_ops_headers/include -isystem /home/gpu/het68/pico-sdk/src/common/pico_divider_headers/include -isystem /home/gpu/het68/pico-sdk/src/rp2_common/pico_double/include -isystem /home/gpu/het68/pico-sdk/src/rp2_common/pico_float/include -isystem /home/gpu/het68/pico-sdk/src/rp2_common/pico_malloc/include -isystem /home/gpu/het68/pico-sdk/src/common/pico_binary_info/include -isystem /home/gpu/het68/pico-sdk/src/rp2_common/pico_printf/include -isystem /home/gpu/het68/pico-sdk/src/rp2_common/pico_stdio/include -isystem /home/gpu/het68/pico-sdk/src/rp2_common/pico_multicore/include -isystem /home/gpu/het68/pico-sdk/src/common/boot_picobin_headers/include -isystem /home/gpu/het68/pico-sdk/src/rp2350/boot_stage2/include -isystem /home/gpu/het68/pico-sdk/src/rp2_common/hardware_pio/include -isystem /home/gpu/het68/pico-sdk/src/rp2_common/hardware_dma/include -isystem /home/gpu/het68/pico-sdk/src/rp2_common/pico_fix/rp2040_usb_device_enumeration/include -isystem /home/gpu/het68/pico-sdk/src/rp2_common/pico_unique_id/include -isystem /home/gpu/het68/pico-sdk/src/rp2_common/hardware_flash/include -isystem /home/gpu/het68/pico-sdk/src/rp2_common/hardware_xip_cache/include -mcpu=cortex-m33 -mthumb -march=armv8-m.main+fp+dsp -mfloat-abi=softfp -mcmse -g -O3 -DNDEBUG -ffunction-sections -fdata-sections -MD -MT CMakeFiles/pico_6mic_soundcard.dir/pico-sdk/src/rp2_common/pico_printf/printf.c.o -MF CMakeFiles/pico_6mic_soundcard.dir/pico-sdk/src/rp2_common/pico_printf/printf.c.o.d -o CMakeFiles/pico_6mic_soundcard.dir/pico-sdk/src/rp2_common/pico_printf/printf.c.o -c /home/gpu/het68/pico-sdk/src/rp2_common/pico_printf/printf.c
/usr/bin/arm-none-eabi-gcc -DCFG_TUSB_DEBUG=0 -DCFG_TUSB_MCU=OPT_MCU_RP2040 -DCFG_TUSB_OS=OPT_OS_PICO -DLIB_BOOT_STAGE2_HEADERS=1 -DLIB_PICO_ATOMIC=1 -DLIB_PICO_BIT_OPS=1 -DLIB_PICO_BIT_OPS_PICO=1 -DLIB_PICO_CLIB_INTERFACE=1 -DLIB_PICO_CRT0=1 -DLIB_PICO_CXX_OPTIONS=1 -DLIB_PICO_DIVIDER=1 -DLIB_PICO_DIVIDER_COMPILER=1 -DLIB_PICO_DOUBLE=1 -DLIB_PICO_DOUBLE_PICO=1 -DLIB_PICO_FIX_RP2040_USB_DEVICE_ENUMERATION=1 -DLIB_PICO_FLASH=1 -DLIB_PICO_FLOAT=1 -DLIB_PICO_FLOAT_PICO=1 -DLIB_PICO_FLOAT_PICO_VFP=1 -DLIB_PICO_INT64_OPS=1 -DLIB_PICO_INT64_OPS_COMPILER=1 -DLIB_PICO_MALLOC=1 -DLIB_PICO_MEM_OPS=1 -DLIB_PICO_MEM_OPS_COMPILER=1 -DLIB_PICO_NEWLIB_INTERFACE=1 -DLIB_PICO_PLATFORM=1 -DLIB_PICO_PLATFORM_COMMON=1 -DLIB_PICO_PLATFORM_COMPILER=1 -DLIB_PICO_PLATFORM_PANIC=1 -DLIB_PICO_PLATFORM_SECTIONS=1 -DLIB_PICO_PRINTF=1 -DLIB_PICO_PRINTF_PICO=1 -DLIB_PICO_RUNTIME=1 -DLIB_PICO_RUNTIME_INIT=1 -DLIB_PICO_STANDARD_BINARY_INFO=1 -DLIB_PICO_STANDARD_LINK=1 -DLIB_PICO_STDIO=1 -DLIB_PICO_STDLIB=1 -DLIB_PICO_SYNC=1 -DLIB_PICO_SYNC_CRITICAL_SECTION=1 -DLIB_PICO_SYNC_MUTEX=1 -DLIB_PICO_SYNC_SEM=1 -DLIB_PICO_TIME=1 -DLIB_PICO_TIME_ADAPTER=1 -DLIB_PICO_UNIQUE_ID=1 -DLIB_PICO_UTIL=1 -DLIB_TINYUSB_BOARD=1 -DLIB_TINYUSB_DEVICE=1 -DPICO_32BIT=1 -DPICO_BOARD=\"pico2\" -DPICO_BUILD=1 -DPICO_CMAKE_BUILD_TYPE=\"Release\" -DPICO_COPY_TO_RAM=0 -DPICO_CXX_ENABLE_EXCEPTIONS=0 -DPICO_NO_FLASH=0 -DPICO_NO_HARDWARE=0 -DPICO_ON_DEVICE=1 -DPICO_RP2040_USB_DEVICE_UFRAME_FIX=1 -DPICO_RP2350=1 -DPICO_TARGET_NAME=\"pico_6mic_soundcard\" -DPICO_USE_BLOCKED_RAM=0 -I/home/gpu/het68/build -I/home/gpu/het68 -I/home/gpu/het68/pico-sdk/src/rp2_common/pico_atomic/include -I/home/gpu/het68/pico-sdk/lib/tinyusb/src -I/home/gpu/het68/pico-sdk/src/rp2_common/tinyusb/include -I/home/gpu/het68/pico-sdk/lib/tinyusb/hw -isystem /home/gpu/het68/pico-sdk/src/common/pico_stdlib_headers/include -isystem /home/gpu/het68/pico-sdk/src/rp2_common/hardware_gpio/include -isystem /home/gpu/het68/pico-sdk/src/common/pico_base_headers/include -isystem /home/gpu/het68/build/generated/pico_base -isystem /home/gpu/het68/pico-sdk/src/boards/include -isystem /home/gpu/het68/pico-sdk/src/rp2350/pico_platform/include -isystem /home/gpu/het68/pico-sdk/src/rp2350/hardware_regs/include -isystem /home/gpu/het68/pico-sdk/src/rp2_common/hardware_base/include -isystem /home/gpu/het68/pico-sdk/src/rp2_common/pico_platform_common/include -isystem /home/gpu/het68/pico-sdk/src/rp2_common/pico_platform_compiler/include -isystem /home/gpu/het68/pico-sdk/src/rp2_common/pico_platform_panic/include -isystem /home/gpu/het68/pico-sdk/src/rp2_common/pico_platform_sections/include -isystem /home/gpu/het68/pico-sdk/src/rp2_common/hardware_dcp/include -isystem /home/gpu/het68/pico-sdk/src/rp2350/hardware_structs/include -isystem /home/gpu/het68/pico-sdk/src/rp2_common/hardware_rcp/include -isystem /home/gpu/het68/pico-sdk/src/common/hardware_claim/include -isystem /home/gpu/het68/pico-sdk/src/rp2_common/hardware_sync/include -isystem /home/gpu/het68/pico-sdk/src/rp2_common/hardware_sync_spin_lock/include -isystem /home/gpu/het68/pico-sdk/src/rp2_common/hardware_irq/include -isystem /home/gpu/het68/pico-sdk/src/rp2_common/hardware_uart/include -isystem /home/gpu/het68/pico-sdk/src/rp2_common/hardware_resets/include -isystem /home/gpu/het68/pico-sdk/src/rp2_common/hardware_clocks/include -isystem /home/gpu/het68/pico-sdk/src/rp2_common/hardware_pll/include -isystem /home/gpu/het68/pico-sdk/src/rp2_common/hardware_vreg/include -isystem /home/gpu/het68/pico-sdk/src/rp2_common/hardware_watchdog/include -isystem /home/gpu/het68/pico-sdk/src/rp2_common/hardware_ticks/include -isystem /home/gpu/het68/pico-sdk/src/rp2_common/pico_bootrom/include -isystem /home/gpu/het68/pico-sdk/src/common/boot_picoboot_headers/include -isystem /home/gpu/het68/pico-sdk/src/rp2_common/boot_bootrom_headers/include -isystem /home/gpu/het68/pico-sdk/src/rp2_common/hardware_boot_lock/include -isystem /home/gpu/het68/pico-sdk/src/rp2_common/pico_flash/include -isystem /home/gpu/het68/pico-sdk/src/common/pico_time/include -isystem /home/gpu/het68/pico-sdk/src/rp2_common/hardware_timer/include -isystem /home/gpu/het68/pico-sdk/src/common/pico_sync/include -isystem /home/gpu/het68/pico-sdk/src/common/pico_util/include -isystem /home/gpu/het68/pico-sdk/src/rp2_common/pico_time_adapter/include -isystem /home/gpu/het68/pico-sdk/src/rp2_common/hardware_xosc/include -isystem /home/gpu/het68/pico-sdk/src/rp2_common/hardware_divider/include -isystem /home/gpu/het68/pico-sdk/src/rp2_common/pico_runtime/include -isystem /home/gpu/het68/pico-sdk/src/rp2_common/pico_runtime_init/include -isystem /home/gpu/het68/pico-sdk/src/common/pico_bit_ops_headers/include -isystem /home/gpu/het68/pico-sdk/src/common/pico_divider_headers/include -isystem /home/gpu/het68/pico-sdk/src/rp2_common/pico_double/include -isystem /home/gpu/het68/pico-sdk/src/rp2_common/pico_float/include -isystem /home/gpu/het68/pico-sdk/src/rp2_common/pico_malloc/include -isystem /home/gpu/het68/pico-sdk/src/common/pico_binary_info/include -isystem /home/gpu/het68/pico-sdk/src/rp2_common/pico_printf/include -isystem /home/gpu/het68/pico-sdk/src/rp2_common/pico_stdio/include -isystem /home/gpu/het68/pico-sdk/src/rp2_common/pico_multicore/include -isystem /home/gpu/het68/pico-sdk/src/common/boot_picobin_headers/include -isystem /home/gpu/het68/pico-sdk/src/rp2350/boot_stage2/include -isystem /home/gpu/het68/pico-sdk/src/rp2_common/hardware_pio/include -isystem /home/gpu/het68/pico-sdk/src/rp2_common/hardware_dma/include -isystem /home/gpu/het68/pico-sdk/src/rp2_common/pico_fix/rp2040_usb_device_enumeration/include -isystem /home/gpu/het68/pico-sdk/src/rp2_common/pico_unique_id/include -isystem /home/gpu/het68/pico-sdk/src/rp2_common/hardware_flash/include -isystem /home/gpu/het68/pico-sdk/src/rp2_common/hardware_xip_cache/include -mcpu=cortex-m33 -mthumb -march=armv8-m.main+fp+dsp -mfloat-abi=softfp -mcmse -g -O3 -DNDEBUG -ffunction-sections -fdata-sections -MD -MT CMakeFiles/pico_6mic_soundcard.dir/pico-sdk/src/rp2_common/pico_stdio/stdio.c.o -MF CMakeFiles/pico_6mic_soundcard.dir/pico-sdk/src/rp2_common/pico_stdio/stdio.c.o.d -o CMakeFiles/pico_6mic_soundcard.dir/pico-sdk/src/rp2_common/pico_stdio/stdio.c.o -c /home/gpu/het68/pico-sdk/src/rp2_common/pico_stdio/stdio.c
[ 81%] Building C object CMakeFiles/pico_6mic_soundcard.dir/pico-sdk/lib/tinyusb/src/class/dfu/dfu_device.c.o
[ 74%] Building C object CMakeFiles/pico_6mic_soundcard.dir/pico-sdk/lib/tinyusb/src/portable/raspberrypi/rp2040/rp2040_usb.c.o
/usr/bin/arm-none-eabi-gcc -DCFG_TUSB_DEBUG=0 -DCFG_TUSB_MCU=OPT_MCU_RP2040 -DCFG_TUSB_OS=OPT_OS_PICO -DLIB_BOOT_STAGE2_HEADERS=1 -DLIB_PICO_ATOMIC=1 -DLIB_PICO_BIT_OPS=1 -DLIB_PICO_BIT_OPS_PICO=1 -DLIB_PICO_CLIB_INTERFACE=1 -DLIB_PICO_CRT0=1 -DLIB_PICO_CXX_OPTIONS=1 -DLIB_PICO_DIVIDER=1 -DLIB_PICO_DIVIDER_COMPILER=1 -DLIB_PICO_DOUBLE=1 -DLIB_PICO_DOUBLE_PICO=1 -DLIB_PICO_FIX_RP2040_USB_DEVICE_ENUMERATION=1 -DLIB_PICO_FLASH=1 -DLIB_PICO_FLOAT=1 -DLIB_PICO_FLOAT_PICO=1 -DLIB_PICO_FLOAT_PICO_VFP=1 -DLIB_PICO_INT64_OPS=1 -DLIB_PICO_INT64_OPS_COMPILER=1 -DLIB_PICO_MALLOC=1 -DLIB_PICO_MEM_OPS=1 -DLIB_PICO_MEM_OPS_COMPILER=1 -DLIB_PICO_NEWLIB_INTERFACE=1 -DLIB_PICO_PLATFORM=1 -DLIB_PICO_PLATFORM_COMMON=1 -DLIB_PICO_PLATFORM_COMPILER=1 -DLIB_PICO_PLATFORM_PANIC=1 -DLIB_PICO_PLATFORM_SECTIONS=1 -DLIB_PICO_PRINTF=1 -DLIB_PICO_PRINTF_PICO=1 -DLIB_PICO_RUNTIME=1 -DLIB_PICO_RUNTIME_INIT=1 -DLIB_PICO_STANDARD_BINARY_INFO=1 -DLIB_PICO_STANDARD_LINK=1 -DLIB_PICO_STDIO=1 -DLIB_PICO_STDLIB=1 -DLIB_PICO_SYNC=1 -DLIB_PICO_SYNC_CRITICAL_SECTION=1 -DLIB_PICO_SYNC_MUTEX=1 -DLIB_PICO_SYNC_SEM=1 -DLIB_PICO_TIME=1 -DLIB_PICO_TIME_ADAPTER=1 -DLIB_PICO_UNIQUE_ID=1 -DLIB_PICO_UTIL=1 -DLIB_TINYUSB_BOARD=1 -DLIB_TINYUSB_DEVICE=1 -DPICO_32BIT=1 -DPICO_BOARD=\"pico2\" -DPICO_BUILD=1 -DPICO_CMAKE_BUILD_TYPE=\"Release\" -DPICO_COPY_TO_RAM=0 -DPICO_CXX_ENABLE_EXCEPTIONS=0 -DPICO_NO_FLASH=0 -DPICO_NO_HARDWARE=0 -DPICO_ON_DEVICE=1 -DPICO_RP2040_USB_DEVICE_UFRAME_FIX=1 -DPICO_RP2350=1 -DPICO_TARGET_NAME=\"pico_6mic_soundcard\" -DPICO_USE_BLOCKED_RAM=0 -I/home/gpu/het68/build -I/home/gpu/het68 -I/home/gpu/het68/pico-sdk/src/rp2_common/pico_atomic/include -I/home/gpu/het68/pico-sdk/lib/tinyusb/src -I/home/gpu/het68/pico-sdk/src/rp2_common/tinyusb/include -I/home/gpu/het68/pico-sdk/lib/tinyusb/hw -isystem /home/gpu/het68/pico-sdk/src/common/pico_stdlib_headers/include -isystem /home/gpu/het68/pico-sdk/src/rp2_common/hardware_gpio/include -isystem /home/gpu/het68/pico-sdk/src/common/pico_base_headers/include -isystem /home/gpu/het68/build/generated/pico_base -isystem /home/gpu/het68/pico-sdk/src/boards/include -isystem /home/gpu/het68/pico-sdk/src/rp2350/pico_platform/include -isystem /home/gpu/het68/pico-sdk/src/rp2350/hardware_regs/include -isystem /home/gpu/het68/pico-sdk/src/rp2_common/hardware_base/include -isystem /home/gpu/het68/pico-sdk/src/rp2_common/pico_platform_common/include -isystem /home/gpu/het68/pico-sdk/src/rp2_common/pico_platform_compiler/include -isystem /home/gpu/het68/pico-sdk/src/rp2_common/pico_platform_panic/include -isystem /home/gpu/het68/pico-sdk/src/rp2_common/pico_platform_sections/include -isystem /home/gpu/het68/pico-sdk/src/rp2_common/hardware_dcp/include -isystem /home/gpu/het68/pico-sdk/src/rp2350/hardware_structs/include -isystem /home/gpu/het68/pico-sdk/src/rp2_common/hardware_rcp/include -isystem /home/gpu/het68/pico-sdk/src/common/hardware_claim/include -isystem /home/gpu/het68/pico-sdk/src/rp2_common/hardware_sync/include -isystem /home/gpu/het68/pico-sdk/src/rp2_common/hardware_sync_spin_lock/include -isystem /home/gpu/het68/pico-sdk/src/rp2_common/hardware_irq/include -isystem /home/gpu/het68/pico-sdk/src/rp2_common/hardware_uart/include -isystem /home/gpu/het68/pico-sdk/src/rp2_common/hardware_resets/include -isystem /home/gpu/het68/pico-sdk/src/rp2_common/hardware_clocks/include -isystem /home/gpu/het68/pico-sdk/src/rp2_common/hardware_pll/include -isystem /home/gpu/het68/pico-sdk/src/rp2_common/hardware_vreg/include -isystem /home/gpu/het68/pico-sdk/src/rp2_common/hardware_watchdog/include -isystem /home/gpu/het68/pico-sdk/src/rp2_common/hardware_ticks/include -isystem /home/gpu/het68/pico-sdk/src/rp2_common/pico_bootrom/include -isystem /home/gpu/het68/pico-sdk/src/common/boot_picoboot_headers/include -isystem /home/gpu/het68/pico-sdk/src/rp2_common/boot_bootrom_headers/include -isystem /home/gpu/het68/pico-sdk/src/rp2_common/hardware_boot_lock/include -isystem /home/gpu/het68/pico-sdk/src/rp2_common/pico_flash/include -isystem /home/gpu/het68/pico-sdk/src/common/pico_time/include -isystem /home/gpu/het68/pico-sdk/src/rp2_common/hardware_timer/include -isystem /home/gpu/het68/pico-sdk/src/common/pico_sync/include -isystem /home/gpu/het68/pico-sdk/src/common/pico_util/include -isystem /home/gpu/het68/pico-sdk/src/rp2_common/pico_time_adapter/include -isystem /home/gpu/het68/pico-sdk/src/rp2_common/hardware_xosc/include -isystem /home/gpu/het68/pico-sdk/src/rp2_common/hardware_divider/include -isystem /home/gpu/het68/pico-sdk/src/rp2_common/pico_runtime/include -isystem /home/gpu/het68/pico-sdk/src/rp2_common/pico_runtime_init/include -isystem /home/gpu/het68/pico-sdk/src/common/pico_bit_ops_headers/include -isystem /home/gpu/het68/pico-sdk/src/common/pico_divider_headers/include -isystem /home/gpu/het68/pico-sdk/src/rp2_common/pico_double/include -isystem /home/gpu/het68/pico-sdk/src/rp2_common/pico_float/include -isystem /home/gpu/het68/pico-sdk/src/rp2_common/pico_malloc/include -isystem /home/gpu/het68/pico-sdk/src/common/pico_binary_info/include -isystem /home/gpu/het68/pico-sdk/src/rp2_common/pico_printf/include -isystem /home/gpu/het68/pico-sdk/src/rp2_common/pico_stdio/include -isystem /home/gpu/het68/pico-sdk/src/rp2_common/pico_multicore/include -isystem /home/gpu/het68/pico-sdk/src/common/boot_picobin_headers/include -isystem /home/gpu/het68/pico-sdk/src/rp2350/boot_stage2/include -isystem /home/gpu/het68/pico-sdk/src/rp2_common/hardware_pio/include -isystem /home/gpu/het68/pico-sdk/src/rp2_common/hardware_dma/include -isystem /home/gpu/het68/pico-sdk/src/rp2_common/pico_fix/rp2040_usb_device_enumeration/include -isystem /home/gpu/het68/pico-sdk/src/rp2_common/pico_unique_id/include -isystem /home/gpu/het68/pico-sdk/src/rp2_common/hardware_flash/include -isystem /home/gpu/het68/pico-sdk/src/rp2_common/hardware_xip_cache/include -mcpu=cortex-m33 -mthumb -march=armv8-m.main+fp+dsp -mfloat-abi=softfp -mcmse -g -O3 -DNDEBUG -ffunction-sections -fdata-sections -MD -MT CMakeFiles/pico_6mic_soundcard.dir/pico-sdk/src/rp2_common/pico_standard_binary_info/standard_binary_info.c.o -MF CMakeFiles/pico_6mic_soundcard.dir/pico-sdk/src/rp2_common/pico_standard_binary_info/standard_binary_info.c.o.d -o CMakeFiles/pico_6mic_soundcard.dir/pico-sdk/src/rp2_common/pico_standard_binary_info/standard_binary_info.c.o -c /home/gpu/het68/pico-sdk/src/rp2_common/pico_standard_binary_info/standard_binary_info.c
[ 82%] Building C object CMakeFiles/pico_6mic_soundcard.dir/pico-sdk/lib/tinyusb/src/portable/raspberrypi/rp2040/dcd_rp2040.c.o
/usr/bin/arm-none-eabi-gcc -DCFG_TUSB_DEBUG=0 -DCFG_TUSB_MCU=OPT_MCU_RP2040 -DCFG_TUSB_OS=OPT_OS_PICO -DLIB_BOOT_STAGE2_HEADERS=1 -DLIB_PICO_ATOMIC=1 -DLIB_PICO_BIT_OPS=1 -DLIB_PICO_BIT_OPS_PICO=1 -DLIB_PICO_CLIB_INTERFACE=1 -DLIB_PICO_CRT0=1 -DLIB_PICO_CXX_OPTIONS=1 -DLIB_PICO_DIVIDER=1 -DLIB_PICO_DIVIDER_COMPILER=1 -DLIB_PICO_DOUBLE=1 -DLIB_PICO_DOUBLE_PICO=1 -DLIB_PICO_FIX_RP2040_USB_DEVICE_ENUMERATION=1 -DLIB_PICO_FLASH=1 -DLIB_PICO_FLOAT=1 -DLIB_PICO_FLOAT_PICO=1 -DLIB_PICO_FLOAT_PICO_VFP=1 -DLIB_PICO_INT64_OPS=1 -DLIB_PICO_INT64_OPS_COMPILER=1 -DLIB_PICO_MALLOC=1 -DLIB_PICO_MEM_OPS=1 -DLIB_PICO_MEM_OPS_COMPILER=1 -DLIB_PICO_NEWLIB_INTERFACE=1 -DLIB_PICO_PLATFORM=1 -DLIB_PICO_PLATFORM_COMMON=1 -DLIB_PICO_PLATFORM_COMPILER=1 -DLIB_PICO_PLATFORM_PANIC=1 -DLIB_PICO_PLATFORM_SECTIONS=1 -DLIB_PICO_PRINTF=1 -DLIB_PICO_PRINTF_PICO=1 -DLIB_PICO_RUNTIME=1 -DLIB_PICO_RUNTIME_INIT=1 -DLIB_PICO_STANDARD_BINARY_INFO=1 -DLIB_PICO_STANDARD_LINK=1 -DLIB_PICO_STDIO=1 -DLIB_PICO_STDLIB=1 -DLIB_PICO_SYNC=1 -DLIB_PICO_SYNC_CRITICAL_SECTION=1 -DLIB_PICO_SYNC_MUTEX=1 -DLIB_PICO_SYNC_SEM=1 -DLIB_PICO_TIME=1 -DLIB_PICO_TIME_ADAPTER=1 -DLIB_PICO_UNIQUE_ID=1 -DLIB_PICO_UTIL=1 -DLIB_TINYUSB_BOARD=1 -DLIB_TINYUSB_DEVICE=1 -DPICO_32BIT=1 -DPICO_BOARD=\"pico2\" -DPICO_BUILD=1 -DPICO_CMAKE_BUILD_TYPE=\"Release\" -DPICO_COPY_TO_RAM=0 -DPICO_CXX_ENABLE_EXCEPTIONS=0 -DPICO_NO_FLASH=0 -DPICO_NO_HARDWARE=0 -DPICO_ON_DEVICE=1 -DPICO_RP2040_USB_DEVICE_UFRAME_FIX=1 -DPICO_RP2350=1 -DPICO_TARGET_NAME=\"pico_6mic_soundcard\" -DPICO_USE_BLOCKED_RAM=0 -I/home/gpu/het68/build -I/home/gpu/het68 -I/home/gpu/het68/pico-sdk/src/rp2_common/pico_atomic/include -I/home/gpu/het68/pico-sdk/lib/tinyusb/src -I/home/gpu/het68/pico-sdk/src/rp2_common/tinyusb/include -I/home/gpu/het68/pico-sdk/lib/tinyusb/hw -isystem /home/gpu/het68/pico-sdk/src/common/pico_stdlib_headers/include -isystem /home/gpu/het68/pico-sdk/src/rp2_common/hardware_gpio/include -isystem /home/gpu/het68/pico-sdk/src/common/pico_base_headers/include -isystem /home/gpu/het68/build/generated/pico_base -isystem /home/gpu/het68/pico-sdk/src/boards/include -isystem /home/gpu/het68/pico-sdk/src/rp2350/pico_platform/include -isystem /home/gpu/het68/pico-sdk/src/rp2350/hardware_regs/include -isystem /home/gpu/het68/pico-sdk/src/rp2_common/hardware_base/include -isystem /home/gpu/het68/pico-sdk/src/rp2_common/pico_platform_common/include -isystem /home/gpu/het68/pico-sdk/src/rp2_common/pico_platform_compiler/include -isystem /home/gpu/het68/pico-sdk/src/rp2_common/pico_platform_panic/include -isystem /home/gpu/het68/pico-sdk/src/rp2_common/pico_platform_sections/include -isystem /home/gpu/het68/pico-sdk/src/rp2_common/hardware_dcp/include -isystem /home/gpu/het68/pico-sdk/src/rp2350/hardware_structs/include -isystem /home/gpu/het68/pico-sdk/src/rp2_common/hardware_rcp/include -isystem /home/gpu/het68/pico-sdk/src/common/hardware_claim/include -isystem /home/gpu/het68/pico-sdk/src/rp2_common/hardware_sync/include -isystem /home/gpu/het68/pico-sdk/src/rp2_common/hardware_sync_spin_lock/include -isystem /home/gpu/het68/pico-sdk/src/rp2_common/hardware_irq/include -isystem /home/gpu/het68/pico-sdk/src/rp2_common/hardware_uart/include -isystem /home/gpu/het68/pico-sdk/src/rp2_common/hardware_resets/include -isystem /home/gpu/het68/pico-sdk/src/rp2_common/hardware_clocks/include -isystem /home/gpu/het68/pico-sdk/src/rp2_common/hardware_pll/include -isystem /home/gpu/het68/pico-sdk/src/rp2_common/hardware_vreg/include -isystem /home/gpu/het68/pico-sdk/src/rp2_common/hardware_watchdog/include -isystem /home/gpu/het68/pico-sdk/src/rp2_common/hardware_ticks/include -isystem /home/gpu/het68/pico-sdk/src/rp2_common/pico_bootrom/include -isystem /home/gpu/het68/pico-sdk/src/common/boot_picoboot_headers/include -isystem /home/gpu/het68/pico-sdk/src/rp2_common/boot_bootrom_headers/include -isystem /home/gpu/het68/pico-sdk/src/rp2_common/hardware_boot_lock/include -isystem /home/gpu/het68/pico-sdk/src/rp2_common/pico_flash/include -isystem /home/gpu/het68/pico-sdk/src/common/pico_time/include -isystem /home/gpu/het68/pico-sdk/src/rp2_common/hardware_timer/include -isystem /home/gpu/het68/pico-sdk/src/common/pico_sync/include -isystem /home/gpu/het68/pico-sdk/src/common/pico_util/include -isystem /home/gpu/het68/pico-sdk/src/rp2_common/pico_time_adapter/include -isystem /home/gpu/het68/pico-sdk/src/rp2_common/hardware_xosc/include -isystem /home/gpu/het68/pico-sdk/src/rp2_common/hardware_divider/include -isystem /home/gpu/het68/pico-sdk/src/rp2_common/pico_runtime/include -isystem /home/gpu/het68/pico-sdk/src/rp2_common/pico_runtime_init/include -isystem /home/gpu/het68/pico-sdk/src/common/pico_bit_ops_headers/include -isystem /home/gpu/het68/pico-sdk/src/common/pico_divider_headers/include -isystem /home/gpu/het68/pico-sdk/src/rp2_common/pico_double/include -isystem /home/gpu/het68/pico-sdk/src/rp2_common/pico_float/include -isystem /home/gpu/het68/pico-sdk/src/rp2_common/pico_malloc/include -isystem /home/gpu/het68/pico-sdk/src/common/pico_binary_info/include -isystem /home/gpu/het68/pico-sdk/src/rp2_common/pico_printf/include -isystem /home/gpu/het68/pico-sdk/src/rp2_common/pico_stdio/include -isystem /home/gpu/het68/pico-sdk/src/rp2_common/pico_multicore/include -isystem /home/gpu/het68/pico-sdk/src/common/boot_picobin_headers/include -isystem /home/gpu/het68/pico-sdk/src/rp2350/boot_stage2/include -isystem /home/gpu/het68/pico-sdk/src/rp2_common/hardware_pio/include -isystem /home/gpu/het68/pico-sdk/src/rp2_common/hardware_dma/include -isystem /home/gpu/het68/pico-sdk/src/rp2_common/pico_fix/rp2040_usb_device_enumeration/include -isystem /home/gpu/het68/pico-sdk/src/rp2_common/pico_unique_id/include -isystem /home/gpu/het68/pico-sdk/src/rp2_common/hardware_flash/include -isystem /home/gpu/het68/pico-sdk/src/rp2_common/hardware_xip_cache/include -mcpu=cortex-m33 -mthumb -march=armv8-m.main+fp+dsp -mfloat-abi=softfp -mcmse -g -O3 -DNDEBUG -ffunction-sections -fdata-sections -MD -MT CMakeFiles/pico_6mic_soundcard.dir/pico-sdk/src/rp2_common/pico_clib_interface/newlib_interface.c.o -MF CMakeFiles/pico_6mic_soundcard.dir/pico-sdk/src/rp2_common/pico_clib_interface/newlib_interface.c.o.d -o CMakeFiles/pico_6mic_soundcard.dir/pico-sdk/src/rp2_common/pico_clib_interface/newlib_interface.c.o -c /home/gpu/het68/pico-sdk/src/rp2_common/pico_clib_interface/newlib_interface.c
[ 82%] Building C object CMakeFiles/pico_6mic_soundcard.dir/pico-sdk/src/rp2_common/hardware_dma/dma.c.o
[ 78%] Building C object CMakeFiles/pico_6mic_soundcard.dir/pico-sdk/src/rp2_common/hardware_pio/pio.c.o
[ 83%] Building C object CMakeFiles/pico_6mic_soundcard.dir/pico-sdk/lib/tinyusb/src/class/cdc/cdc_device.c.o
/usr/bin/arm-none-eabi-gcc -DCFG_TUSB_DEBUG=0 -DCFG_TUSB_MCU=OPT_MCU_RP2040 -DCFG_TUSB_OS=OPT_OS_PICO -DLIB_BOOT_STAGE2_HEADERS=1 -DLIB_PICO_ATOMIC=1 -DLIB_PICO_BIT_OPS=1 -DLIB_PICO_BIT_OPS_PICO=1 -DLIB_PICO_CLIB_INTERFACE=1 -DLIB_PICO_CRT0=1 -DLIB_PICO_CXX_OPTIONS=1 -DLIB_PICO_DIVIDER=1 -DLIB_PICO_DIVIDER_COMPILER=1 -DLIB_PICO_DOUBLE=1 -DLIB_PICO_DOUBLE_PICO=1 -DLIB_PICO_FIX_RP2040_USB_DEVICE_ENUMERATION=1 -DLIB_PICO_FLASH=1 -DLIB_PICO_FLOAT=1 -DLIB_PICO_FLOAT_PICO=1 -DLIB_PICO_FLOAT_PICO_VFP=1 -DLIB_PICO_INT64_OPS=1 -DLIB_PICO_INT64_OPS_COMPILER=1 -DLIB_PICO_MALLOC=1 -DLIB_PICO_MEM_OPS=1 -DLIB_PICO_MEM_OPS_COMPILER=1 -DLIB_PICO_NEWLIB_INTERFACE=1 -DLIB_PICO_PLATFORM=1 -DLIB_PICO_PLATFORM_COMMON=1 -DLIB_PICO_PLATFORM_COMPILER=1 -DLIB_PICO_PLATFORM_PANIC=1 -DLIB_PICO_PLATFORM_SECTIONS=1 -DLIB_PICO_PRINTF=1 -DLIB_PICO_PRINTF_PICO=1 -DLIB_PICO_RUNTIME=1 -DLIB_PICO_RUNTIME_INIT=1 -DLIB_PICO_STANDARD_BINARY_INFO=1 -DLIB_PICO_STANDARD_LINK=1 -DLIB_PICO_STDIO=1 -DLIB_PICO_STDLIB=1 -DLIB_PICO_SYNC=1 -DLIB_PICO_SYNC_CRITICAL_SECTION=1 -DLIB_PICO_SYNC_MUTEX=1 -DLIB_PICO_SYNC_SEM=1 -DLIB_PICO_TIME=1 -DLIB_PICO_TIME_ADAPTER=1 -DLIB_PICO_UNIQUE_ID=1 -DLIB_PICO_UTIL=1 -DLIB_TINYUSB_BOARD=1 -DLIB_TINYUSB_DEVICE=1 -DPICO_32BIT=1 -DPICO_BOARD=\"pico2\" -DPICO_BUILD=1 -DPICO_CMAKE_BUILD_TYPE=\"Release\" -DPICO_COPY_TO_RAM=0 -DPICO_CXX_ENABLE_EXCEPTIONS=0 -DPICO_NO_FLASH=0 -DPICO_NO_HARDWARE=0 -DPICO_ON_DEVICE=1 -DPICO_RP2040_USB_DEVICE_UFRAME_FIX=1 -DPICO_RP2350=1 -DPICO_TARGET_NAME=\"pico_6mic_soundcard\" -DPICO_USE_BLOCKED_RAM=0 -I/home/gpu/het68/build -I/home/gpu/het68 -I/home/gpu/het68/pico-sdk/src/rp2_common/pico_atomic/include -I/home/gpu/het68/pico-sdk/lib/tinyusb/src -I/home/gpu/het68/pico-sdk/src/rp2_common/tinyusb/include -I/home/gpu/het68/pico-sdk/lib/tinyusb/hw -isystem /home/gpu/het68/pico-sdk/src/common/pico_stdlib_headers/include -isystem /home/gpu/het68/pico-sdk/src/rp2_common/hardware_gpio/include -isystem /home/gpu/het68/pico-sdk/src/common/pico_base_headers/include -isystem /home/gpu/het68/build/generated/pico_base -isystem /home/gpu/het68/pico-sdk/src/boards/include -isystem /home/gpu/het68/pico-sdk/src/rp2350/pico_platform/include -isystem /home/gpu/het68/pico-sdk/src/rp2350/hardware_regs/include -isystem /home/gpu/het68/pico-sdk/src/rp2_common/hardware_base/include -isystem /home/gpu/het68/pico-sdk/src/rp2_common/pico_platform_common/include -isystem /home/gpu/het68/pico-sdk/src/rp2_common/pico_platform_compiler/include -isystem /home/gpu/het68/pico-sdk/src/rp2_common/pico_platform_panic/include -isystem /home/gpu/het68/pico-sdk/src/rp2_common/pico_platform_sections/include -isystem /home/gpu/het68/pico-sdk/src/rp2_common/hardware_dcp/include -isystem /home/gpu/het68/pico-sdk/src/rp2350/hardware_structs/include -isystem /home/gpu/het68/pico-sdk/src/rp2_common/hardware_rcp/include -isystem /home/gpu/het68/pico-sdk/src/common/hardware_claim/include -isystem /home/gpu/het68/pico-sdk/src/rp2_common/hardware_sync/include -isystem /home/gpu/het68/pico-sdk/src/rp2_common/hardware_sync_spin_lock/include -isystem /home/gpu/het68/pico-sdk/src/rp2_common/hardware_irq/include -isystem /home/gpu/het68/pico-sdk/src/rp2_common/hardware_uart/include -isystem /home/gpu/het68/pico-sdk/src/rp2_common/hardware_resets/include -isystem /home/gpu/het68/pico-sdk/src/rp2_common/hardware_clocks/include -isystem /home/gpu/het68/pico-sdk/src/rp2_common/hardware_pll/include -isystem /home/gpu/het68/pico-sdk/src/rp2_common/hardware_vreg/include -isystem /home/gpu/het68/pico-sdk/src/rp2_common/hardware_watchdog/include -isystem /home/gpu/het68/pico-sdk/src/rp2_common/hardware_ticks/include -isystem /home/gpu/het68/pico-sdk/src/rp2_common/pico_bootrom/include -isystem /home/gpu/het68/pico-sdk/src/common/boot_picoboot_headers/include -isystem /home/gpu/het68/pico-sdk/src/rp2_common/boot_bootrom_headers/include -isystem /home/gpu/het68/pico-sdk/src/rp2_common/hardware_boot_lock/include -isystem /home/gpu/het68/pico-sdk/src/rp2_common/pico_flash/include -isystem /home/gpu/het68/pico-sdk/src/common/pico_time/include -isystem /home/gpu/het68/pico-sdk/src/rp2_common/hardware_timer/include -isystem /home/gpu/het68/pico-sdk/src/common/pico_sync/include -isystem /home/gpu/het68/pico-sdk/src/common/pico_util/include -isystem /home/gpu/het68/pico-sdk/src/rp2_common/pico_time_adapter/include -isystem /home/gpu/het68/pico-sdk/src/rp2_common/hardware_xosc/include -isystem /home/gpu/het68/pico-sdk/src/rp2_common/hardware_divider/include -isystem /home/gpu/het68/pico-sdk/src/rp2_common/pico_runtime/include -isystem /home/gpu/het68/pico-sdk/src/rp2_common/pico_runtime_init/include -isystem /home/gpu/het68/pico-sdk/src/common/pico_bit_ops_headers/include -isystem /home/gpu/het68/pico-sdk/src/common/pico_divider_headers/include -isystem /home/gpu/het68/pico-sdk/src/rp2_common/pico_double/include -isystem /home/gpu/het68/pico-sdk/src/rp2_common/pico_float/include -isystem /home/gpu/het68/pico-sdk/src/rp2_common/pico_malloc/include -isystem /home/gpu/het68/pico-sdk/src/common/pico_binary_info/include -isystem /home/gpu/het68/pico-sdk/src/rp2_common/pico_printf/include -isystem /home/gpu/het68/pico-sdk/src/rp2_common/pico_stdio/include -isystem /home/gpu/het68/pico-sdk/src/rp2_common/pico_multicore/include -isystem /home/gpu/het68/pico-sdk/src/common/boot_picobin_headers/include -isystem /home/gpu/het68/pico-sdk/src/rp2350/boot_stage2/include -isystem /home/gpu/het68/pico-sdk/src/rp2_common/hardware_pio/include -isystem /home/gpu/het68/pico-sdk/src/rp2_common/hardware_dma/include -isystem /home/gpu/het68/pico-sdk/src/rp2_common/pico_fix/rp2040_usb_device_enumeration/include -isystem /home/gpu/het68/pico-sdk/src/rp2_common/pico_unique_id/include -isystem /home/gpu/het68/pico-sdk/src/rp2_common/hardware_flash/include -isystem /home/gpu/het68/pico-sdk/src/rp2_common/hardware_xip_cache/include -mcpu=cortex-m33 -mthumb -march=armv8-m.main+fp+dsp -mfloat-abi=softfp -mcmse -g -O3 -DNDEBUG -ffunction-sections -fdata-sections -MD -MT CMakeFiles/pico_6mic_soundcard.dir/pico-sdk/lib/tinyusb/src/portable/raspberrypi/rp2040/rp2040_usb.c.o -MF CMakeFiles/pico_6mic_soundcard.dir/pico-sdk/lib/tinyusb/src/portable/raspberrypi/rp2040/rp2040_usb.c.o.d -o CMakeFiles/pico_6mic_soundcard.dir/pico-sdk/lib/tinyusb/src/portable/raspberrypi/rp2040/rp2040_usb.c.o -c /home/gpu/het68/pico-sdk/lib/tinyusb/src/portable/raspberrypi/rp2040/rp2040_usb.c
[ 84%] Building C object CMakeFiles/pico_6mic_soundcard.dir/pico-sdk/lib/tinyusb/src/tusb.c.o
/usr/bin/arm-none-eabi-gcc -DCFG_TUSB_DEBUG=0 -DCFG_TUSB_MCU=OPT_MCU_RP2040 -DCFG_TUSB_OS=OPT_OS_PICO -DLIB_BOOT_STAGE2_HEADERS=1 -DLIB_PICO_ATOMIC=1 -DLIB_PICO_BIT_OPS=1 -DLIB_PICO_BIT_OPS_PICO=1 -DLIB_PICO_CLIB_INTERFACE=1 -DLIB_PICO_CRT0=1 -DLIB_PICO_CXX_OPTIONS=1 -DLIB_PICO_DIVIDER=1 -DLIB_PICO_DIVIDER_COMPILER=1 -DLIB_PICO_DOUBLE=1 -DLIB_PICO_DOUBLE_PICO=1 -DLIB_PICO_FIX_RP2040_USB_DEVICE_ENUMERATION=1 -DLIB_PICO_FLASH=1 -DLIB_PICO_FLOAT=1 -DLIB_PICO_FLOAT_PICO=1 -DLIB_PICO_FLOAT_PICO_VFP=1 -DLIB_PICO_INT64_OPS=1 -DLIB_PICO_INT64_OPS_COMPILER=1 -DLIB_PICO_MALLOC=1 -DLIB_PICO_MEM_OPS=1 -DLIB_PICO_MEM_OPS_COMPILER=1 -DLIB_PICO_NEWLIB_INTERFACE=1 -DLIB_PICO_PLATFORM=1 -DLIB_PICO_PLATFORM_COMMON=1 -DLIB_PICO_PLATFORM_COMPILER=1 -DLIB_PICO_PLATFORM_PANIC=1 -DLIB_PICO_PLATFORM_SECTIONS=1 -DLIB_PICO_PRINTF=1 -DLIB_PICO_PRINTF_PICO=1 -DLIB_PICO_RUNTIME=1 -DLIB_PICO_RUNTIME_INIT=1 -DLIB_PICO_STANDARD_BINARY_INFO=1 -DLIB_PICO_STANDARD_LINK=1 -DLIB_PICO_STDIO=1 -DLIB_PICO_STDLIB=1 -DLIB_PICO_SYNC=1 -DLIB_PICO_SYNC_CRITICAL_SECTION=1 -DLIB_PICO_SYNC_MUTEX=1 -DLIB_PICO_SYNC_SEM=1 -DLIB_PICO_TIME=1 -DLIB_PICO_TIME_ADAPTER=1 -DLIB_PICO_UNIQUE_ID=1 -DLIB_PICO_UTIL=1 -DLIB_TINYUSB_BOARD=1 -DLIB_TINYUSB_DEVICE=1 -DPICO_32BIT=1 -DPICO_BOARD=\"pico2\" -DPICO_BUILD=1 -DPICO_CMAKE_BUILD_TYPE=\"Release\" -DPICO_COPY_TO_RAM=0 -DPICO_CXX_ENABLE_EXCEPTIONS=0 -DPICO_NO_FLASH=0 -DPICO_NO_HARDWARE=0 -DPICO_ON_DEVICE=1 -DPICO_RP2040_USB_DEVICE_UFRAME_FIX=1 -DPICO_RP2350=1 -DPICO_TARGET_NAME=\"pico_6mic_soundcard\" -DPICO_USE_BLOCKED_RAM=0 -I/home/gpu/het68/build -I/home/gpu/het68 -I/home/gpu/het68/pico-sdk/src/rp2_common/pico_atomic/include -I/home/gpu/het68/pico-sdk/lib/tinyusb/src -I/home/gpu/het68/pico-sdk/src/rp2_common/tinyusb/include -I/home/gpu/het68/pico-sdk/lib/tinyusb/hw -isystem /home/gpu/het68/pico-sdk/src/common/pico_stdlib_headers/include -isystem /home/gpu/het68/pico-sdk/src/rp2_common/hardware_gpio/include -isystem /home/gpu/het68/pico-sdk/src/common/pico_base_headers/include -isystem /home/gpu/het68/build/generated/pico_base -isystem /home/gpu/het68/pico-sdk/src/boards/include -isystem /home/gpu/het68/pico-sdk/src/rp2350/pico_platform/include -isystem /home/gpu/het68/pico-sdk/src/rp2350/hardware_regs/include -isystem /home/gpu/het68/pico-sdk/src/rp2_common/hardware_base/include -isystem /home/gpu/het68/pico-sdk/src/rp2_common/pico_platform_common/include -isystem /home/gpu/het68/pico-sdk/src/rp2_common/pico_platform_compiler/include -isystem /home/gpu/het68/pico-sdk/src/rp2_common/pico_platform_panic/include -isystem /home/gpu/het68/pico-sdk/src/rp2_common/pico_platform_sections/include -isystem /home/gpu/het68/pico-sdk/src/rp2_common/hardware_dcp/include -isystem /home/gpu/het68/pico-sdk/src/rp2350/hardware_structs/include -isystem /home/gpu/het68/pico-sdk/src/rp2_common/hardware_rcp/include -isystem /home/gpu/het68/pico-sdk/src/common/hardware_claim/include -isystem /home/gpu/het68/pico-sdk/src/rp2_common/hardware_sync/include -isystem /home/gpu/het68/pico-sdk/src/rp2_common/hardware_sync_spin_lock/include -isystem /home/gpu/het68/pico-sdk/src/rp2_common/hardware_irq/include -isystem /home/gpu/het68/pico-sdk/src/rp2_common/hardware_uart/include -isystem /home/gpu/het68/pico-sdk/src/rp2_common/hardware_resets/include -isystem /home/gpu/het68/pico-sdk/src/rp2_common/hardware_clocks/include -isystem /home/gpu/het68/pico-sdk/src/rp2_common/hardware_pll/include -isystem /home/gpu/het68/pico-sdk/src/rp2_common/hardware_vreg/include -isystem /home/gpu/het68/pico-sdk/src/rp2_common/hardware_watchdog/include -isystem /home/gpu/het68/pico-sdk/src/rp2_common/hardware_ticks/include -isystem /home/gpu/het68/pico-sdk/src/rp2_common/pico_bootrom/include -isystem /home/gpu/het68/pico-sdk/src/common/boot_picoboot_headers/include -isystem /home/gpu/het68/pico-sdk/src/rp2_common/boot_bootrom_headers/include -isystem /home/gpu/het68/pico-sdk/src/rp2_common/hardware_boot_lock/include -isystem /home/gpu/het68/pico-sdk/src/rp2_common/pico_flash/include -isystem /home/gpu/het68/pico-sdk/src/common/pico_time/include -isystem /home/gpu/het68/pico-sdk/src/rp2_common/hardware_timer/include -isystem /home/gpu/het68/pico-sdk/src/common/pico_sync/include -isystem /home/gpu/het68/pico-sdk/src/common/pico_util/include -isystem /home/gpu/het68/pico-sdk/src/rp2_common/pico_time_adapter/include -isystem /home/gpu/het68/pico-sdk/src/rp2_common/hardware_xosc/include -isystem /home/gpu/het68/pico-sdk/src/rp2_common/hardware_divider/include -isystem /home/gpu/het68/pico-sdk/src/rp2_common/pico_runtime/include -isystem /home/gpu/het68/pico-sdk/src/rp2_common/pico_runtime_init/include -isystem /home/gpu/het68/pico-sdk/src/common/pico_bit_ops_headers/include -isystem /home/gpu/het68/pico-sdk/src/common/pico_divider_headers/include -isystem /home/gpu/het68/pico-sdk/src/rp2_common/pico_double/include -isystem /home/gpu/het68/pico-sdk/src/rp2_common/pico_float/include -isystem /home/gpu/het68/pico-sdk/src/rp2_common/pico_malloc/include -isystem /home/gpu/het68/pico-sdk/src/common/pico_binary_info/include -isystem /home/gpu/het68/pico-sdk/src/rp2_common/pico_printf/include -isystem /home/gpu/het68/pico-sdk/src/rp2_common/pico_stdio/include -isystem /home/gpu/het68/pico-sdk/src/rp2_common/pico_multicore/include -isystem /home/gpu/het68/pico-sdk/src/common/boot_picobin_headers/include -isystem /home/gpu/het68/pico-sdk/src/rp2350/boot_stage2/include -isystem /home/gpu/het68/pico-sdk/src/rp2_common/hardware_pio/include -isystem /home/gpu/het68/pico-sdk/src/rp2_common/hardware_dma/include -isystem /home/gpu/het68/pico-sdk/src/rp2_common/pico_fix/rp2040_usb_device_enumeration/include -isystem /home/gpu/het68/pico-sdk/src/rp2_common/pico_unique_id/include -isystem /home/gpu/het68/pico-sdk/src/rp2_common/hardware_flash/include -isystem /home/gpu/het68/pico-sdk/src/rp2_common/hardware_xip_cache/include -mcpu=cortex-m33 -mthumb -march=armv8-m.main+fp+dsp -mfloat-abi=softfp -mcmse -g -O3 -DNDEBUG -ffunction-sections -fdata-sections -MD -MT CMakeFiles/pico_6mic_soundcard.dir/pico-sdk/src/rp2_common/hardware_pio/pio.c.o -MF CMakeFiles/pico_6mic_soundcard.dir/pico-sdk/src/rp2_common/hardware_pio/pio.c.o.d -o CMakeFiles/pico_6mic_soundcard.dir/pico-sdk/src/rp2_common/hardware_pio/pio.c.o -c /home/gpu/het68/pico-sdk/src/rp2_common/hardware_pio/pio.c
[ 86%] Building C object CMakeFiles/pico_6mic_soundcard.dir/pico-sdk/lib/tinyusb/src/class/usbtmc/usbtmc_device.c.o
/usr/bin/arm-none-eabi-gcc -DCFG_TUSB_DEBUG=0 -DCFG_TUSB_MCU=OPT_MCU_RP2040 -DCFG_TUSB_OS=OPT_OS_PICO -DLIB_BOOT_STAGE2_HEADERS=1 -DLIB_PICO_ATOMIC=1 -DLIB_PICO_BIT_OPS=1 -DLIB_PICO_BIT_OPS_PICO=1 -DLIB_PICO_CLIB_INTERFACE=1 -DLIB_PICO_CRT0=1 -DLIB_PICO_CXX_OPTIONS=1 -DLIB_PICO_DIVIDER=1 -DLIB_PICO_DIVIDER_COMPILER=1 -DLIB_PICO_DOUBLE=1 -DLIB_PICO_DOUBLE_PICO=1 -DLIB_PICO_FIX_RP2040_USB_DEVICE_ENUMERATION=1 -DLIB_PICO_FLASH=1 -DLIB_PICO_FLOAT=1 -DLIB_PICO_FLOAT_PICO=1 -DLIB_PICO_FLOAT_PICO_VFP=1 -DLIB_PICO_INT64_OPS=1 -DLIB_PICO_INT64_OPS_COMPILER=1 -DLIB_PICO_MALLOC=1 -DLIB_PICO_MEM_OPS=1 -DLIB_PICO_MEM_OPS_COMPILER=1 -DLIB_PICO_NEWLIB_INTERFACE=1 -DLIB_PICO_PLATFORM=1 -DLIB_PICO_PLATFORM_COMMON=1 -DLIB_PICO_PLATFORM_COMPILER=1 -DLIB_PICO_PLATFORM_PANIC=1 -DLIB_PICO_PLATFORM_SECTIONS=1 -DLIB_PICO_PRINTF=1 -DLIB_PICO_PRINTF_PICO=1 -DLIB_PICO_RUNTIME=1 -DLIB_PICO_RUNTIME_INIT=1 -DLIB_PICO_STANDARD_BINARY_INFO=1 -DLIB_PICO_STANDARD_LINK=1 -DLIB_PICO_STDIO=1 -DLIB_PICO_STDLIB=1 -DLIB_PICO_SYNC=1 -DLIB_PICO_SYNC_CRITICAL_SECTION=1 -DLIB_PICO_SYNC_MUTEX=1 -DLIB_PICO_SYNC_SEM=1 -DLIB_PICO_TIME=1 -DLIB_PICO_TIME_ADAPTER=1 -DLIB_PICO_UNIQUE_ID=1 -DLIB_PICO_UTIL=1 -DLIB_TINYUSB_BOARD=1 -DLIB_TINYUSB_DEVICE=1 -DPICO_32BIT=1 -DPICO_BOARD=\"pico2\" -DPICO_BUILD=1 -DPICO_CMAKE_BUILD_TYPE=\"Release\" -DPICO_COPY_TO_RAM=0 -DPICO_CXX_ENABLE_EXCEPTIONS=0 -DPICO_NO_FLASH=0 -DPICO_NO_HARDWARE=0 -DPICO_ON_DEVICE=1 -DPICO_RP2040_USB_DEVICE_UFRAME_FIX=1 -DPICO_RP2350=1 -DPICO_TARGET_NAME=\"pico_6mic_soundcard\" -DPICO_USE_BLOCKED_RAM=0 -I/home/gpu/het68/build -I/home/gpu/het68 -I/home/gpu/het68/pico-sdk/src/rp2_common/pico_atomic/include -I/home/gpu/het68/pico-sdk/lib/tinyusb/src -I/home/gpu/het68/pico-sdk/src/rp2_common/tinyusb/include -I/home/gpu/het68/pico-sdk/lib/tinyusb/hw -isystem /home/gpu/het68/pico-sdk/src/common/pico_stdlib_headers/include -isystem /home/gpu/het68/pico-sdk/src/rp2_common/hardware_gpio/include -isystem /home/gpu/het68/pico-sdk/src/common/pico_base_headers/include -isystem /home/gpu/het68/build/generated/pico_base -isystem /home/gpu/het68/pico-sdk/src/boards/include -isystem /home/gpu/het68/pico-sdk/src/rp2350/pico_platform/include -isystem /home/gpu/het68/pico-sdk/src/rp2350/hardware_regs/include -isystem /home/gpu/het68/pico-sdk/src/rp2_common/hardware_base/include -isystem /home/gpu/het68/pico-sdk/src/rp2_common/pico_platform_common/include -isystem /home/gpu/het68/pico-sdk/src/rp2_common/pico_platform_compiler/include -isystem /home/gpu/het68/pico-sdk/src/rp2_common/pico_platform_panic/include -isystem /home/gpu/het68/pico-sdk/src/rp2_common/pico_platform_sections/include -isystem /home/gpu/het68/pico-sdk/src/rp2_common/hardware_dcp/include -isystem /home/gpu/het68/pico-sdk/src/rp2350/hardware_structs/include -isystem /home/gpu/het68/pico-sdk/src/rp2_common/hardware_rcp/include -isystem /home/gpu/het68/pico-sdk/src/common/hardware_claim/include -isystem /home/gpu/het68/pico-sdk/src/rp2_common/hardware_sync/include -isystem /home/gpu/het68/pico-sdk/src/rp2_common/hardware_sync_spin_lock/include -isystem /home/gpu/het68/pico-sdk/src/rp2_common/hardware_irq/include -isystem /home/gpu/het68/pico-sdk/src/rp2_common/hardware_uart/include -isystem /home/gpu/het68/pico-sdk/src/rp2_common/hardware_resets/include -isystem /home/gpu/het68/pico-sdk/src/rp2_common/hardware_clocks/include -isystem /home/gpu/het68/pico-sdk/src/rp2_common/hardware_pll/include -isystem /home/gpu/het68/pico-sdk/src/rp2_common/hardware_vreg/include -isystem /home/gpu/het68/pico-sdk/src/rp2_common/hardware_watchdog/include -isystem /home/gpu/het68/pico-sdk/src/rp2_common/hardware_ticks/include -isystem /home/gpu/het68/pico-sdk/src/rp2_common/pico_bootrom/include -isystem /home/gpu/het68/pico-sdk/src/common/boot_picoboot_headers/include -isystem /home/gpu/het68/pico-sdk/src/rp2_common/boot_bootrom_headers/include -isystem /home/gpu/het68/pico-sdk/src/rp2_common/hardware_boot_lock/include -isystem /home/gpu/het68/pico-sdk/src/rp2_common/pico_flash/include -isystem /home/gpu/het68/pico-sdk/src/common/pico_time/include -isystem /home/gpu/het68/pico-sdk/src/rp2_common/hardware_timer/include -isystem /home/gpu/het68/pico-sdk/src/common/pico_sync/include -isystem /home/gpu/het68/pico-sdk/src/common/pico_util/include -isystem /home/gpu/het68/pico-sdk/src/rp2_common/pico_time_adapter/include -isystem /home/gpu/het68/pico-sdk/src/rp2_common/hardware_xosc/include -isystem /home/gpu/het68/pico-sdk/src/rp2_common/hardware_divider/include -isystem /home/gpu/het68/pico-sdk/src/rp2_common/pico_runtime/include -isystem /home/gpu/het68/pico-sdk/src/rp2_common/pico_runtime_init/include -isystem /home/gpu/het68/pico-sdk/src/common/pico_bit_ops_headers/include -isystem /home/gpu/het68/pico-sdk/src/common/pico_divider_headers/include -isystem /home/gpu/het68/pico-sdk/src/rp2_common/pico_double/include -isystem /home/gpu/het68/pico-sdk/src/rp2_common/pico_float/include -isystem /home/gpu/het68/pico-sdk/src/rp2_common/pico_malloc/include -isystem /home/gpu/het68/pico-sdk/src/common/pico_binary_info/include -isystem /home/gpu/het68/pico-sdk/src/rp2_common/pico_printf/include -isystem /home/gpu/het68/pico-sdk/src/rp2_common/pico_stdio/include -isystem /home/gpu/het68/pico-sdk/src/rp2_common/pico_multicore/include -isystem /home/gpu/het68/pico-sdk/src/common/boot_picobin_headers/include -isystem /home/gpu/het68/pico-sdk/src/rp2350/boot_stage2/include -isystem /home/gpu/het68/pico-sdk/src/rp2_common/hardware_pio/include -isystem /home/gpu/het68/pico-sdk/src/rp2_common/hardware_dma/include -isystem /home/gpu/het68/pico-sdk/src/rp2_common/pico_fix/rp2040_usb_device_enumeration/include -isystem /home/gpu/het68/pico-sdk/src/rp2_common/pico_unique_id/include -isystem /home/gpu/het68/pico-sdk/src/rp2_common/hardware_flash/include -isystem /home/gpu/het68/pico-sdk/src/rp2_common/hardware_xip_cache/include -mcpu=cortex-m33 -mthumb -march=armv8-m.main+fp+dsp -mfloat-abi=softfp -mcmse -g -O3 -DNDEBUG -ffunction-sections -fdata-sections -MD -MT CMakeFiles/pico_6mic_soundcard.dir/pico-sdk/src/rp2_common/hardware_dma/dma.c.o -MF CMakeFiles/pico_6mic_soundcard.dir/pico-sdk/src/rp2_common/hardware_dma/dma.c.o.d -o CMakeFiles/pico_6mic_soundcard.dir/pico-sdk/src/rp2_common/hardware_dma/dma.c.o -c /home/gpu/het68/pico-sdk/src/rp2_common/hardware_dma/dma.c
[ 86%] Building C object CMakeFiles/pico_6mic_soundcard.dir/pico-sdk/lib/tinyusb/src/class/video/video_device.c.o
/usr/bin/arm-none-eabi-gcc -DCFG_TUSB_DEBUG=0 -DCFG_TUSB_MCU=OPT_MCU_RP2040 -DCFG_TUSB_OS=OPT_OS_PICO -DLIB_BOOT_STAGE2_HEADERS=1 -DLIB_PICO_ATOMIC=1 -DLIB_PICO_BIT_OPS=1 -DLIB_PICO_BIT_OPS_PICO=1 -DLIB_PICO_CLIB_INTERFACE=1 -DLIB_PICO_CRT0=1 -DLIB_PICO_CXX_OPTIONS=1 -DLIB_PICO_DIVIDER=1 -DLIB_PICO_DIVIDER_COMPILER=1 -DLIB_PICO_DOUBLE=1 -DLIB_PICO_DOUBLE_PICO=1 -DLIB_PICO_FIX_RP2040_USB_DEVICE_ENUMERATION=1 -DLIB_PICO_FLASH=1 -DLIB_PICO_FLOAT=1 -DLIB_PICO_FLOAT_PICO=1 -DLIB_PICO_FLOAT_PICO_VFP=1 -DLIB_PICO_INT64_OPS=1 -DLIB_PICO_INT64_OPS_COMPILER=1 -DLIB_PICO_MALLOC=1 -DLIB_PICO_MEM_OPS=1 -DLIB_PICO_MEM_OPS_COMPILER=1 -DLIB_PICO_NEWLIB_INTERFACE=1 -DLIB_PICO_PLATFORM=1 -DLIB_PICO_PLATFORM_COMMON=1 -DLIB_PICO_PLATFORM_COMPILER=1 -DLIB_PICO_PLATFORM_PANIC=1 -DLIB_PICO_PLATFORM_SECTIONS=1 -DLIB_PICO_PRINTF=1 -DLIB_PICO_PRINTF_PICO=1 -DLIB_PICO_RUNTIME=1 -DLIB_PICO_RUNTIME_INIT=1 -DLIB_PICO_STANDARD_BINARY_INFO=1 -DLIB_PICO_STANDARD_LINK=1 -DLIB_PICO_STDIO=1 -DLIB_PICO_STDLIB=1 -DLIB_PICO_SYNC=1 -DLIB_PICO_SYNC_CRITICAL_SECTION=1 -DLIB_PICO_SYNC_MUTEX=1 -DLIB_PICO_SYNC_SEM=1 -DLIB_PICO_TIME=1 -DLIB_PICO_TIME_ADAPTER=1 -DLIB_PICO_UNIQUE_ID=1 -DLIB_PICO_UTIL=1 -DLIB_TINYUSB_BOARD=1 -DLIB_TINYUSB_DEVICE=1 -DPICO_32BIT=1 -DPICO_BOARD=\"pico2\" -DPICO_BUILD=1 -DPICO_CMAKE_BUILD_TYPE=\"Release\" -DPICO_COPY_TO_RAM=0 -DPICO_CXX_ENABLE_EXCEPTIONS=0 -DPICO_NO_FLASH=0 -DPICO_NO_HARDWARE=0 -DPICO_ON_DEVICE=1 -DPICO_RP2040_USB_DEVICE_UFRAME_FIX=1 -DPICO_RP2350=1 -DPICO_TARGET_NAME=\"pico_6mic_soundcard\" -DPICO_USE_BLOCKED_RAM=0 -I/home/gpu/het68/build -I/home/gpu/het68 -I/home/gpu/het68/pico-sdk/src/rp2_common/pico_atomic/include -I/home/gpu/het68/pico-sdk/lib/tinyusb/src -I/home/gpu/het68/pico-sdk/src/rp2_common/tinyusb/include -I/home/gpu/het68/pico-sdk/lib/tinyusb/hw -isystem /home/gpu/het68/pico-sdk/src/common/pico_stdlib_headers/include -isystem /home/gpu/het68/pico-sdk/src/rp2_common/hardware_gpio/include -isystem /home/gpu/het68/pico-sdk/src/common/pico_base_headers/include -isystem /home/gpu/het68/build/generated/pico_base -isystem /home/gpu/het68/pico-sdk/src/boards/include -isystem /home/gpu/het68/pico-sdk/src/rp2350/pico_platform/include -isystem /home/gpu/het68/pico-sdk/src/rp2350/hardware_regs/include -isystem /home/gpu/het68/pico-sdk/src/rp2_common/hardware_base/include -isystem /home/gpu/het68/pico-sdk/src/rp2_common/pico_platform_common/include -isystem /home/gpu/het68/pico-sdk/src/rp2_common/pico_platform_compiler/include -isystem /home/gpu/het68/pico-sdk/src/rp2_common/pico_platform_panic/include -isystem /home/gpu/het68/pico-sdk/src/rp2_common/pico_platform_sections/include -isystem /home/gpu/het68/pico-sdk/src/rp2_common/hardware_dcp/include -isystem /home/gpu/het68/pico-sdk/src/rp2350/hardware_structs/include -isystem /home/gpu/het68/pico-sdk/src/rp2_common/hardware_rcp/include -isystem /home/gpu/het68/pico-sdk/src/common/hardware_claim/include -isystem /home/gpu/het68/pico-sdk/src/rp2_common/hardware_sync/include -isystem /home/gpu/het68/pico-sdk/src/rp2_common/hardware_sync_spin_lock/include -isystem /home/gpu/het68/pico-sdk/src/rp2_common/hardware_irq/include -isystem /home/gpu/het68/pico-sdk/src/rp2_common/hardware_uart/include -isystem /home/gpu/het68/pico-sdk/src/rp2_common/hardware_resets/include -isystem /home/gpu/het68/pico-sdk/src/rp2_common/hardware_clocks/include -isystem /home/gpu/het68/pico-sdk/src/rp2_common/hardware_pll/include -isystem /home/gpu/het68/pico-sdk/src/rp2_common/hardware_vreg/include -isystem /home/gpu/het68/pico-sdk/src/rp2_common/hardware_watchdog/include -isystem /home/gpu/het68/pico-sdk/src/rp2_common/hardware_ticks/include -isystem /home/gpu/het68/pico-sdk/src/rp2_common/pico_bootrom/include -isystem /home/gpu/het68/pico-sdk/src/common/boot_picoboot_headers/include -isystem /home/gpu/het68/pico-sdk/src/rp2_common/boot_bootrom_headers/include -isystem /home/gpu/het68/pico-sdk/src/rp2_common/hardware_boot_lock/include -isystem /home/gpu/het68/pico-sdk/src/rp2_common/pico_flash/include -isystem /home/gpu/het68/pico-sdk/src/common/pico_time/include -isystem /home/gpu/het68/pico-sdk/src/rp2_common/hardware_timer/include -isystem /home/gpu/het68/pico-sdk/src/common/pico_sync/include -isystem /home/gpu/het68/pico-sdk/src/common/pico_util/include -isystem /home/gpu/het68/pico-sdk/src/rp2_common/pico_time_adapter/include -isystem /home/gpu/het68/pico-sdk/src/rp2_common/hardware_xosc/include -isystem /home/gpu/het68/pico-sdk/src/rp2_common/hardware_divider/include -isystem /home/gpu/het68/pico-sdk/src/rp2_common/pico_runtime/include -isystem /home/gpu/het68/pico-sdk/src/rp2_common/pico_runtime_init/include -isystem /home/gpu/het68/pico-sdk/src/common/pico_bit_ops_headers/include -isystem /home/gpu/het68/pico-sdk/src/common/pico_divider_headers/include -isystem /home/gpu/het68/pico-sdk/src/rp2_common/pico_double/include -isystem /home/gpu/het68/pico-sdk/src/rp2_common/pico_float/include -isystem /home/gpu/het68/pico-sdk/src/rp2_common/pico_malloc/include -isystem /home/gpu/het68/pico-sdk/src/common/pico_binary_info/include -isystem /home/gpu/het68/pico-sdk/src/rp2_common/pico_printf/include -isystem /home/gpu/het68/pico-sdk/src/rp2_common/pico_stdio/include -isystem /home/gpu/het68/pico-sdk/src/rp2_common/pico_multicore/include -isystem /home/gpu/het68/pico-sdk/src/common/boot_picobin_headers/include -isystem /home/gpu/het68/pico-sdk/src/rp2350/boot_stage2/include -isystem /home/gpu/het68/pico-sdk/src/rp2_common/hardware_pio/include -isystem /home/gpu/het68/pico-sdk/src/rp2_common/hardware_dma/include -isystem /home/gpu/het68/pico-sdk/src/rp2_common/pico_fix/rp2040_usb_device_enumeration/include -isystem /home/gpu/het68/pico-sdk/src/rp2_common/pico_unique_id/include -isystem /home/gpu/het68/pico-sdk/src/rp2_common/hardware_flash/include -isystem /home/gpu/het68/pico-sdk/src/rp2_common/hardware_xip_cache/include -mcpu=cortex-m33 -mthumb -march=armv8-m.main+fp+dsp -mfloat-abi=softfp -mcmse -g -O3 -DNDEBUG -ffunction-sections -fdata-sections -MD -MT CMakeFiles/pico_6mic_soundcard.dir/pico-sdk/lib/tinyusb/src/class/dfu/dfu_device.c.o -MF CMakeFiles/pico_6mic_soundcard.dir/pico-sdk/lib/tinyusb/src/class/dfu/dfu_device.c.o.d -o CMakeFiles/pico_6mic_soundcard.dir/pico-sdk/lib/tinyusb/src/class/dfu/dfu_device.c.o -c /home/gpu/het68/pico-sdk/lib/tinyusb/src/class/dfu/dfu_device.c
/usr/bin/arm-none-eabi-gcc -DCFG_TUSB_DEBUG=0 -DCFG_TUSB_MCU=OPT_MCU_RP2040 -DCFG_TUSB_OS=OPT_OS_PICO -DLIB_BOOT_STAGE2_HEADERS=1 -DLIB_PICO_ATOMIC=1 -DLIB_PICO_BIT_OPS=1 -DLIB_PICO_BIT_OPS_PICO=1 -DLIB_PICO_CLIB_INTERFACE=1 -DLIB_PICO_CRT0=1 -DLIB_PICO_CXX_OPTIONS=1 -DLIB_PICO_DIVIDER=1 -DLIB_PICO_DIVIDER_COMPILER=1 -DLIB_PICO_DOUBLE=1 -DLIB_PICO_DOUBLE_PICO=1 -DLIB_PICO_FIX_RP2040_USB_DEVICE_ENUMERATION=1 -DLIB_PICO_FLASH=1 -DLIB_PICO_FLOAT=1 -DLIB_PICO_FLOAT_PICO=1 -DLIB_PICO_FLOAT_PICO_VFP=1 -DLIB_PICO_INT64_OPS=1 -DLIB_PICO_INT64_OPS_COMPILER=1 -DLIB_PICO_MALLOC=1 -DLIB_PICO_MEM_OPS=1 -DLIB_PICO_MEM_OPS_COMPILER=1 -DLIB_PICO_NEWLIB_INTERFACE=1 -DLIB_PICO_PLATFORM=1 -DLIB_PICO_PLATFORM_COMMON=1 -DLIB_PICO_PLATFORM_COMPILER=1 -DLIB_PICO_PLATFORM_PANIC=1 -DLIB_PICO_PLATFORM_SECTIONS=1 -DLIB_PICO_PRINTF=1 -DLIB_PICO_PRINTF_PICO=1 -DLIB_PICO_RUNTIME=1 -DLIB_PICO_RUNTIME_INIT=1 -DLIB_PICO_STANDARD_BINARY_INFO=1 -DLIB_PICO_STANDARD_LINK=1 -DLIB_PICO_STDIO=1 -DLIB_PICO_STDLIB=1 -DLIB_PICO_SYNC=1 -DLIB_PICO_SYNC_CRITICAL_SECTION=1 -DLIB_PICO_SYNC_MUTEX=1 -DLIB_PICO_SYNC_SEM=1 -DLIB_PICO_TIME=1 -DLIB_PICO_TIME_ADAPTER=1 -DLIB_PICO_UNIQUE_ID=1 -DLIB_PICO_UTIL=1 -DLIB_TINYUSB_BOARD=1 -DLIB_TINYUSB_DEVICE=1 -DPICO_32BIT=1 -DPICO_BOARD=\"pico2\" -DPICO_BUILD=1 -DPICO_CMAKE_BUILD_TYPE=\"Release\" -DPICO_COPY_TO_RAM=0 -DPICO_CXX_ENABLE_EXCEPTIONS=0 -DPICO_NO_FLASH=0 -DPICO_NO_HARDWARE=0 -DPICO_ON_DEVICE=1 -DPICO_RP2040_USB_DEVICE_UFRAME_FIX=1 -DPICO_RP2350=1 -DPICO_TARGET_NAME=\"pico_6mic_soundcard\" -DPICO_USE_BLOCKED_RAM=0 -I/home/gpu/het68/build -I/home/gpu/het68 -I/home/gpu/het68/pico-sdk/src/rp2_common/pico_atomic/include -I/home/gpu/het68/pico-sdk/lib/tinyusb/src -I/home/gpu/het68/pico-sdk/src/rp2_common/tinyusb/include -I/home/gpu/het68/pico-sdk/lib/tinyusb/hw -isystem /home/gpu/het68/pico-sdk/src/common/pico_stdlib_headers/include -isystem /home/gpu/het68/pico-sdk/src/rp2_common/hardware_gpio/include -isystem /home/gpu/het68/pico-sdk/src/common/pico_base_headers/include -isystem /home/gpu/het68/build/generated/pico_base -isystem /home/gpu/het68/pico-sdk/src/boards/include -isystem /home/gpu/het68/pico-sdk/src/rp2350/pico_platform/include -isystem /home/gpu/het68/pico-sdk/src/rp2350/hardware_regs/include -isystem /home/gpu/het68/pico-sdk/src/rp2_common/hardware_base/include -isystem /home/gpu/het68/pico-sdk/src/rp2_common/pico_platform_common/include -isystem /home/gpu/het68/pico-sdk/src/rp2_common/pico_platform_compiler/include -isystem /home/gpu/het68/pico-sdk/src/rp2_common/pico_platform_panic/include -isystem /home/gpu/het68/pico-sdk/src/rp2_common/pico_platform_sections/include -isystem /home/gpu/het68/pico-sdk/src/rp2_common/hardware_dcp/include -isystem /home/gpu/het68/pico-sdk/src/rp2350/hardware_structs/include -isystem /home/gpu/het68/pico-sdk/src/rp2_common/hardware_rcp/include -isystem /home/gpu/het68/pico-sdk/src/common/hardware_claim/include -isystem /home/gpu/het68/pico-sdk/src/rp2_common/hardware_sync/include -isystem /home/gpu/het68/pico-sdk/src/rp2_common/hardware_sync_spin_lock/include -isystem /home/gpu/het68/pico-sdk/src/rp2_common/hardware_irq/include -isystem /home/gpu/het68/pico-sdk/src/rp2_common/hardware_uart/include -isystem /home/gpu/het68/pico-sdk/src/rp2_common/hardware_resets/include -isystem /home/gpu/het68/pico-sdk/src/rp2_common/hardware_clocks/include -isystem /home/gpu/het68/pico-sdk/src/rp2_common/hardware_pll/include -isystem /home/gpu/het68/pico-sdk/src/rp2_common/hardware_vreg/include -isystem /home/gpu/het68/pico-sdk/src/rp2_common/hardware_watchdog/include -isystem /home/gpu/het68/pico-sdk/src/rp2_common/hardware_ticks/include -isystem /home/gpu/het68/pico-sdk/src/rp2_common/pico_bootrom/include -isystem /home/gpu/het68/pico-sdk/src/common/boot_picoboot_headers/include -isystem /home/gpu/het68/pico-sdk/src/rp2_common/boot_bootrom_headers/include -isystem /home/gpu/het68/pico-sdk/src/rp2_common/hardware_boot_lock/include -isystem /home/gpu/het68/pico-sdk/src/rp2_common/pico_flash/include -isystem /home/gpu/het68/pico-sdk/src/common/pico_time/include -isystem /home/gpu/het68/pico-sdk/src/rp2_common/hardware_timer/include -isystem /home/gpu/het68/pico-sdk/src/common/pico_sync/include -isystem /home/gpu/het68/pico-sdk/src/common/pico_util/include -isystem /home/gpu/het68/pico-sdk/src/rp2_common/pico_time_adapter/include -isystem /home/gpu/het68/pico-sdk/src/rp2_common/hardware_xosc/include -isystem /home/gpu/het68/pico-sdk/src/rp2_common/hardware_divider/include -isystem /home/gpu/het68/pico-sdk/src/rp2_common/pico_runtime/include -isystem /home/gpu/het68/pico-sdk/src/rp2_common/pico_runtime_init/include -isystem /home/gpu/het68/pico-sdk/src/common/pico_bit_ops_headers/include -isystem /home/gpu/het68/pico-sdk/src/common/pico_divider_headers/include -isystem /home/gpu/het68/pico-sdk/src/rp2_common/pico_double/include -isystem /home/gpu/het68/pico-sdk/src/rp2_common/pico_float/include -isystem /home/gpu/het68/pico-sdk/src/rp2_common/pico_malloc/include -isystem /home/gpu/het68/pico-sdk/src/common/pico_binary_info/include -isystem /home/gpu/het68/pico-sdk/src/rp2_common/pico_printf/include -isystem /home/gpu/het68/pico-sdk/src/rp2_common/pico_stdio/include -isystem /home/gpu/het68/pico-sdk/src/rp2_common/pico_multicore/include -isystem /home/gpu/het68/pico-sdk/src/common/boot_picobin_headers/include -isystem /home/gpu/het68/pico-sdk/src/rp2350/boot_stage2/include -isystem /home/gpu/het68/pico-sdk/src/rp2_common/hardware_pio/include -isystem /home/gpu/het68/pico-sdk/src/rp2_common/hardware_dma/include -isystem /home/gpu/het68/pico-sdk/src/rp2_common/pico_fix/rp2040_usb_device_enumeration/include -isystem /home/gpu/het68/pico-sdk/src/rp2_common/pico_unique_id/include -isystem /home/gpu/het68/pico-sdk/src/rp2_common/hardware_flash/include -isystem /home/gpu/het68/pico-sdk/src/rp2_common/hardware_xip_cache/include -mcpu=cortex-m33 -mthumb -march=armv8-m.main+fp+dsp -mfloat-abi=softfp -mcmse -g -O3 -DNDEBUG -ffunction-sections -fdata-sections -MD -MT CMakeFiles/pico_6mic_soundcard.dir/pico-sdk/lib/tinyusb/src/device/usbd.c.o -MF CMakeFiles/pico_6mic_soundcard.dir/pico-sdk/lib/tinyusb/src/device/usbd.c.o.d -o CMakeFiles/pico_6mic_soundcard.dir/pico-sdk/lib/tinyusb/src/device/usbd.c.o -c /home/gpu/het68/pico-sdk/lib/tinyusb/src/device/usbd.c
/usr/bin/arm-none-eabi-gcc -DCFG_TUSB_DEBUG=0 -DCFG_TUSB_MCU=OPT_MCU_RP2040 -DCFG_TUSB_OS=OPT_OS_PICO -DLIB_BOOT_STAGE2_HEADERS=1 -DLIB_PICO_ATOMIC=1 -DLIB_PICO_BIT_OPS=1 -DLIB_PICO_BIT_OPS_PICO=1 -DLIB_PICO_CLIB_INTERFACE=1 -DLIB_PICO_CRT0=1 -DLIB_PICO_CXX_OPTIONS=1 -DLIB_PICO_DIVIDER=1 -DLIB_PICO_DIVIDER_COMPILER=1 -DLIB_PICO_DOUBLE=1 -DLIB_PICO_DOUBLE_PICO=1 -DLIB_PICO_FIX_RP2040_USB_DEVICE_ENUMERATION=1 -DLIB_PICO_FLASH=1 -DLIB_PICO_FLOAT=1 -DLIB_PICO_FLOAT_PICO=1 -DLIB_PICO_FLOAT_PICO_VFP=1 -DLIB_PICO_INT64_OPS=1 -DLIB_PICO_INT64_OPS_COMPILER=1 -DLIB_PICO_MALLOC=1 -DLIB_PICO_MEM_OPS=1 -DLIB_PICO_MEM_OPS_COMPILER=1 -DLIB_PICO_NEWLIB_INTERFACE=1 -DLIB_PICO_PLATFORM=1 -DLIB_PICO_PLATFORM_COMMON=1 -DLIB_PICO_PLATFORM_COMPILER=1 -DLIB_PICO_PLATFORM_PANIC=1 -DLIB_PICO_PLATFORM_SECTIONS=1 -DLIB_PICO_PRINTF=1 -DLIB_PICO_PRINTF_PICO=1 -DLIB_PICO_RUNTIME=1 -DLIB_PICO_RUNTIME_INIT=1 -DLIB_PICO_STANDARD_BINARY_INFO=1 -DLIB_PICO_STANDARD_LINK=1 -DLIB_PICO_STDIO=1 -DLIB_PICO_STDLIB=1 -DLIB_PICO_SYNC=1 -DLIB_PICO_SYNC_CRITICAL_SECTION=1 -DLIB_PICO_SYNC_MUTEX=1 -DLIB_PICO_SYNC_SEM=1 -DLIB_PICO_TIME=1 -DLIB_PICO_TIME_ADAPTER=1 -DLIB_PICO_UNIQUE_ID=1 -DLIB_PICO_UTIL=1 -DLIB_TINYUSB_BOARD=1 -DLIB_TINYUSB_DEVICE=1 -DPICO_32BIT=1 -DPICO_BOARD=\"pico2\" -DPICO_BUILD=1 -DPICO_CMAKE_BUILD_TYPE=\"Release\" -DPICO_COPY_TO_RAM=0 -DPICO_CXX_ENABLE_EXCEPTIONS=0 -DPICO_NO_FLASH=0 -DPICO_NO_HARDWARE=0 -DPICO_ON_DEVICE=1 -DPICO_RP2040_USB_DEVICE_UFRAME_FIX=1 -DPICO_RP2350=1 -DPICO_TARGET_NAME=\"pico_6mic_soundcard\" -DPICO_USE_BLOCKED_RAM=0 -I/home/gpu/het68/build -I/home/gpu/het68 -I/home/gpu/het68/pico-sdk/src/rp2_common/pico_atomic/include -I/home/gpu/het68/pico-sdk/lib/tinyusb/src -I/home/gpu/het68/pico-sdk/src/rp2_common/tinyusb/include -I/home/gpu/het68/pico-sdk/lib/tinyusb/hw -isystem /home/gpu/het68/pico-sdk/src/common/pico_stdlib_headers/include -isystem /home/gpu/het68/pico-sdk/src/rp2_common/hardware_gpio/include -isystem /home/gpu/het68/pico-sdk/src/common/pico_base_headers/include -isystem /home/gpu/het68/build/generated/pico_base -isystem /home/gpu/het68/pico-sdk/src/boards/include -isystem /home/gpu/het68/pico-sdk/src/rp2350/pico_platform/include -isystem /home/gpu/het68/pico-sdk/src/rp2350/hardware_regs/include -isystem /home/gpu/het68/pico-sdk/src/rp2_common/hardware_base/include -isystem /home/gpu/het68/pico-sdk/src/rp2_common/pico_platform_common/include -isystem /home/gpu/het68/pico-sdk/src/rp2_common/pico_platform_compiler/include -isystem /home/gpu/het68/pico-sdk/src/rp2_common/pico_platform_panic/include -isystem /home/gpu/het68/pico-sdk/src/rp2_common/pico_platform_sections/include -isystem /home/gpu/het68/pico-sdk/src/rp2_common/hardware_dcp/include -isystem /home/gpu/het68/pico-sdk/src/rp2350/hardware_structs/include -isystem /home/gpu/het68/pico-sdk/src/rp2_common/hardware_rcp/include -isystem /home/gpu/het68/pico-sdk/src/common/hardware_claim/include -isystem /home/gpu/het68/pico-sdk/src/rp2_common/hardware_sync/include -isystem /home/gpu/het68/pico-sdk/src/rp2_common/hardware_sync_spin_lock/include -isystem /home/gpu/het68/pico-sdk/src/rp2_common/hardware_irq/include -isystem /home/gpu/het68/pico-sdk/src/rp2_common/hardware_uart/include -isystem /home/gpu/het68/pico-sdk/src/rp2_common/hardware_resets/include -isystem /home/gpu/het68/pico-sdk/src/rp2_common/hardware_clocks/include -isystem /home/gpu/het68/pico-sdk/src/rp2_common/hardware_pll/include -isystem /home/gpu/het68/pico-sdk/src/rp2_common/hardware_vreg/include -isystem /home/gpu/het68/pico-sdk/src/rp2_common/hardware_watchdog/include -isystem /home/gpu/het68/pico-sdk/src/rp2_common/hardware_ticks/include -isystem /home/gpu/het68/pico-sdk/src/rp2_common/pico_bootrom/include -isystem /home/gpu/het68/pico-sdk/src/common/boot_picoboot_headers/include -isystem /home/gpu/het68/pico-sdk/src/rp2_common/boot_bootrom_headers/include -isystem /home/gpu/het68/pico-sdk/src/rp2_common/hardware_boot_lock/include -isystem /home/gpu/het68/pico-sdk/src/rp2_common/pico_flash/include -isystem /home/gpu/het68/pico-sdk/src/common/pico_time/include -isystem /home/gpu/het68/pico-sdk/src/rp2_common/hardware_timer/include -isystem /home/gpu/het68/pico-sdk/src/common/pico_sync/include -isystem /home/gpu/het68/pico-sdk/src/common/pico_util/include -isystem /home/gpu/het68/pico-sdk/src/rp2_common/pico_time_adapter/include -isystem /home/gpu/het68/pico-sdk/src/rp2_common/hardware_xosc/include -isystem /home/gpu/het68/pico-sdk/src/rp2_common/hardware_divider/include -isystem /home/gpu/het68/pico-sdk/src/rp2_common/pico_runtime/include -isystem /home/gpu/het68/pico-sdk/src/rp2_common/pico_runtime_init/include -isystem /home/gpu/het68/pico-sdk/src/common/pico_bit_ops_headers/include -isystem /home/gpu/het68/pico-sdk/src/common/pico_divider_headers/include -isystem /home/gpu/het68/pico-sdk/src/rp2_common/pico_double/include -isystem /home/gpu/het68/pico-sdk/src/rp2_common/pico_float/include -isystem /home/gpu/het68/pico-sdk/src/rp2_common/pico_malloc/include -isystem /home/gpu/het68/pico-sdk/src/common/pico_binary_info/include -isystem /home/gpu/het68/pico-sdk/src/rp2_common/pico_printf/include -isystem /home/gpu/het68/pico-sdk/src/rp2_common/pico_stdio/include -isystem /home/gpu/het68/pico-sdk/src/rp2_common/pico_multicore/include -isystem /home/gpu/het68/pico-sdk/src/common/boot_picobin_headers/include -isystem /home/gpu/het68/pico-sdk/src/rp2350/boot_stage2/include -isystem /home/gpu/het68/pico-sdk/src/rp2_common/hardware_pio/include -isystem /home/gpu/het68/pico-sdk/src/rp2_common/hardware_dma/include -isystem /home/gpu/het68/pico-sdk/src/rp2_common/pico_fix/rp2040_usb_device_enumeration/include -isystem /home/gpu/het68/pico-sdk/src/rp2_common/pico_unique_id/include -isystem /home/gpu/het68/pico-sdk/src/rp2_common/hardware_flash/include -isystem /home/gpu/het68/pico-sdk/src/rp2_common/hardware_xip_cache/include -mcpu=cortex-m33 -mthumb -march=armv8-m.main+fp+dsp -mfloat-abi=softfp -mcmse -g -O3 -DNDEBUG -ffunction-sections -fdata-sections -MD -MT CMakeFiles/pico_6mic_soundcard.dir/pico-sdk/lib/tinyusb/src/tusb.c.o -MF CMakeFiles/pico_6mic_soundcard.dir/pico-sdk/lib/tinyusb/src/tusb.c.o.d -o CMakeFiles/pico_6mic_soundcard.dir/pico-sdk/lib/tinyusb/src/tusb.c.o -c /home/gpu/het68/pico-sdk/lib/tinyusb/src/tusb.c
[ 87%] Building C object CMakeFiles/pico_6mic_soundcard.dir/pico-sdk/lib/tinyusb/src/class/msc/msc_device.c.o
[ 88%] Building C object CMakeFiles/pico_6mic_soundcard.dir/pico-sdk/lib/tinyusb/src/class/midi/midi_device.c.o
/usr/bin/arm-none-eabi-gcc -DCFG_TUSB_DEBUG=0 -DCFG_TUSB_MCU=OPT_MCU_RP2040 -DCFG_TUSB_OS=OPT_OS_PICO -DLIB_BOOT_STAGE2_HEADERS=1 -DLIB_PICO_ATOMIC=1 -DLIB_PICO_BIT_OPS=1 -DLIB_PICO_BIT_OPS_PICO=1 -DLIB_PICO_CLIB_INTERFACE=1 -DLIB_PICO_CRT0=1 -DLIB_PICO_CXX_OPTIONS=1 -DLIB_PICO_DIVIDER=1 -DLIB_PICO_DIVIDER_COMPILER=1 -DLIB_PICO_DOUBLE=1 -DLIB_PICO_DOUBLE_PICO=1 -DLIB_PICO_FIX_RP2040_USB_DEVICE_ENUMERATION=1 -DLIB_PICO_FLASH=1 -DLIB_PICO_FLOAT=1 -DLIB_PICO_FLOAT_PICO=1 -DLIB_PICO_FLOAT_PICO_VFP=1 -DLIB_PICO_INT64_OPS=1 -DLIB_PICO_INT64_OPS_COMPILER=1 -DLIB_PICO_MALLOC=1 -DLIB_PICO_MEM_OPS=1 -DLIB_PICO_MEM_OPS_COMPILER=1 -DLIB_PICO_NEWLIB_INTERFACE=1 -DLIB_PICO_PLATFORM=1 -DLIB_PICO_PLATFORM_COMMON=1 -DLIB_PICO_PLATFORM_COMPILER=1 -DLIB_PICO_PLATFORM_PANIC=1 -DLIB_PICO_PLATFORM_SECTIONS=1 -DLIB_PICO_PRINTF=1 -DLIB_PICO_PRINTF_PICO=1 -DLIB_PICO_RUNTIME=1 -DLIB_PICO_RUNTIME_INIT=1 -DLIB_PICO_STANDARD_BINARY_INFO=1 -DLIB_PICO_STANDARD_LINK=1 -DLIB_PICO_STDIO=1 -DLIB_PICO_STDLIB=1 -DLIB_PICO_SYNC=1 -DLIB_PICO_SYNC_CRITICAL_SECTION=1 -DLIB_PICO_SYNC_MUTEX=1 -DLIB_PICO_SYNC_SEM=1 -DLIB_PICO_TIME=1 -DLIB_PICO_TIME_ADAPTER=1 -DLIB_PICO_UNIQUE_ID=1 -DLIB_PICO_UTIL=1 -DLIB_TINYUSB_BOARD=1 -DLIB_TINYUSB_DEVICE=1 -DPICO_32BIT=1 -DPICO_BOARD=\"pico2\" -DPICO_BUILD=1 -DPICO_CMAKE_BUILD_TYPE=\"Release\" -DPICO_COPY_TO_RAM=0 -DPICO_CXX_ENABLE_EXCEPTIONS=0 -DPICO_NO_FLASH=0 -DPICO_NO_HARDWARE=0 -DPICO_ON_DEVICE=1 -DPICO_RP2040_USB_DEVICE_UFRAME_FIX=1 -DPICO_RP2350=1 -DPICO_TARGET_NAME=\"pico_6mic_soundcard\" -DPICO_USE_BLOCKED_RAM=0 -I/home/gpu/het68/build -I/home/gpu/het68 -I/home/gpu/het68/pico-sdk/src/rp2_common/pico_atomic/include -I/home/gpu/het68/pico-sdk/lib/tinyusb/src -I/home/gpu/het68/pico-sdk/src/rp2_common/tinyusb/include -I/home/gpu/het68/pico-sdk/lib/tinyusb/hw -isystem /home/gpu/het68/pico-sdk/src/common/pico_stdlib_headers/include -isystem /home/gpu/het68/pico-sdk/src/rp2_common/hardware_gpio/include -isystem /home/gpu/het68/pico-sdk/src/common/pico_base_headers/include -isystem /home/gpu/het68/build/generated/pico_base -isystem /home/gpu/het68/pico-sdk/src/boards/include -isystem /home/gpu/het68/pico-sdk/src/rp2350/pico_platform/include -isystem /home/gpu/het68/pico-sdk/src/rp2350/hardware_regs/include -isystem /home/gpu/het68/pico-sdk/src/rp2_common/hardware_base/include -isystem /home/gpu/het68/pico-sdk/src/rp2_common/pico_platform_common/include -isystem /home/gpu/het68/pico-sdk/src/rp2_common/pico_platform_compiler/include -isystem /home/gpu/het68/pico-sdk/src/rp2_common/pico_platform_panic/include -isystem /home/gpu/het68/pico-sdk/src/rp2_common/pico_platform_sections/include -isystem /home/gpu/het68/pico-sdk/src/rp2_common/hardware_dcp/include -isystem /home/gpu/het68/pico-sdk/src/rp2350/hardware_structs/include -isystem /home/gpu/het68/pico-sdk/src/rp2_common/hardware_rcp/include -isystem /home/gpu/het68/pico-sdk/src/common/hardware_claim/include -isystem /home/gpu/het68/pico-sdk/src/rp2_common/hardware_sync/include -isystem /home/gpu/het68/pico-sdk/src/rp2_common/hardware_sync_spin_lock/include -isystem /home/gpu/het68/pico-sdk/src/rp2_common/hardware_irq/include -isystem /home/gpu/het68/pico-sdk/src/rp2_common/hardware_uart/include -isystem /home/gpu/het68/pico-sdk/src/rp2_common/hardware_resets/include -isystem /home/gpu/het68/pico-sdk/src/rp2_common/hardware_clocks/include -isystem /home/gpu/het68/pico-sdk/src/rp2_common/hardware_pll/include -isystem /home/gpu/het68/pico-sdk/src/rp2_common/hardware_vreg/include -isystem /home/gpu/het68/pico-sdk/src/rp2_common/hardware_watchdog/include -isystem /home/gpu/het68/pico-sdk/src/rp2_common/hardware_ticks/include -isystem /home/gpu/het68/pico-sdk/src/rp2_common/pico_bootrom/include -isystem /home/gpu/het68/pico-sdk/src/common/boot_picoboot_headers/include -isystem /home/gpu/het68/pico-sdk/src/rp2_common/boot_bootrom_headers/include -isystem /home/gpu/het68/pico-sdk/src/rp2_common/hardware_boot_lock/include -isystem /home/gpu/het68/pico-sdk/src/rp2_common/pico_flash/include -isystem /home/gpu/het68/pico-sdk/src/common/pico_time/include -isystem /home/gpu/het68/pico-sdk/src/rp2_common/hardware_timer/include -isystem /home/gpu/het68/pico-sdk/src/common/pico_sync/include -isystem /home/gpu/het68/pico-sdk/src/common/pico_util/include -isystem /home/gpu/het68/pico-sdk/src/rp2_common/pico_time_adapter/include -isystem /home/gpu/het68/pico-sdk/src/rp2_common/hardware_xosc/include -isystem /home/gpu/het68/pico-sdk/src/rp2_common/hardware_divider/include -isystem /home/gpu/het68/pico-sdk/src/rp2_common/pico_runtime/include -isystem /home/gpu/het68/pico-sdk/src/rp2_common/pico_runtime_init/include -isystem /home/gpu/het68/pico-sdk/src/common/pico_bit_ops_headers/include -isystem /home/gpu/het68/pico-sdk/src/common/pico_divider_headers/include -isystem /home/gpu/het68/pico-sdk/src/rp2_common/pico_double/include -isystem /home/gpu/het68/pico-sdk/src/rp2_common/pico_float/include -isystem /home/gpu/het68/pico-sdk/src/rp2_common/pico_malloc/include -isystem /home/gpu/het68/pico-sdk/src/common/pico_binary_info/include -isystem /home/gpu/het68/pico-sdk/src/rp2_common/pico_printf/include -isystem /home/gpu/het68/pico-sdk/src/rp2_common/pico_stdio/include -isystem /home/gpu/het68/pico-sdk/src/rp2_common/pico_multicore/include -isystem /home/gpu/het68/pico-sdk/src/common/boot_picobin_headers/include -isystem /home/gpu/het68/pico-sdk/src/rp2350/boot_stage2/include -isystem /home/gpu/het68/pico-sdk/src/rp2_common/hardware_pio/include -isystem /home/gpu/het68/pico-sdk/src/rp2_common/hardware_dma/include -isystem /home/gpu/het68/pico-sdk/src/rp2_common/pico_fix/rp2040_usb_device_enumeration/include -isystem /home/gpu/het68/pico-sdk/src/rp2_common/pico_unique_id/include -isystem /home/gpu/het68/pico-sdk/src/rp2_common/hardware_flash/include -isystem /home/gpu/het68/pico-sdk/src/rp2_common/hardware_xip_cache/include -mcpu=cortex-m33 -mthumb -march=armv8-m.main+fp+dsp -mfloat-abi=softfp -mcmse -g -O3 -DNDEBUG -ffunction-sections -fdata-sections -MD -MT CMakeFiles/pico_6mic_soundcard.dir/pico-sdk/lib/tinyusb/src/portable/raspberrypi/rp2040/dcd_rp2040.c.o -MF CMakeFiles/pico_6mic_soundcard.dir/pico-sdk/lib/tinyusb/src/portable/raspberrypi/rp2040/dcd_rp2040.c.o.d -o CMakeFiles/pico_6mic_soundcard.dir/pico-sdk/lib/tinyusb/src/portable/raspberrypi/rp2040/dcd_rp2040.c.o -c /home/gpu/het68/pico-sdk/lib/tinyusb/src/portable/raspberrypi/rp2040/dcd_rp2040.c
/usr/bin/arm-none-eabi-gcc -DCFG_TUSB_DEBUG=0 -DCFG_TUSB_MCU=OPT_MCU_RP2040 -DCFG_TUSB_OS=OPT_OS_PICO -DLIB_BOOT_STAGE2_HEADERS=1 -DLIB_PICO_ATOMIC=1 -DLIB_PICO_BIT_OPS=1 -DLIB_PICO_BIT_OPS_PICO=1 -DLIB_PICO_CLIB_INTERFACE=1 -DLIB_PICO_CRT0=1 -DLIB_PICO_CXX_OPTIONS=1 -DLIB_PICO_DIVIDER=1 -DLIB_PICO_DIVIDER_COMPILER=1 -DLIB_PICO_DOUBLE=1 -DLIB_PICO_DOUBLE_PICO=1 -DLIB_PICO_FIX_RP2040_USB_DEVICE_ENUMERATION=1 -DLIB_PICO_FLASH=1 -DLIB_PICO_FLOAT=1 -DLIB_PICO_FLOAT_PICO=1 -DLIB_PICO_FLOAT_PICO_VFP=1 -DLIB_PICO_INT64_OPS=1 -DLIB_PICO_INT64_OPS_COMPILER=1 -DLIB_PICO_MALLOC=1 -DLIB_PICO_MEM_OPS=1 -DLIB_PICO_MEM_OPS_COMPILER=1 -DLIB_PICO_NEWLIB_INTERFACE=1 -DLIB_PICO_PLATFORM=1 -DLIB_PICO_PLATFORM_COMMON=1 -DLIB_PICO_PLATFORM_COMPILER=1 -DLIB_PICO_PLATFORM_PANIC=1 -DLIB_PICO_PLATFORM_SECTIONS=1 -DLIB_PICO_PRINTF=1 -DLIB_PICO_PRINTF_PICO=1 -DLIB_PICO_RUNTIME=1 -DLIB_PICO_RUNTIME_INIT=1 -DLIB_PICO_STANDARD_BINARY_INFO=1 -DLIB_PICO_STANDARD_LINK=1 -DLIB_PICO_STDIO=1 -DLIB_PICO_STDLIB=1 -DLIB_PICO_SYNC=1 -DLIB_PICO_SYNC_CRITICAL_SECTION=1 -DLIB_PICO_SYNC_MUTEX=1 -DLIB_PICO_SYNC_SEM=1 -DLIB_PICO_TIME=1 -DLIB_PICO_TIME_ADAPTER=1 -DLIB_PICO_UNIQUE_ID=1 -DLIB_PICO_UTIL=1 -DLIB_TINYUSB_BOARD=1 -DLIB_TINYUSB_DEVICE=1 -DPICO_32BIT=1 -DPICO_BOARD=\"pico2\" -DPICO_BUILD=1 -DPICO_CMAKE_BUILD_TYPE=\"Release\" -DPICO_COPY_TO_RAM=0 -DPICO_CXX_ENABLE_EXCEPTIONS=0 -DPICO_NO_FLASH=0 -DPICO_NO_HARDWARE=0 -DPICO_ON_DEVICE=1 -DPICO_RP2040_USB_DEVICE_UFRAME_FIX=1 -DPICO_RP2350=1 -DPICO_TARGET_NAME=\"pico_6mic_soundcard\" -DPICO_USE_BLOCKED_RAM=0 -I/home/gpu/het68/build -I/home/gpu/het68 -I/home/gpu/het68/pico-sdk/src/rp2_common/pico_atomic/include -I/home/gpu/het68/pico-sdk/lib/tinyusb/src -I/home/gpu/het68/pico-sdk/src/rp2_common/tinyusb/include -I/home/gpu/het68/pico-sdk/lib/tinyusb/hw -isystem /home/gpu/het68/pico-sdk/src/common/pico_stdlib_headers/include -isystem /home/gpu/het68/pico-sdk/src/rp2_common/hardware_gpio/include -isystem /home/gpu/het68/pico-sdk/src/common/pico_base_headers/include -isystem /home/gpu/het68/build/generated/pico_base -isystem /home/gpu/het68/pico-sdk/src/boards/include -isystem /home/gpu/het68/pico-sdk/src/rp2350/pico_platform/include -isystem /home/gpu/het68/pico-sdk/src/rp2350/hardware_regs/include -isystem /home/gpu/het68/pico-sdk/src/rp2_common/hardware_base/include -isystem /home/gpu/het68/pico-sdk/src/rp2_common/pico_platform_common/include -isystem /home/gpu/het68/pico-sdk/src/rp2_common/pico_platform_compiler/include -isystem /home/gpu/het68/pico-sdk/src/rp2_common/pico_platform_panic/include -isystem /home/gpu/het68/pico-sdk/src/rp2_common/pico_platform_sections/include -isystem /home/gpu/het68/pico-sdk/src/rp2_common/hardware_dcp/include -isystem /home/gpu/het68/pico-sdk/src/rp2350/hardware_structs/include -isystem /home/gpu/het68/pico-sdk/src/rp2_common/hardware_rcp/include -isystem /home/gpu/het68/pico-sdk/src/common/hardware_claim/include -isystem /home/gpu/het68/pico-sdk/src/rp2_common/hardware_sync/include -isystem /home/gpu/het68/pico-sdk/src/rp2_common/hardware_sync_spin_lock/include -isystem /home/gpu/het68/pico-sdk/src/rp2_common/hardware_irq/include -isystem /home/gpu/het68/pico-sdk/src/rp2_common/hardware_uart/include -isystem /home/gpu/het68/pico-sdk/src/rp2_common/hardware_resets/include -isystem /home/gpu/het68/pico-sdk/src/rp2_common/hardware_clocks/include -isystem /home/gpu/het68/pico-sdk/src/rp2_common/hardware_pll/include -isystem /home/gpu/het68/pico-sdk/src/rp2_common/hardware_vreg/include -isystem /home/gpu/het68/pico-sdk/src/rp2_common/hardware_watchdog/include -isystem /home/gpu/het68/pico-sdk/src/rp2_common/hardware_ticks/include -isystem /home/gpu/het68/pico-sdk/src/rp2_common/pico_bootrom/include -isystem /home/gpu/het68/pico-sdk/src/common/boot_picoboot_headers/include -isystem /home/gpu/het68/pico-sdk/src/rp2_common/boot_bootrom_headers/include -isystem /home/gpu/het68/pico-sdk/src/rp2_common/hardware_boot_lock/include -isystem /home/gpu/het68/pico-sdk/src/rp2_common/pico_flash/include -isystem /home/gpu/het68/pico-sdk/src/common/pico_time/include -isystem /home/gpu/het68/pico-sdk/src/rp2_common/hardware_timer/include -isystem /home/gpu/het68/pico-sdk/src/common/pico_sync/include -isystem /home/gpu/het68/pico-sdk/src/common/pico_util/include -isystem /home/gpu/het68/pico-sdk/src/rp2_common/pico_time_adapter/include -isystem /home/gpu/het68/pico-sdk/src/rp2_common/hardware_xosc/include -isystem /home/gpu/het68/pico-sdk/src/rp2_common/hardware_divider/include -isystem /home/gpu/het68/pico-sdk/src/rp2_common/pico_runtime/include -isystem /home/gpu/het68/pico-sdk/src/rp2_common/pico_runtime_init/include -isystem /home/gpu/het68/pico-sdk/src/common/pico_bit_ops_headers/include -isystem /home/gpu/het68/pico-sdk/src/common/pico_divider_headers/include -isystem /home/gpu/het68/pico-sdk/src/rp2_common/pico_double/include -isystem /home/gpu/het68/pico-sdk/src/rp2_common/pico_float/include -isystem /home/gpu/het68/pico-sdk/src/rp2_common/pico_malloc/include -isystem /home/gpu/het68/pico-sdk/src/common/pico_binary_info/include -isystem /home/gpu/het68/pico-sdk/src/rp2_common/pico_printf/include -isystem /home/gpu/het68/pico-sdk/src/rp2_common/pico_stdio/include -isystem /home/gpu/het68/pico-sdk/src/rp2_common/pico_multicore/include -isystem /home/gpu/het68/pico-sdk/src/common/boot_picobin_headers/include -isystem /home/gpu/het68/pico-sdk/src/rp2350/boot_stage2/include -isystem /home/gpu/het68/pico-sdk/src/rp2_common/hardware_pio/include -isystem /home/gpu/het68/pico-sdk/src/rp2_common/hardware_dma/include -isystem /home/gpu/het68/pico-sdk/src/rp2_common/pico_fix/rp2040_usb_device_enumeration/include -isystem /home/gpu/het68/pico-sdk/src/rp2_common/pico_unique_id/include -isystem /home/gpu/het68/pico-sdk/src/rp2_common/hardware_flash/include -isystem /home/gpu/het68/pico-sdk/src/rp2_common/hardware_xip_cache/include -mcpu=cortex-m33 -mthumb -march=armv8-m.main+fp+dsp -mfloat-abi=softfp -mcmse -g -O3 -DNDEBUG -ffunction-sections -fdata-sections -MD -MT CMakeFiles/pico_6mic_soundcard.dir/pico-sdk/lib/tinyusb/src/class/midi/midi_device.c.o -MF CMakeFiles/pico_6mic_soundcard.dir/pico-sdk/lib/tinyusb/src/class/midi/midi_device.c.o.d -o CMakeFiles/pico_6mic_soundcard.dir/pico-sdk/lib/tinyusb/src/class/midi/midi_device.c.o -c /home/gpu/het68/pico-sdk/lib/tinyusb/src/class/midi/midi_device.c
/usr/bin/arm-none-eabi-gcc -DCFG_TUSB_DEBUG=0 -DCFG_TUSB_MCU=OPT_MCU_RP2040 -DCFG_TUSB_OS=OPT_OS_PICO -DLIB_BOOT_STAGE2_HEADERS=1 -DLIB_PICO_ATOMIC=1 -DLIB_PICO_BIT_OPS=1 -DLIB_PICO_BIT_OPS_PICO=1 -DLIB_PICO_CLIB_INTERFACE=1 -DLIB_PICO_CRT0=1 -DLIB_PICO_CXX_OPTIONS=1 -DLIB_PICO_DIVIDER=1 -DLIB_PICO_DIVIDER_COMPILER=1 -DLIB_PICO_DOUBLE=1 -DLIB_PICO_DOUBLE_PICO=1 -DLIB_PICO_FIX_RP2040_USB_DEVICE_ENUMERATION=1 -DLIB_PICO_FLASH=1 -DLIB_PICO_FLOAT=1 -DLIB_PICO_FLOAT_PICO=1 -DLIB_PICO_FLOAT_PICO_VFP=1 -DLIB_PICO_INT64_OPS=1 -DLIB_PICO_INT64_OPS_COMPILER=1 -DLIB_PICO_MALLOC=1 -DLIB_PICO_MEM_OPS=1 -DLIB_PICO_MEM_OPS_COMPILER=1 -DLIB_PICO_NEWLIB_INTERFACE=1 -DLIB_PICO_PLATFORM=1 -DLIB_PICO_PLATFORM_COMMON=1 -DLIB_PICO_PLATFORM_COMPILER=1 -DLIB_PICO_PLATFORM_PANIC=1 -DLIB_PICO_PLATFORM_SECTIONS=1 -DLIB_PICO_PRINTF=1 -DLIB_PICO_PRINTF_PICO=1 -DLIB_PICO_RUNTIME=1 -DLIB_PICO_RUNTIME_INIT=1 -DLIB_PICO_STANDARD_BINARY_INFO=1 -DLIB_PICO_STANDARD_LINK=1 -DLIB_PICO_STDIO=1 -DLIB_PICO_STDLIB=1 -DLIB_PICO_SYNC=1 -DLIB_PICO_SYNC_CRITICAL_SECTION=1 -DLIB_PICO_SYNC_MUTEX=1 -DLIB_PICO_SYNC_SEM=1 -DLIB_PICO_TIME=1 -DLIB_PICO_TIME_ADAPTER=1 -DLIB_PICO_UNIQUE_ID=1 -DLIB_PICO_UTIL=1 -DLIB_TINYUSB_BOARD=1 -DLIB_TINYUSB_DEVICE=1 -DPICO_32BIT=1 -DPICO_BOARD=\"pico2\" -DPICO_BUILD=1 -DPICO_CMAKE_BUILD_TYPE=\"Release\" -DPICO_COPY_TO_RAM=0 -DPICO_CXX_ENABLE_EXCEPTIONS=0 -DPICO_NO_FLASH=0 -DPICO_NO_HARDWARE=0 -DPICO_ON_DEVICE=1 -DPICO_RP2040_USB_DEVICE_UFRAME_FIX=1 -DPICO_RP2350=1 -DPICO_TARGET_NAME=\"pico_6mic_soundcard\" -DPICO_USE_BLOCKED_RAM=0 -I/home/gpu/het68/build -I/home/gpu/het68 -I/home/gpu/het68/pico-sdk/src/rp2_common/pico_atomic/include -I/home/gpu/het68/pico-sdk/lib/tinyusb/src -I/home/gpu/het68/pico-sdk/src/rp2_common/tinyusb/include -I/home/gpu/het68/pico-sdk/lib/tinyusb/hw -isystem /home/gpu/het68/pico-sdk/src/common/pico_stdlib_headers/include -isystem /home/gpu/het68/pico-sdk/src/rp2_common/hardware_gpio/include -isystem /home/gpu/het68/pico-sdk/src/common/pico_base_headers/include -isystem /home/gpu/het68/build/generated/pico_base -isystem /home/gpu/het68/pico-sdk/src/boards/include -isystem /home/gpu/het68/pico-sdk/src/rp2350/pico_platform/include -isystem /home/gpu/het68/pico-sdk/src/rp2350/hardware_regs/include -isystem /home/gpu/het68/pico-sdk/src/rp2_common/hardware_base/include -isystem /home/gpu/het68/pico-sdk/src/rp2_common/pico_platform_common/include -isystem /home/gpu/het68/pico-sdk/src/rp2_common/pico_platform_compiler/include -isystem /home/gpu/het68/pico-sdk/src/rp2_common/pico_platform_panic/include -isystem /home/gpu/het68/pico-sdk/src/rp2_common/pico_platform_sections/include -isystem /home/gpu/het68/pico-sdk/src/rp2_common/hardware_dcp/include -isystem /home/gpu/het68/pico-sdk/src/rp2350/hardware_structs/include -isystem /home/gpu/het68/pico-sdk/src/rp2_common/hardware_rcp/include -isystem /home/gpu/het68/pico-sdk/src/common/hardware_claim/include -isystem /home/gpu/het68/pico-sdk/src/rp2_common/hardware_sync/include -isystem /home/gpu/het68/pico-sdk/src/rp2_common/hardware_sync_spin_lock/include -isystem /home/gpu/het68/pico-sdk/src/rp2_common/hardware_irq/include -isystem /home/gpu/het68/pico-sdk/src/rp2_common/hardware_uart/include -isystem /home/gpu/het68/pico-sdk/src/rp2_common/hardware_resets/include -isystem /home/gpu/het68/pico-sdk/src/rp2_common/hardware_clocks/include -isystem /home/gpu/het68/pico-sdk/src/rp2_common/hardware_pll/include -isystem /home/gpu/het68/pico-sdk/src/rp2_common/hardware_vreg/include -isystem /home/gpu/het68/pico-sdk/src/rp2_common/hardware_watchdog/include -isystem /home/gpu/het68/pico-sdk/src/rp2_common/hardware_ticks/include -isystem /home/gpu/het68/pico-sdk/src/rp2_common/pico_bootrom/include -isystem /home/gpu/het68/pico-sdk/src/common/boot_picoboot_headers/include -isystem /home/gpu/het68/pico-sdk/src/rp2_common/boot_bootrom_headers/include -isystem /home/gpu/het68/pico-sdk/src/rp2_common/hardware_boot_lock/include -isystem /home/gpu/het68/pico-sdk/src/rp2_common/pico_flash/include -isystem /home/gpu/het68/pico-sdk/src/common/pico_time/include -isystem /home/gpu/het68/pico-sdk/src/rp2_common/hardware_timer/include -isystem /home/gpu/het68/pico-sdk/src/common/pico_sync/include -isystem /home/gpu/het68/pico-sdk/src/common/pico_util/include -isystem /home/gpu/het68/pico-sdk/src/rp2_common/pico_time_adapter/include -isystem /home/gpu/het68/pico-sdk/src/rp2_common/hardware_xosc/include -isystem /home/gpu/het68/pico-sdk/src/rp2_common/hardware_divider/include -isystem /home/gpu/het68/pico-sdk/src/rp2_common/pico_runtime/include -isystem /home/gpu/het68/pico-sdk/src/rp2_common/pico_runtime_init/include -isystem /home/gpu/het68/pico-sdk/src/common/pico_bit_ops_headers/include -isystem /home/gpu/het68/pico-sdk/src/common/pico_divider_headers/include -isystem /home/gpu/het68/pico-sdk/src/rp2_common/pico_double/include -isystem /home/gpu/het68/pico-sdk/src/rp2_common/pico_float/include -isystem /home/gpu/het68/pico-sdk/src/rp2_common/pico_malloc/include -isystem /home/gpu/het68/pico-sdk/src/common/pico_binary_info/include -isystem /home/gpu/het68/pico-sdk/src/rp2_common/pico_printf/include -isystem /home/gpu/het68/pico-sdk/src/rp2_common/pico_stdio/include -isystem /home/gpu/het68/pico-sdk/src/rp2_common/pico_multicore/include -isystem /home/gpu/het68/pico-sdk/src/common/boot_picobin_headers/include -isystem /home/gpu/het68/pico-sdk/src/rp2350/boot_stage2/include -isystem /home/gpu/het68/pico-sdk/src/rp2_common/hardware_pio/include -isystem /home/gpu/het68/pico-sdk/src/rp2_common/hardware_dma/include -isystem /home/gpu/het68/pico-sdk/src/rp2_common/pico_fix/rp2040_usb_device_enumeration/include -isystem /home/gpu/het68/pico-sdk/src/rp2_common/pico_unique_id/include -isystem /home/gpu/het68/pico-sdk/src/rp2_common/hardware_flash/include -isystem /home/gpu/het68/pico-sdk/src/rp2_common/hardware_xip_cache/include -mcpu=cortex-m33 -mthumb -march=armv8-m.main+fp+dsp -mfloat-abi=softfp -mcmse -g -O3 -DNDEBUG -ffunction-sections -fdata-sections -MD -MT CMakeFiles/pico_6mic_soundcard.dir/pico-sdk/lib/tinyusb/src/class/msc/msc_device.c.o -MF CMakeFiles/pico_6mic_soundcard.dir/pico-sdk/lib/tinyusb/src/class/msc/msc_device.c.o.d -o CMakeFiles/pico_6mic_soundcard.dir/pico-sdk/lib/tinyusb/src/class/msc/msc_device.c.o -c /home/gpu/het68/pico-sdk/lib/tinyusb/src/class/msc/msc_device.c
/usr/bin/arm-none-eabi-gcc -DCFG_TUSB_DEBUG=0 -DCFG_TUSB_MCU=OPT_MCU_RP2040 -DCFG_TUSB_OS=OPT_OS_PICO -DLIB_BOOT_STAGE2_HEADERS=1 -DLIB_PICO_ATOMIC=1 -DLIB_PICO_BIT_OPS=1 -DLIB_PICO_BIT_OPS_PICO=1 -DLIB_PICO_CLIB_INTERFACE=1 -DLIB_PICO_CRT0=1 -DLIB_PICO_CXX_OPTIONS=1 -DLIB_PICO_DIVIDER=1 -DLIB_PICO_DIVIDER_COMPILER=1 -DLIB_PICO_DOUBLE=1 -DLIB_PICO_DOUBLE_PICO=1 -DLIB_PICO_FIX_RP2040_USB_DEVICE_ENUMERATION=1 -DLIB_PICO_FLASH=1 -DLIB_PICO_FLOAT=1 -DLIB_PICO_FLOAT_PICO=1 -DLIB_PICO_FLOAT_PICO_VFP=1 -DLIB_PICO_INT64_OPS=1 -DLIB_PICO_INT64_OPS_COMPILER=1 -DLIB_PICO_MALLOC=1 -DLIB_PICO_MEM_OPS=1 -DLIB_PICO_MEM_OPS_COMPILER=1 -DLIB_PICO_NEWLIB_INTERFACE=1 -DLIB_PICO_PLATFORM=1 -DLIB_PICO_PLATFORM_COMMON=1 -DLIB_PICO_PLATFORM_COMPILER=1 -DLIB_PICO_PLATFORM_PANIC=1 -DLIB_PICO_PLATFORM_SECTIONS=1 -DLIB_PICO_PRINTF=1 -DLIB_PICO_PRINTF_PICO=1 -DLIB_PICO_RUNTIME=1 -DLIB_PICO_RUNTIME_INIT=1 -DLIB_PICO_STANDARD_BINARY_INFO=1 -DLIB_PICO_STANDARD_LINK=1 -DLIB_PICO_STDIO=1 -DLIB_PICO_STDLIB=1 -DLIB_PICO_SYNC=1 -DLIB_PICO_SYNC_CRITICAL_SECTION=1 -DLIB_PICO_SYNC_MUTEX=1 -DLIB_PICO_SYNC_SEM=1 -DLIB_PICO_TIME=1 -DLIB_PICO_TIME_ADAPTER=1 -DLIB_PICO_UNIQUE_ID=1 -DLIB_PICO_UTIL=1 -DLIB_TINYUSB_BOARD=1 -DLIB_TINYUSB_DEVICE=1 -DPICO_32BIT=1 -DPICO_BOARD=\"pico2\" -DPICO_BUILD=1 -DPICO_CMAKE_BUILD_TYPE=\"Release\" -DPICO_COPY_TO_RAM=0 -DPICO_CXX_ENABLE_EXCEPTIONS=0 -DPICO_NO_FLASH=0 -DPICO_NO_HARDWARE=0 -DPICO_ON_DEVICE=1 -DPICO_RP2040_USB_DEVICE_UFRAME_FIX=1 -DPICO_RP2350=1 -DPICO_TARGET_NAME=\"pico_6mic_soundcard\" -DPICO_USE_BLOCKED_RAM=0 -I/home/gpu/het68/build -I/home/gpu/het68 -I/home/gpu/het68/pico-sdk/src/rp2_common/pico_atomic/include -I/home/gpu/het68/pico-sdk/lib/tinyusb/src -I/home/gpu/het68/pico-sdk/src/rp2_common/tinyusb/include -I/home/gpu/het68/pico-sdk/lib/tinyusb/hw -isystem /home/gpu/het68/pico-sdk/src/common/pico_stdlib_headers/include -isystem /home/gpu/het68/pico-sdk/src/rp2_common/hardware_gpio/include -isystem /home/gpu/het68/pico-sdk/src/common/pico_base_headers/include -isystem /home/gpu/het68/build/generated/pico_base -isystem /home/gpu/het68/pico-sdk/src/boards/include -isystem /home/gpu/het68/pico-sdk/src/rp2350/pico_platform/include -isystem /home/gpu/het68/pico-sdk/src/rp2350/hardware_regs/include -isystem /home/gpu/het68/pico-sdk/src/rp2_common/hardware_base/include -isystem /home/gpu/het68/pico-sdk/src/rp2_common/pico_platform_common/include -isystem /home/gpu/het68/pico-sdk/src/rp2_common/pico_platform_compiler/include -isystem /home/gpu/het68/pico-sdk/src/rp2_common/pico_platform_panic/include -isystem /home/gpu/het68/pico-sdk/src/rp2_common/pico_platform_sections/include -isystem /home/gpu/het68/pico-sdk/src/rp2_common/hardware_dcp/include -isystem /home/gpu/het68/pico-sdk/src/rp2350/hardware_structs/include -isystem /home/gpu/het68/pico-sdk/src/rp2_common/hardware_rcp/include -isystem /home/gpu/het68/pico-sdk/src/common/hardware_claim/include -isystem /home/gpu/het68/pico-sdk/src/rp2_common/hardware_sync/include -isystem /home/gpu/het68/pico-sdk/src/rp2_common/hardware_sync_spin_lock/include -isystem /home/gpu/het68/pico-sdk/src/rp2_common/hardware_irq/include -isystem /home/gpu/het68/pico-sdk/src/rp2_common/hardware_uart/include -isystem /home/gpu/het68/pico-sdk/src/rp2_common/hardware_resets/include -isystem /home/gpu/het68/pico-sdk/src/rp2_common/hardware_clocks/include -isystem /home/gpu/het68/pico-sdk/src/rp2_common/hardware_pll/include -isystem /home/gpu/het68/pico-sdk/src/rp2_common/hardware_vreg/include -isystem /home/gpu/het68/pico-sdk/src/rp2_common/hardware_watchdog/include -isystem /home/gpu/het68/pico-sdk/src/rp2_common/hardware_ticks/include -isystem /home/gpu/het68/pico-sdk/src/rp2_common/pico_bootrom/include -isystem /home/gpu/het68/pico-sdk/src/common/boot_picoboot_headers/include -isystem /home/gpu/het68/pico-sdk/src/rp2_common/boot_bootrom_headers/include -isystem /home/gpu/het68/pico-sdk/src/rp2_common/hardware_boot_lock/include -isystem /home/gpu/het68/pico-sdk/src/rp2_common/pico_flash/include -isystem /home/gpu/het68/pico-sdk/src/common/pico_time/include -isystem /home/gpu/het68/pico-sdk/src/rp2_common/hardware_timer/include -isystem /home/gpu/het68/pico-sdk/src/common/pico_sync/include -isystem /home/gpu/het68/pico-sdk/src/common/pico_util/include -isystem /home/gpu/het68/pico-sdk/src/rp2_common/pico_time_adapter/include -isystem /home/gpu/het68/pico-sdk/src/rp2_common/hardware_xosc/include -isystem /home/gpu/het68/pico-sdk/src/rp2_common/hardware_divider/include -isystem /home/gpu/het68/pico-sdk/src/rp2_common/pico_runtime/include -isystem /home/gpu/het68/pico-sdk/src/rp2_common/pico_runtime_init/include -isystem /home/gpu/het68/pico-sdk/src/common/pico_bit_ops_headers/include -isystem /home/gpu/het68/pico-sdk/src/common/pico_divider_headers/include -isystem /home/gpu/het68/pico-sdk/src/rp2_common/pico_double/include -isystem /home/gpu/het68/pico-sdk/src/rp2_common/pico_float/include -isystem /home/gpu/het68/pico-sdk/src/rp2_common/pico_malloc/include -isystem /home/gpu/het68/pico-sdk/src/common/pico_binary_info/include -isystem /home/gpu/het68/pico-sdk/src/rp2_common/pico_printf/include -isystem /home/gpu/het68/pico-sdk/src/rp2_common/pico_stdio/include -isystem /home/gpu/het68/pico-sdk/src/rp2_common/pico_multicore/include -isystem /home/gpu/het68/pico-sdk/src/common/boot_picobin_headers/include -isystem /home/gpu/het68/pico-sdk/src/rp2350/boot_stage2/include -isystem /home/gpu/het68/pico-sdk/src/rp2_common/hardware_pio/include -isystem /home/gpu/het68/pico-sdk/src/rp2_common/hardware_dma/include -isystem /home/gpu/het68/pico-sdk/src/rp2_common/pico_fix/rp2040_usb_device_enumeration/include -isystem /home/gpu/het68/pico-sdk/src/rp2_common/pico_unique_id/include -isystem /home/gpu/het68/pico-sdk/src/rp2_common/hardware_flash/include -isystem /home/gpu/het68/pico-sdk/src/rp2_common/hardware_xip_cache/include -mcpu=cortex-m33 -mthumb -march=armv8-m.main+fp+dsp -mfloat-abi=softfp -mcmse -g -O3 -DNDEBUG -ffunction-sections -fdata-sections -MD -MT CMakeFiles/pico_6mic_soundcard.dir/pico-sdk/lib/tinyusb/src/class/video/video_device.c.o -MF CMakeFiles/pico_6mic_soundcard.dir/pico-sdk/lib/tinyusb/src/class/video/video_device.c.o.d -o CMakeFiles/pico_6mic_soundcard.dir/pico-sdk/lib/tinyusb/src/class/video/video_device.c.o -c /home/gpu/het68/pico-sdk/lib/tinyusb/src/class/video/video_device.c
[ 90%] Building C object CMakeFiles/pico_6mic_soundcard.dir/pico-sdk/lib/tinyusb/src/class/hid/hid_device.c.o
[ 90%] Building C object CMakeFiles/pico_6mic_soundcard.dir/pico-sdk/lib/tinyusb/src/class/dfu/dfu_rt_device.c.o
/usr/bin/arm-none-eabi-gcc -DCFG_TUSB_DEBUG=0 -DCFG_TUSB_MCU=OPT_MCU_RP2040 -DCFG_TUSB_OS=OPT_OS_PICO -DLIB_BOOT_STAGE2_HEADERS=1 -DLIB_PICO_ATOMIC=1 -DLIB_PICO_BIT_OPS=1 -DLIB_PICO_BIT_OPS_PICO=1 -DLIB_PICO_CLIB_INTERFACE=1 -DLIB_PICO_CRT0=1 -DLIB_PICO_CXX_OPTIONS=1 -DLIB_PICO_DIVIDER=1 -DLIB_PICO_DIVIDER_COMPILER=1 -DLIB_PICO_DOUBLE=1 -DLIB_PICO_DOUBLE_PICO=1 -DLIB_PICO_FIX_RP2040_USB_DEVICE_ENUMERATION=1 -DLIB_PICO_FLASH=1 -DLIB_PICO_FLOAT=1 -DLIB_PICO_FLOAT_PICO=1 -DLIB_PICO_FLOAT_PICO_VFP=1 -DLIB_PICO_INT64_OPS=1 -DLIB_PICO_INT64_OPS_COMPILER=1 -DLIB_PICO_MALLOC=1 -DLIB_PICO_MEM_OPS=1 -DLIB_PICO_MEM_OPS_COMPILER=1 -DLIB_PICO_NEWLIB_INTERFACE=1 -DLIB_PICO_PLATFORM=1 -DLIB_PICO_PLATFORM_COMMON=1 -DLIB_PICO_PLATFORM_COMPILER=1 -DLIB_PICO_PLATFORM_PANIC=1 -DLIB_PICO_PLATFORM_SECTIONS=1 -DLIB_PICO_PRINTF=1 -DLIB_PICO_PRINTF_PICO=1 -DLIB_PICO_RUNTIME=1 -DLIB_PICO_RUNTIME_INIT=1 -DLIB_PICO_STANDARD_BINARY_INFO=1 -DLIB_PICO_STANDARD_LINK=1 -DLIB_PICO_STDIO=1 -DLIB_PICO_STDLIB=1 -DLIB_PICO_SYNC=1 -DLIB_PICO_SYNC_CRITICAL_SECTION=1 -DLIB_PICO_SYNC_MUTEX=1 -DLIB_PICO_SYNC_SEM=1 -DLIB_PICO_TIME=1 -DLIB_PICO_TIME_ADAPTER=1 -DLIB_PICO_UNIQUE_ID=1 -DLIB_PICO_UTIL=1 -DLIB_TINYUSB_BOARD=1 -DLIB_TINYUSB_DEVICE=1 -DPICO_32BIT=1 -DPICO_BOARD=\"pico2\" -DPICO_BUILD=1 -DPICO_CMAKE_BUILD_TYPE=\"Release\" -DPICO_COPY_TO_RAM=0 -DPICO_CXX_ENABLE_EXCEPTIONS=0 -DPICO_NO_FLASH=0 -DPICO_NO_HARDWARE=0 -DPICO_ON_DEVICE=1 -DPICO_RP2040_USB_DEVICE_UFRAME_FIX=1 -DPICO_RP2350=1 -DPICO_TARGET_NAME=\"pico_6mic_soundcard\" -DPICO_USE_BLOCKED_RAM=0 -I/home/gpu/het68/build -I/home/gpu/het68 -I/home/gpu/het68/pico-sdk/src/rp2_common/pico_atomic/include -I/home/gpu/het68/pico-sdk/lib/tinyusb/src -I/home/gpu/het68/pico-sdk/src/rp2_common/tinyusb/include -I/home/gpu/het68/pico-sdk/lib/tinyusb/hw -isystem /home/gpu/het68/pico-sdk/src/common/pico_stdlib_headers/include -isystem /home/gpu/het68/pico-sdk/src/rp2_common/hardware_gpio/include -isystem /home/gpu/het68/pico-sdk/src/common/pico_base_headers/include -isystem /home/gpu/het68/build/generated/pico_base -isystem /home/gpu/het68/pico-sdk/src/boards/include -isystem /home/gpu/het68/pico-sdk/src/rp2350/pico_platform/include -isystem /home/gpu/het68/pico-sdk/src/rp2350/hardware_regs/include -isystem /home/gpu/het68/pico-sdk/src/rp2_common/hardware_base/include -isystem /home/gpu/het68/pico-sdk/src/rp2_common/pico_platform_common/include -isystem /home/gpu/het68/pico-sdk/src/rp2_common/pico_platform_compiler/include -isystem /home/gpu/het68/pico-sdk/src/rp2_common/pico_platform_panic/include -isystem /home/gpu/het68/pico-sdk/src/rp2_common/pico_platform_sections/include -isystem /home/gpu/het68/pico-sdk/src/rp2_common/hardware_dcp/include -isystem /home/gpu/het68/pico-sdk/src/rp2350/hardware_structs/include -isystem /home/gpu/het68/pico-sdk/src/rp2_common/hardware_rcp/include -isystem /home/gpu/het68/pico-sdk/src/common/hardware_claim/include -isystem /home/gpu/het68/pico-sdk/src/rp2_common/hardware_sync/include -isystem /home/gpu/het68/pico-sdk/src/rp2_common/hardware_sync_spin_lock/include -isystem /home/gpu/het68/pico-sdk/src/rp2_common/hardware_irq/include -isystem /home/gpu/het68/pico-sdk/src/rp2_common/hardware_uart/include -isystem /home/gpu/het68/pico-sdk/src/rp2_common/hardware_resets/include -isystem /home/gpu/het68/pico-sdk/src/rp2_common/hardware_clocks/include -isystem /home/gpu/het68/pico-sdk/src/rp2_common/hardware_pll/include -isystem /home/gpu/het68/pico-sdk/src/rp2_common/hardware_vreg/include -isystem /home/gpu/het68/pico-sdk/src/rp2_common/hardware_watchdog/include -isystem /home/gpu/het68/pico-sdk/src/rp2_common/hardware_ticks/include -isystem /home/gpu/het68/pico-sdk/src/rp2_common/pico_bootrom/include -isystem /home/gpu/het68/pico-sdk/src/common/boot_picoboot_headers/include -isystem /home/gpu/het68/pico-sdk/src/rp2_common/boot_bootrom_headers/include -isystem /home/gpu/het68/pico-sdk/src/rp2_common/hardware_boot_lock/include -isystem /home/gpu/het68/pico-sdk/src/rp2_common/pico_flash/include -isystem /home/gpu/het68/pico-sdk/src/common/pico_time/include -isystem /home/gpu/het68/pico-sdk/src/rp2_common/hardware_timer/include -isystem /home/gpu/het68/pico-sdk/src/common/pico_sync/include -isystem /home/gpu/het68/pico-sdk/src/common/pico_util/include -isystem /home/gpu/het68/pico-sdk/src/rp2_common/pico_time_adapter/include -isystem /home/gpu/het68/pico-sdk/src/rp2_common/hardware_xosc/include -isystem /home/gpu/het68/pico-sdk/src/rp2_common/hardware_divider/include -isystem /home/gpu/het68/pico-sdk/src/rp2_common/pico_runtime/include -isystem /home/gpu/het68/pico-sdk/src/rp2_common/pico_runtime_init/include -isystem /home/gpu/het68/pico-sdk/src/common/pico_bit_ops_headers/include -isystem /home/gpu/het68/pico-sdk/src/common/pico_divider_headers/include -isystem /home/gpu/het68/pico-sdk/src/rp2_common/pico_double/include -isystem /home/gpu/het68/pico-sdk/src/rp2_common/pico_float/include -isystem /home/gpu/het68/pico-sdk/src/rp2_common/pico_malloc/include -isystem /home/gpu/het68/pico-sdk/src/common/pico_binary_info/include -isystem /home/gpu/het68/pico-sdk/src/rp2_common/pico_printf/include -isystem /home/gpu/het68/pico-sdk/src/rp2_common/pico_stdio/include -isystem /home/gpu/het68/pico-sdk/src/rp2_common/pico_multicore/include -isystem /home/gpu/het68/pico-sdk/src/common/boot_picobin_headers/include -isystem /home/gpu/het68/pico-sdk/src/rp2350/boot_stage2/include -isystem /home/gpu/het68/pico-sdk/src/rp2_common/hardware_pio/include -isystem /home/gpu/het68/pico-sdk/src/rp2_common/hardware_dma/include -isystem /home/gpu/het68/pico-sdk/src/rp2_common/pico_fix/rp2040_usb_device_enumeration/include -isystem /home/gpu/het68/pico-sdk/src/rp2_common/pico_unique_id/include -isystem /home/gpu/het68/pico-sdk/src/rp2_common/hardware_flash/include -isystem /home/gpu/het68/pico-sdk/src/rp2_common/hardware_xip_cache/include -mcpu=cortex-m33 -mthumb -march=armv8-m.main+fp+dsp -mfloat-abi=softfp -mcmse -g -O3 -DNDEBUG -ffunction-sections -fdata-sections -MD -MT CMakeFiles/pico_6mic_soundcard.dir/pico-sdk/lib/tinyusb/src/class/cdc/cdc_device.c.o -MF CMakeFiles/pico_6mic_soundcard.dir/pico-sdk/lib/tinyusb/src/class/cdc/cdc_device.c.o.d -o CMakeFiles/pico_6mic_soundcard.dir/pico-sdk/lib/tinyusb/src/class/cdc/cdc_device.c.o -c /home/gpu/het68/pico-sdk/lib/tinyusb/src/class/cdc/cdc_device.c
/usr/bin/arm-none-eabi-gcc -DCFG_TUSB_DEBUG=0 -DCFG_TUSB_MCU=OPT_MCU_RP2040 -DCFG_TUSB_OS=OPT_OS_PICO -DLIB_BOOT_STAGE2_HEADERS=1 -DLIB_PICO_ATOMIC=1 -DLIB_PICO_BIT_OPS=1 -DLIB_PICO_BIT_OPS_PICO=1 -DLIB_PICO_CLIB_INTERFACE=1 -DLIB_PICO_CRT0=1 -DLIB_PICO_CXX_OPTIONS=1 -DLIB_PICO_DIVIDER=1 -DLIB_PICO_DIVIDER_COMPILER=1 -DLIB_PICO_DOUBLE=1 -DLIB_PICO_DOUBLE_PICO=1 -DLIB_PICO_FIX_RP2040_USB_DEVICE_ENUMERATION=1 -DLIB_PICO_FLASH=1 -DLIB_PICO_FLOAT=1 -DLIB_PICO_FLOAT_PICO=1 -DLIB_PICO_FLOAT_PICO_VFP=1 -DLIB_PICO_INT64_OPS=1 -DLIB_PICO_INT64_OPS_COMPILER=1 -DLIB_PICO_MALLOC=1 -DLIB_PICO_MEM_OPS=1 -DLIB_PICO_MEM_OPS_COMPILER=1 -DLIB_PICO_NEWLIB_INTERFACE=1 -DLIB_PICO_PLATFORM=1 -DLIB_PICO_PLATFORM_COMMON=1 -DLIB_PICO_PLATFORM_COMPILER=1 -DLIB_PICO_PLATFORM_PANIC=1 -DLIB_PICO_PLATFORM_SECTIONS=1 -DLIB_PICO_PRINTF=1 -DLIB_PICO_PRINTF_PICO=1 -DLIB_PICO_RUNTIME=1 -DLIB_PICO_RUNTIME_INIT=1 -DLIB_PICO_STANDARD_BINARY_INFO=1 -DLIB_PICO_STANDARD_LINK=1 -DLIB_PICO_STDIO=1 -DLIB_PICO_STDLIB=1 -DLIB_PICO_SYNC=1 -DLIB_PICO_SYNC_CRITICAL_SECTION=1 -DLIB_PICO_SYNC_MUTEX=1 -DLIB_PICO_SYNC_SEM=1 -DLIB_PICO_TIME=1 -DLIB_PICO_TIME_ADAPTER=1 -DLIB_PICO_UNIQUE_ID=1 -DLIB_PICO_UTIL=1 -DLIB_TINYUSB_BOARD=1 -DLIB_TINYUSB_DEVICE=1 -DPICO_32BIT=1 -DPICO_BOARD=\"pico2\" -DPICO_BUILD=1 -DPICO_CMAKE_BUILD_TYPE=\"Release\" -DPICO_COPY_TO_RAM=0 -DPICO_CXX_ENABLE_EXCEPTIONS=0 -DPICO_NO_FLASH=0 -DPICO_NO_HARDWARE=0 -DPICO_ON_DEVICE=1 -DPICO_RP2040_USB_DEVICE_UFRAME_FIX=1 -DPICO_RP2350=1 -DPICO_TARGET_NAME=\"pico_6mic_soundcard\" -DPICO_USE_BLOCKED_RAM=0 -I/home/gpu/het68/build -I/home/gpu/het68 -I/home/gpu/het68/pico-sdk/src/rp2_common/pico_atomic/include -I/home/gpu/het68/pico-sdk/lib/tinyusb/src -I/home/gpu/het68/pico-sdk/src/rp2_common/tinyusb/include -I/home/gpu/het68/pico-sdk/lib/tinyusb/hw -isystem /home/gpu/het68/pico-sdk/src/common/pico_stdlib_headers/include -isystem /home/gpu/het68/pico-sdk/src/rp2_common/hardware_gpio/include -isystem /home/gpu/het68/pico-sdk/src/common/pico_base_headers/include -isystem /home/gpu/het68/build/generated/pico_base -isystem /home/gpu/het68/pico-sdk/src/boards/include -isystem /home/gpu/het68/pico-sdk/src/rp2350/pico_platform/include -isystem /home/gpu/het68/pico-sdk/src/rp2350/hardware_regs/include -isystem /home/gpu/het68/pico-sdk/src/rp2_common/hardware_base/include -isystem /home/gpu/het68/pico-sdk/src/rp2_common/pico_platform_common/include -isystem /home/gpu/het68/pico-sdk/src/rp2_common/pico_platform_compiler/include -isystem /home/gpu/het68/pico-sdk/src/rp2_common/pico_platform_panic/include -isystem /home/gpu/het68/pico-sdk/src/rp2_common/pico_platform_sections/include -isystem /home/gpu/het68/pico-sdk/src/rp2_common/hardware_dcp/include -isystem /home/gpu/het68/pico-sdk/src/rp2350/hardware_structs/include -isystem /home/gpu/het68/pico-sdk/src/rp2_common/hardware_rcp/include -isystem /home/gpu/het68/pico-sdk/src/common/hardware_claim/include -isystem /home/gpu/het68/pico-sdk/src/rp2_common/hardware_sync/include -isystem /home/gpu/het68/pico-sdk/src/rp2_common/hardware_sync_spin_lock/include -isystem /home/gpu/het68/pico-sdk/src/rp2_common/hardware_irq/include -isystem /home/gpu/het68/pico-sdk/src/rp2_common/hardware_uart/include -isystem /home/gpu/het68/pico-sdk/src/rp2_common/hardware_resets/include -isystem /home/gpu/het68/pico-sdk/src/rp2_common/hardware_clocks/include -isystem /home/gpu/het68/pico-sdk/src/rp2_common/hardware_pll/include -isystem /home/gpu/het68/pico-sdk/src/rp2_common/hardware_vreg/include -isystem /home/gpu/het68/pico-sdk/src/rp2_common/hardware_watchdog/include -isystem /home/gpu/het68/pico-sdk/src/rp2_common/hardware_ticks/include -isystem /home/gpu/het68/pico-sdk/src/rp2_common/pico_bootrom/include -isystem /home/gpu/het68/pico-sdk/src/common/boot_picoboot_headers/include -isystem /home/gpu/het68/pico-sdk/src/rp2_common/boot_bootrom_headers/include -isystem /home/gpu/het68/pico-sdk/src/rp2_common/hardware_boot_lock/include -isystem /home/gpu/het68/pico-sdk/src/rp2_common/pico_flash/include -isystem /home/gpu/het68/pico-sdk/src/common/pico_time/include -isystem /home/gpu/het68/pico-sdk/src/rp2_common/hardware_timer/include -isystem /home/gpu/het68/pico-sdk/src/common/pico_sync/include -isystem /home/gpu/het68/pico-sdk/src/common/pico_util/include -isystem /home/gpu/het68/pico-sdk/src/rp2_common/pico_time_adapter/include -isystem /home/gpu/het68/pico-sdk/src/rp2_common/hardware_xosc/include -isystem /home/gpu/het68/pico-sdk/src/rp2_common/hardware_divider/include -isystem /home/gpu/het68/pico-sdk/src/rp2_common/pico_runtime/include -isystem /home/gpu/het68/pico-sdk/src/rp2_common/pico_runtime_init/include -isystem /home/gpu/het68/pico-sdk/src/common/pico_bit_ops_headers/include -isystem /home/gpu/het68/pico-sdk/src/common/pico_divider_headers/include -isystem /home/gpu/het68/pico-sdk/src/rp2_common/pico_double/include -isystem /home/gpu/het68/pico-sdk/src/rp2_common/pico_float/include -isystem /home/gpu/het68/pico-sdk/src/rp2_common/pico_malloc/include -isystem /home/gpu/het68/pico-sdk/src/common/pico_binary_info/include -isystem /home/gpu/het68/pico-sdk/src/rp2_common/pico_printf/include -isystem /home/gpu/het68/pico-sdk/src/rp2_common/pico_stdio/include -isystem /home/gpu/het68/pico-sdk/src/rp2_common/pico_multicore/include -isystem /home/gpu/het68/pico-sdk/src/common/boot_picobin_headers/include -isystem /home/gpu/het68/pico-sdk/src/rp2350/boot_stage2/include -isystem /home/gpu/het68/pico-sdk/src/rp2_common/hardware_pio/include -isystem /home/gpu/het68/pico-sdk/src/rp2_common/hardware_dma/include -isystem /home/gpu/het68/pico-sdk/src/rp2_common/pico_fix/rp2040_usb_device_enumeration/include -isystem /home/gpu/het68/pico-sdk/src/rp2_common/pico_unique_id/include -isystem /home/gpu/het68/pico-sdk/src/rp2_common/hardware_flash/include -isystem /home/gpu/het68/pico-sdk/src/rp2_common/hardware_xip_cache/include -mcpu=cortex-m33 -mthumb -march=armv8-m.main+fp+dsp -mfloat-abi=softfp -mcmse -g -O3 -DNDEBUG -ffunction-sections -fdata-sections -MD -MT CMakeFiles/pico_6mic_soundcard.dir/pico-sdk/lib/tinyusb/src/class/usbtmc/usbtmc_device.c.o -MF CMakeFiles/pico_6mic_soundcard.dir/pico-sdk/lib/tinyusb/src/class/usbtmc/usbtmc_device.c.o.d -o CMakeFiles/pico_6mic_soundcard.dir/pico-sdk/lib/tinyusb/src/class/usbtmc/usbtmc_device.c.o -c /home/gpu/het68/pico-sdk/lib/tinyusb/src/class/usbtmc/usbtmc_device.c
[ 91%] Building C object CMakeFiles/pico_6mic_soundcard.dir/pico-sdk/lib/tinyusb/src/class/vendor/vendor_device.c.o
[ 92%] Building C object CMakeFiles/pico_6mic_soundcard.dir/pico-sdk/lib/tinyusb/src/class/net/ncm_device.c.o
/usr/bin/arm-none-eabi-gcc -DCFG_TUSB_DEBUG=0 -DCFG_TUSB_MCU=OPT_MCU_RP2040 -DCFG_TUSB_OS=OPT_OS_PICO -DLIB_BOOT_STAGE2_HEADERS=1 -DLIB_PICO_ATOMIC=1 -DLIB_PICO_BIT_OPS=1 -DLIB_PICO_BIT_OPS_PICO=1 -DLIB_PICO_CLIB_INTERFACE=1 -DLIB_PICO_CRT0=1 -DLIB_PICO_CXX_OPTIONS=1 -DLIB_PICO_DIVIDER=1 -DLIB_PICO_DIVIDER_COMPILER=1 -DLIB_PICO_DOUBLE=1 -DLIB_PICO_DOUBLE_PICO=1 -DLIB_PICO_FIX_RP2040_USB_DEVICE_ENUMERATION=1 -DLIB_PICO_FLASH=1 -DLIB_PICO_FLOAT=1 -DLIB_PICO_FLOAT_PICO=1 -DLIB_PICO_FLOAT_PICO_VFP=1 -DLIB_PICO_INT64_OPS=1 -DLIB_PICO_INT64_OPS_COMPILER=1 -DLIB_PICO_MALLOC=1 -DLIB_PICO_MEM_OPS=1 -DLIB_PICO_MEM_OPS_COMPILER=1 -DLIB_PICO_NEWLIB_INTERFACE=1 -DLIB_PICO_PLATFORM=1 -DLIB_PICO_PLATFORM_COMMON=1 -DLIB_PICO_PLATFORM_COMPILER=1 -DLIB_PICO_PLATFORM_PANIC=1 -DLIB_PICO_PLATFORM_SECTIONS=1 -DLIB_PICO_PRINTF=1 -DLIB_PICO_PRINTF_PICO=1 -DLIB_PICO_RUNTIME=1 -DLIB_PICO_RUNTIME_INIT=1 -DLIB_PICO_STANDARD_BINARY_INFO=1 -DLIB_PICO_STANDARD_LINK=1 -DLIB_PICO_STDIO=1 -DLIB_PICO_STDLIB=1 -DLIB_PICO_SYNC=1 -DLIB_PICO_SYNC_CRITICAL_SECTION=1 -DLIB_PICO_SYNC_MUTEX=1 -DLIB_PICO_SYNC_SEM=1 -DLIB_PICO_TIME=1 -DLIB_PICO_TIME_ADAPTER=1 -DLIB_PICO_UNIQUE_ID=1 -DLIB_PICO_UTIL=1 -DLIB_TINYUSB_BOARD=1 -DLIB_TINYUSB_DEVICE=1 -DPICO_32BIT=1 -DPICO_BOARD=\"pico2\" -DPICO_BUILD=1 -DPICO_CMAKE_BUILD_TYPE=\"Release\" -DPICO_COPY_TO_RAM=0 -DPICO_CXX_ENABLE_EXCEPTIONS=0 -DPICO_NO_FLASH=0 -DPICO_NO_HARDWARE=0 -DPICO_ON_DEVICE=1 -DPICO_RP2040_USB_DEVICE_UFRAME_FIX=1 -DPICO_RP2350=1 -DPICO_TARGET_NAME=\"pico_6mic_soundcard\" -DPICO_USE_BLOCKED_RAM=0 -I/home/gpu/het68/build -I/home/gpu/het68 -I/home/gpu/het68/pico-sdk/src/rp2_common/pico_atomic/include -I/home/gpu/het68/pico-sdk/lib/tinyusb/src -I/home/gpu/het68/pico-sdk/src/rp2_common/tinyusb/include -I/home/gpu/het68/pico-sdk/lib/tinyusb/hw -isystem /home/gpu/het68/pico-sdk/src/common/pico_stdlib_headers/include -isystem /home/gpu/het68/pico-sdk/src/rp2_common/hardware_gpio/include -isystem /home/gpu/het68/pico-sdk/src/common/pico_base_headers/include -isystem /home/gpu/het68/build/generated/pico_base -isystem /home/gpu/het68/pico-sdk/src/boards/include -isystem /home/gpu/het68/pico-sdk/src/rp2350/pico_platform/include -isystem /home/gpu/het68/pico-sdk/src/rp2350/hardware_regs/include -isystem /home/gpu/het68/pico-sdk/src/rp2_common/hardware_base/include -isystem /home/gpu/het68/pico-sdk/src/rp2_common/pico_platform_common/include -isystem /home/gpu/het68/pico-sdk/src/rp2_common/pico_platform_compiler/include -isystem /home/gpu/het68/pico-sdk/src/rp2_common/pico_platform_panic/include -isystem /home/gpu/het68/pico-sdk/src/rp2_common/pico_platform_sections/include -isystem /home/gpu/het68/pico-sdk/src/rp2_common/hardware_dcp/include -isystem /home/gpu/het68/pico-sdk/src/rp2350/hardware_structs/include -isystem /home/gpu/het68/pico-sdk/src/rp2_common/hardware_rcp/include -isystem /home/gpu/het68/pico-sdk/src/common/hardware_claim/include -isystem /home/gpu/het68/pico-sdk/src/rp2_common/hardware_sync/include -isystem /home/gpu/het68/pico-sdk/src/rp2_common/hardware_sync_spin_lock/include -isystem /home/gpu/het68/pico-sdk/src/rp2_common/hardware_irq/include -isystem /home/gpu/het68/pico-sdk/src/rp2_common/hardware_uart/include -isystem /home/gpu/het68/pico-sdk/src/rp2_common/hardware_resets/include -isystem /home/gpu/het68/pico-sdk/src/rp2_common/hardware_clocks/include -isystem /home/gpu/het68/pico-sdk/src/rp2_common/hardware_pll/include -isystem /home/gpu/het68/pico-sdk/src/rp2_common/hardware_vreg/include -isystem /home/gpu/het68/pico-sdk/src/rp2_common/hardware_watchdog/include -isystem /home/gpu/het68/pico-sdk/src/rp2_common/hardware_ticks/include -isystem /home/gpu/het68/pico-sdk/src/rp2_common/pico_bootrom/include -isystem /home/gpu/het68/pico-sdk/src/common/boot_picoboot_headers/include -isystem /home/gpu/het68/pico-sdk/src/rp2_common/boot_bootrom_headers/include -isystem /home/gpu/het68/pico-sdk/src/rp2_common/hardware_boot_lock/include -isystem /home/gpu/het68/pico-sdk/src/rp2_common/pico_flash/include -isystem /home/gpu/het68/pico-sdk/src/common/pico_time/include -isystem /home/gpu/het68/pico-sdk/src/rp2_common/hardware_timer/include -isystem /home/gpu/het68/pico-sdk/src/common/pico_sync/include -isystem /home/gpu/het68/pico-sdk/src/common/pico_util/include -isystem /home/gpu/het68/pico-sdk/src/rp2_common/pico_time_adapter/include -isystem /home/gpu/het68/pico-sdk/src/rp2_common/hardware_xosc/include -isystem /home/gpu/het68/pico-sdk/src/rp2_common/hardware_divider/include -isystem /home/gpu/het68/pico-sdk/src/rp2_common/pico_runtime/include -isystem /home/gpu/het68/pico-sdk/src/rp2_common/pico_runtime_init/include -isystem /home/gpu/het68/pico-sdk/src/common/pico_bit_ops_headers/include -isystem /home/gpu/het68/pico-sdk/src/common/pico_divider_headers/include -isystem /home/gpu/het68/pico-sdk/src/rp2_common/pico_double/include -isystem /home/gpu/het68/pico-sdk/src/rp2_common/pico_float/include -isystem /home/gpu/het68/pico-sdk/src/rp2_common/pico_malloc/include -isystem /home/gpu/het68/pico-sdk/src/common/pico_binary_info/include -isystem /home/gpu/het68/pico-sdk/src/rp2_common/pico_printf/include -isystem /home/gpu/het68/pico-sdk/src/rp2_common/pico_stdio/include -isystem /home/gpu/het68/pico-sdk/src/rp2_common/pico_multicore/include -isystem /home/gpu/het68/pico-sdk/src/common/boot_picobin_headers/include -isystem /home/gpu/het68/pico-sdk/src/rp2350/boot_stage2/include -isystem /home/gpu/het68/pico-sdk/src/rp2_common/hardware_pio/include -isystem /home/gpu/het68/pico-sdk/src/rp2_common/hardware_dma/include -isystem /home/gpu/het68/pico-sdk/src/rp2_common/pico_fix/rp2040_usb_device_enumeration/include -isystem /home/gpu/het68/pico-sdk/src/rp2_common/pico_unique_id/include -isystem /home/gpu/het68/pico-sdk/src/rp2_common/hardware_flash/include -isystem /home/gpu/het68/pico-sdk/src/rp2_common/hardware_xip_cache/include -mcpu=cortex-m33 -mthumb -march=armv8-m.main+fp+dsp -mfloat-abi=softfp -mcmse -g -O3 -DNDEBUG -ffunction-sections -fdata-sections -MD -MT CMakeFiles/pico_6mic_soundcard.dir/pico-sdk/lib/tinyusb/src/class/dfu/dfu_rt_device.c.o -MF CMakeFiles/pico_6mic_soundcard.dir/pico-sdk/lib/tinyusb/src/class/dfu/dfu_rt_device.c.o.d -o CMakeFiles/pico_6mic_soundcard.dir/pico-sdk/lib/tinyusb/src/class/dfu/dfu_rt_device.c.o -c /home/gpu/het68/pico-sdk/lib/tinyusb/src/class/dfu/dfu_rt_device.c
/usr/bin/arm-none-eabi-gcc -DCFG_TUSB_DEBUG=0 -DCFG_TUSB_MCU=OPT_MCU_RP2040 -DCFG_TUSB_OS=OPT_OS_PICO -DLIB_BOOT_STAGE2_HEADERS=1 -DLIB_PICO_ATOMIC=1 -DLIB_PICO_BIT_OPS=1 -DLIB_PICO_BIT_OPS_PICO=1 -DLIB_PICO_CLIB_INTERFACE=1 -DLIB_PICO_CRT0=1 -DLIB_PICO_CXX_OPTIONS=1 -DLIB_PICO_DIVIDER=1 -DLIB_PICO_DIVIDER_COMPILER=1 -DLIB_PICO_DOUBLE=1 -DLIB_PICO_DOUBLE_PICO=1 -DLIB_PICO_FIX_RP2040_USB_DEVICE_ENUMERATION=1 -DLIB_PICO_FLASH=1 -DLIB_PICO_FLOAT=1 -DLIB_PICO_FLOAT_PICO=1 -DLIB_PICO_FLOAT_PICO_VFP=1 -DLIB_PICO_INT64_OPS=1 -DLIB_PICO_INT64_OPS_COMPILER=1 -DLIB_PICO_MALLOC=1 -DLIB_PICO_MEM_OPS=1 -DLIB_PICO_MEM_OPS_COMPILER=1 -DLIB_PICO_NEWLIB_INTERFACE=1 -DLIB_PICO_PLATFORM=1 -DLIB_PICO_PLATFORM_COMMON=1 -DLIB_PICO_PLATFORM_COMPILER=1 -DLIB_PICO_PLATFORM_PANIC=1 -DLIB_PICO_PLATFORM_SECTIONS=1 -DLIB_PICO_PRINTF=1 -DLIB_PICO_PRINTF_PICO=1 -DLIB_PICO_RUNTIME=1 -DLIB_PICO_RUNTIME_INIT=1 -DLIB_PICO_STANDARD_BINARY_INFO=1 -DLIB_PICO_STANDARD_LINK=1 -DLIB_PICO_STDIO=1 -DLIB_PICO_STDLIB=1 -DLIB_PICO_SYNC=1 -DLIB_PICO_SYNC_CRITICAL_SECTION=1 -DLIB_PICO_SYNC_MUTEX=1 -DLIB_PICO_SYNC_SEM=1 -DLIB_PICO_TIME=1 -DLIB_PICO_TIME_ADAPTER=1 -DLIB_PICO_UNIQUE_ID=1 -DLIB_PICO_UTIL=1 -DLIB_TINYUSB_BOARD=1 -DLIB_TINYUSB_DEVICE=1 -DPICO_32BIT=1 -DPICO_BOARD=\"pico2\" -DPICO_BUILD=1 -DPICO_CMAKE_BUILD_TYPE=\"Release\" -DPICO_COPY_TO_RAM=0 -DPICO_CXX_ENABLE_EXCEPTIONS=0 -DPICO_NO_FLASH=0 -DPICO_NO_HARDWARE=0 -DPICO_ON_DEVICE=1 -DPICO_RP2040_USB_DEVICE_UFRAME_FIX=1 -DPICO_RP2350=1 -DPICO_TARGET_NAME=\"pico_6mic_soundcard\" -DPICO_USE_BLOCKED_RAM=0 -I/home/gpu/het68/build -I/home/gpu/het68 -I/home/gpu/het68/pico-sdk/src/rp2_common/pico_atomic/include -I/home/gpu/het68/pico-sdk/lib/tinyusb/src -I/home/gpu/het68/pico-sdk/src/rp2_common/tinyusb/include -I/home/gpu/het68/pico-sdk/lib/tinyusb/hw -isystem /home/gpu/het68/pico-sdk/src/common/pico_stdlib_headers/include -isystem /home/gpu/het68/pico-sdk/src/rp2_common/hardware_gpio/include -isystem /home/gpu/het68/pico-sdk/src/common/pico_base_headers/include -isystem /home/gpu/het68/build/generated/pico_base -isystem /home/gpu/het68/pico-sdk/src/boards/include -isystem /home/gpu/het68/pico-sdk/src/rp2350/pico_platform/include -isystem /home/gpu/het68/pico-sdk/src/rp2350/hardware_regs/include -isystem /home/gpu/het68/pico-sdk/src/rp2_common/hardware_base/include -isystem /home/gpu/het68/pico-sdk/src/rp2_common/pico_platform_common/include -isystem /home/gpu/het68/pico-sdk/src/rp2_common/pico_platform_compiler/include -isystem /home/gpu/het68/pico-sdk/src/rp2_common/pico_platform_panic/include -isystem /home/gpu/het68/pico-sdk/src/rp2_common/pico_platform_sections/include -isystem /home/gpu/het68/pico-sdk/src/rp2_common/hardware_dcp/include -isystem /home/gpu/het68/pico-sdk/src/rp2350/hardware_structs/include -isystem /home/gpu/het68/pico-sdk/src/rp2_common/hardware_rcp/include -isystem /home/gpu/het68/pico-sdk/src/common/hardware_claim/include -isystem /home/gpu/het68/pico-sdk/src/rp2_common/hardware_sync/include -isystem /home/gpu/het68/pico-sdk/src/rp2_common/hardware_sync_spin_lock/include -isystem /home/gpu/het68/pico-sdk/src/rp2_common/hardware_irq/include -isystem /home/gpu/het68/pico-sdk/src/rp2_common/hardware_uart/include -isystem /home/gpu/het68/pico-sdk/src/rp2_common/hardware_resets/include -isystem /home/gpu/het68/pico-sdk/src/rp2_common/hardware_clocks/include -isystem /home/gpu/het68/pico-sdk/src/rp2_common/hardware_pll/include -isystem /home/gpu/het68/pico-sdk/src/rp2_common/hardware_vreg/include -isystem /home/gpu/het68/pico-sdk/src/rp2_common/hardware_watchdog/include -isystem /home/gpu/het68/pico-sdk/src/rp2_common/hardware_ticks/include -isystem /home/gpu/het68/pico-sdk/src/rp2_common/pico_bootrom/include -isystem /home/gpu/het68/pico-sdk/src/common/boot_picoboot_headers/include -isystem /home/gpu/het68/pico-sdk/src/rp2_common/boot_bootrom_headers/include -isystem /home/gpu/het68/pico-sdk/src/rp2_common/hardware_boot_lock/include -isystem /home/gpu/het68/pico-sdk/src/rp2_common/pico_flash/include -isystem /home/gpu/het68/pico-sdk/src/common/pico_time/include -isystem /home/gpu/het68/pico-sdk/src/rp2_common/hardware_timer/include -isystem /home/gpu/het68/pico-sdk/src/common/pico_sync/include -isystem /home/gpu/het68/pico-sdk/src/common/pico_util/include -isystem /home/gpu/het68/pico-sdk/src/rp2_common/pico_time_adapter/include -isystem /home/gpu/het68/pico-sdk/src/rp2_common/hardware_xosc/include -isystem /home/gpu/het68/pico-sdk/src/rp2_common/hardware_divider/include -isystem /home/gpu/het68/pico-sdk/src/rp2_common/pico_runtime/include -isystem /home/gpu/het68/pico-sdk/src/rp2_common/pico_runtime_init/include -isystem /home/gpu/het68/pico-sdk/src/common/pico_bit_ops_headers/include -isystem /home/gpu/het68/pico-sdk/src/common/pico_divider_headers/include -isystem /home/gpu/het68/pico-sdk/src/rp2_common/pico_double/include -isystem /home/gpu/het68/pico-sdk/src/rp2_common/pico_float/include -isystem /home/gpu/het68/pico-sdk/src/rp2_common/pico_malloc/include -isystem /home/gpu/het68/pico-sdk/src/common/pico_binary_info/include -isystem /home/gpu/het68/pico-sdk/src/rp2_common/pico_printf/include -isystem /home/gpu/het68/pico-sdk/src/rp2_common/pico_stdio/include -isystem /home/gpu/het68/pico-sdk/src/rp2_common/pico_multicore/include -isystem /home/gpu/het68/pico-sdk/src/common/boot_picobin_headers/include -isystem /home/gpu/het68/pico-sdk/src/rp2350/boot_stage2/include -isystem /home/gpu/het68/pico-sdk/src/rp2_common/hardware_pio/include -isystem /home/gpu/het68/pico-sdk/src/rp2_common/hardware_dma/include -isystem /home/gpu/het68/pico-sdk/src/rp2_common/pico_fix/rp2040_usb_device_enumeration/include -isystem /home/gpu/het68/pico-sdk/src/rp2_common/pico_unique_id/include -isystem /home/gpu/het68/pico-sdk/src/rp2_common/hardware_flash/include -isystem /home/gpu/het68/pico-sdk/src/rp2_common/hardware_xip_cache/include -mcpu=cortex-m33 -mthumb -march=armv8-m.main+fp+dsp -mfloat-abi=softfp -mcmse -g -O3 -DNDEBUG -ffunction-sections -fdata-sections -MD -MT CMakeFiles/pico_6mic_soundcard.dir/pico-sdk/lib/tinyusb/src/class/hid/hid_device.c.o -MF CMakeFiles/pico_6mic_soundcard.dir/pico-sdk/lib/tinyusb/src/class/hid/hid_device.c.o.d -o CMakeFiles/pico_6mic_soundcard.dir/pico-sdk/lib/tinyusb/src/class/hid/hid_device.c.o -c /home/gpu/het68/pico-sdk/lib/tinyusb/src/class/hid/hid_device.c
[ 93%] Building C object CMakeFiles/pico_6mic_soundcard.dir/pico-sdk/lib/tinyusb/src/common/tusb_fifo.c.o
[ 94%] Building C object CMakeFiles/pico_6mic_soundcard.dir/pico-sdk/lib/tinyusb/src/class/net/ecm_rndis_device.c.o
[ 97%] Building C object CMakeFiles/pico_6mic_soundcard.dir/pico-sdk/src/rp2_common/hardware_flash/flash.c.o
[ 98%] Building C object CMakeFiles/pico_6mic_soundcard.dir/pico-sdk/src/rp2_common/hardware_xip_cache/xip_cache.c.o
[ 98%] Building C object CMakeFiles/pico_6mic_soundcard.dir/pico-sdk/lib/tinyusb/hw/bsp/rp2040/family.c.o
[ 98%] Building C object CMakeFiles/pico_6mic_soundcard.dir/pico-sdk/src/rp2_common/pico_unique_id/unique_id.c.o
/usr/bin/arm-none-eabi-gcc -DCFG_TUSB_DEBUG=0 -DCFG_TUSB_MCU=OPT_MCU_RP2040 -DCFG_TUSB_OS=OPT_OS_PICO -DLIB_BOOT_STAGE2_HEADERS=1 -DLIB_PICO_ATOMIC=1 -DLIB_PICO_BIT_OPS=1 -DLIB_PICO_BIT_OPS_PICO=1 -DLIB_PICO_CLIB_INTERFACE=1 -DLIB_PICO_CRT0=1 -DLIB_PICO_CXX_OPTIONS=1 -DLIB_PICO_DIVIDER=1 -DLIB_PICO_DIVIDER_COMPILER=1 -DLIB_PICO_DOUBLE=1 -DLIB_PICO_DOUBLE_PICO=1 -DLIB_PICO_FIX_RP2040_USB_DEVICE_ENUMERATION=1 -DLIB_PICO_FLASH=1 -DLIB_PICO_FLOAT=1 -DLIB_PICO_FLOAT_PICO=1 -DLIB_PICO_FLOAT_PICO_VFP=1 -DLIB_PICO_INT64_OPS=1 -DLIB_PICO_INT64_OPS_COMPILER=1 -DLIB_PICO_MALLOC=1 -DLIB_PICO_MEM_OPS=1 -DLIB_PICO_MEM_OPS_COMPILER=1 -DLIB_PICO_NEWLIB_INTERFACE=1 -DLIB_PICO_PLATFORM=1 -DLIB_PICO_PLATFORM_COMMON=1 -DLIB_PICO_PLATFORM_COMPILER=1 -DLIB_PICO_PLATFORM_PANIC=1 -DLIB_PICO_PLATFORM_SECTIONS=1 -DLIB_PICO_PRINTF=1 -DLIB_PICO_PRINTF_PICO=1 -DLIB_PICO_RUNTIME=1 -DLIB_PICO_RUNTIME_INIT=1 -DLIB_PICO_STANDARD_BINARY_INFO=1 -DLIB_PICO_STANDARD_LINK=1 -DLIB_PICO_STDIO=1 -DLIB_PICO_STDLIB=1 -DLIB_PICO_SYNC=1 -DLIB_PICO_SYNC_CRITICAL_SECTION=1 -DLIB_PICO_SYNC_MUTEX=1 -DLIB_PICO_SYNC_SEM=1 -DLIB_PICO_TIME=1 -DLIB_PICO_TIME_ADAPTER=1 -DLIB_PICO_UNIQUE_ID=1 -DLIB_PICO_UTIL=1 -DLIB_TINYUSB_BOARD=1 -DLIB_TINYUSB_DEVICE=1 -DPICO_32BIT=1 -DPICO_BOARD=\"pico2\" -DPICO_BUILD=1 -DPICO_CMAKE_BUILD_TYPE=\"Release\" -DPICO_COPY_TO_RAM=0 -DPICO_CXX_ENABLE_EXCEPTIONS=0 -DPICO_NO_FLASH=0 -DPICO_NO_HARDWARE=0 -DPICO_ON_DEVICE=1 -DPICO_RP2040_USB_DEVICE_UFRAME_FIX=1 -DPICO_RP2350=1 -DPICO_TARGET_NAME=\"pico_6mic_soundcard\" -DPICO_USE_BLOCKED_RAM=0 -I/home/gpu/het68/build -I/home/gpu/het68 -I/home/gpu/het68/pico-sdk/src/rp2_common/pico_atomic/include -I/home/gpu/het68/pico-sdk/lib/tinyusb/src -I/home/gpu/het68/pico-sdk/src/rp2_common/tinyusb/include -I/home/gpu/het68/pico-sdk/lib/tinyusb/hw -isystem /home/gpu/het68/pico-sdk/src/common/pico_stdlib_headers/include -isystem /home/gpu/het68/pico-sdk/src/rp2_common/hardware_gpio/include -isystem /home/gpu/het68/pico-sdk/src/common/pico_base_headers/include -isystem /home/gpu/het68/build/generated/pico_base -isystem /home/gpu/het68/pico-sdk/src/boards/include -isystem /home/gpu/het68/pico-sdk/src/rp2350/pico_platform/include -isystem /home/gpu/het68/pico-sdk/src/rp2350/hardware_regs/include -isystem /home/gpu/het68/pico-sdk/src/rp2_common/hardware_base/include -isystem /home/gpu/het68/pico-sdk/src/rp2_common/pico_platform_common/include -isystem /home/gpu/het68/pico-sdk/src/rp2_common/pico_platform_compiler/include -isystem /home/gpu/het68/pico-sdk/src/rp2_common/pico_platform_panic/include -isystem /home/gpu/het68/pico-sdk/src/rp2_common/pico_platform_sections/include -isystem /home/gpu/het68/pico-sdk/src/rp2_common/hardware_dcp/include -isystem /home/gpu/het68/pico-sdk/src/rp2350/hardware_structs/include -isystem /home/gpu/het68/pico-sdk/src/rp2_common/hardware_rcp/include -isystem /home/gpu/het68/pico-sdk/src/common/hardware_claim/include -isystem /home/gpu/het68/pico-sdk/src/rp2_common/hardware_sync/include -isystem /home/gpu/het68/pico-sdk/src/rp2_common/hardware_sync_spin_lock/include -isystem /home/gpu/het68/pico-sdk/src/rp2_common/hardware_irq/include -isystem /home/gpu/het68/pico-sdk/src/rp2_common/hardware_uart/include -isystem /home/gpu/het68/pico-sdk/src/rp2_common/hardware_resets/include -isystem /home/gpu/het68/pico-sdk/src/rp2_common/hardware_clocks/include -isystem /home/gpu/het68/pico-sdk/src/rp2_common/hardware_pll/include -isystem /home/gpu/het68/pico-sdk/src/rp2_common/hardware_vreg/include -isystem /home/gpu/het68/pico-sdk/src/rp2_common/hardware_watchdog/include -isystem /home/gpu/het68/pico-sdk/src/rp2_common/hardware_ticks/include -isystem /home/gpu/het68/pico-sdk/src/rp2_common/pico_bootrom/include -isystem /home/gpu/het68/pico-sdk/src/common/boot_picoboot_headers/include -isystem /home/gpu/het68/pico-sdk/src/rp2_common/boot_bootrom_headers/include -isystem /home/gpu/het68/pico-sdk/src/rp2_common/hardware_boot_lock/include -isystem /home/gpu/het68/pico-sdk/src/rp2_common/pico_flash/include -isystem /home/gpu/het68/pico-sdk/src/common/pico_time/include -isystem /home/gpu/het68/pico-sdk/src/rp2_common/hardware_timer/include -isystem /home/gpu/het68/pico-sdk/src/common/pico_sync/include -isystem /home/gpu/het68/pico-sdk/src/common/pico_util/include -isystem /home/gpu/het68/pico-sdk/src/rp2_common/pico_time_adapter/include -isystem /home/gpu/het68/pico-sdk/src/rp2_common/hardware_xosc/include -isystem /home/gpu/het68/pico-sdk/src/rp2_common/hardware_divider/include -isystem /home/gpu/het68/pico-sdk/src/rp2_common/pico_runtime/include -isystem /home/gpu/het68/pico-sdk/src/rp2_common/pico_runtime_init/include -isystem /home/gpu/het68/pico-sdk/src/common/pico_bit_ops_headers/include -isystem /home/gpu/het68/pico-sdk/src/common/pico_divider_headers/include -isystem /home/gpu/het68/pico-sdk/src/rp2_common/pico_double/include -isystem /home/gpu/het68/pico-sdk/src/rp2_common/pico_float/include -isystem /home/gpu/het68/pico-sdk/src/rp2_common/pico_malloc/include -isystem /home/gpu/het68/pico-sdk/src/common/pico_binary_info/include -isystem /home/gpu/het68/pico-sdk/src/rp2_common/pico_printf/include -isystem /home/gpu/het68/pico-sdk/src/rp2_common/pico_stdio/include -isystem /home/gpu/het68/pico-sdk/src/rp2_common/pico_multicore/include -isystem /home/gpu/het68/pico-sdk/src/common/boot_picobin_headers/include -isystem /home/gpu/het68/pico-sdk/src/rp2350/boot_stage2/include -isystem /home/gpu/het68/pico-sdk/src/rp2_common/hardware_pio/include -isystem /home/gpu/het68/pico-sdk/src/rp2_common/hardware_dma/include -isystem /home/gpu/het68/pico-sdk/src/rp2_common/pico_fix/rp2040_usb_device_enumeration/include -isystem /home/gpu/het68/pico-sdk/src/rp2_common/pico_unique_id/include -isystem /home/gpu/het68/pico-sdk/src/rp2_common/hardware_flash/include -isystem /home/gpu/het68/pico-sdk/src/rp2_common/hardware_xip_cache/include -mcpu=cortex-m33 -mthumb -march=armv8-m.main+fp+dsp -mfloat-abi=softfp -mcmse -g -O3 -DNDEBUG -ffunction-sections -fdata-sections -MD -MT CMakeFiles/pico_6mic_soundcard.dir/pico-sdk/lib/tinyusb/src/class/net/ncm_device.c.o -MF CMakeFiles/pico_6mic_soundcard.dir/pico-sdk/lib/tinyusb/src/class/net/ncm_device.c.o.d -o CMakeFiles/pico_6mic_soundcard.dir/pico-sdk/lib/tinyusb/src/class/net/ncm_device.c.o -c /home/gpu/het68/pico-sdk/lib/tinyusb/src/class/net/ncm_device.c
/usr/bin/arm-none-eabi-gcc -DCFG_TUSB_DEBUG=0 -DCFG_TUSB_MCU=OPT_MCU_RP2040 -DCFG_TUSB_OS=OPT_OS_PICO -DLIB_BOOT_STAGE2_HEADERS=1 -DLIB_PICO_ATOMIC=1 -DLIB_PICO_BIT_OPS=1 -DLIB_PICO_BIT_OPS_PICO=1 -DLIB_PICO_CLIB_INTERFACE=1 -DLIB_PICO_CRT0=1 -DLIB_PICO_CXX_OPTIONS=1 -DLIB_PICO_DIVIDER=1 -DLIB_PICO_DIVIDER_COMPILER=1 -DLIB_PICO_DOUBLE=1 -DLIB_PICO_DOUBLE_PICO=1 -DLIB_PICO_FIX_RP2040_USB_DEVICE_ENUMERATION=1 -DLIB_PICO_FLASH=1 -DLIB_PICO_FLOAT=1 -DLIB_PICO_FLOAT_PICO=1 -DLIB_PICO_FLOAT_PICO_VFP=1 -DLIB_PICO_INT64_OPS=1 -DLIB_PICO_INT64_OPS_COMPILER=1 -DLIB_PICO_MALLOC=1 -DLIB_PICO_MEM_OPS=1 -DLIB_PICO_MEM_OPS_COMPILER=1 -DLIB_PICO_NEWLIB_INTERFACE=1 -DLIB_PICO_PLATFORM=1 -DLIB_PICO_PLATFORM_COMMON=1 -DLIB_PICO_PLATFORM_COMPILER=1 -DLIB_PICO_PLATFORM_PANIC=1 -DLIB_PICO_PLATFORM_SECTIONS=1 -DLIB_PICO_PRINTF=1 -DLIB_PICO_PRINTF_PICO=1 -DLIB_PICO_RUNTIME=1 -DLIB_PICO_RUNTIME_INIT=1 -DLIB_PICO_STANDARD_BINARY_INFO=1 -DLIB_PICO_STANDARD_LINK=1 -DLIB_PICO_STDIO=1 -DLIB_PICO_STDLIB=1 -DLIB_PICO_SYNC=1 -DLIB_PICO_SYNC_CRITICAL_SECTION=1 -DLIB_PICO_SYNC_MUTEX=1 -DLIB_PICO_SYNC_SEM=1 -DLIB_PICO_TIME=1 -DLIB_PICO_TIME_ADAPTER=1 -DLIB_PICO_UNIQUE_ID=1 -DLIB_PICO_UTIL=1 -DLIB_TINYUSB_BOARD=1 -DLIB_TINYUSB_DEVICE=1 -DPICO_32BIT=1 -DPICO_BOARD=\"pico2\" -DPICO_BUILD=1 -DPICO_CMAKE_BUILD_TYPE=\"Release\" -DPICO_COPY_TO_RAM=0 -DPICO_CXX_ENABLE_EXCEPTIONS=0 -DPICO_NO_FLASH=0 -DPICO_NO_HARDWARE=0 -DPICO_ON_DEVICE=1 -DPICO_RP2040_USB_DEVICE_UFRAME_FIX=1 -DPICO_RP2350=1 -DPICO_TARGET_NAME=\"pico_6mic_soundcard\" -DPICO_USE_BLOCKED_RAM=0 -I/home/gpu/het68/build -I/home/gpu/het68 -I/home/gpu/het68/pico-sdk/src/rp2_common/pico_atomic/include -I/home/gpu/het68/pico-sdk/lib/tinyusb/src -I/home/gpu/het68/pico-sdk/src/rp2_common/tinyusb/include -I/home/gpu/het68/pico-sdk/lib/tinyusb/hw -isystem /home/gpu/het68/pico-sdk/src/common/pico_stdlib_headers/include -isystem /home/gpu/het68/pico-sdk/src/rp2_common/hardware_gpio/include -isystem /home/gpu/het68/pico-sdk/src/common/pico_base_headers/include -isystem /home/gpu/het68/build/generated/pico_base -isystem /home/gpu/het68/pico-sdk/src/boards/include -isystem /home/gpu/het68/pico-sdk/src/rp2350/pico_platform/include -isystem /home/gpu/het68/pico-sdk/src/rp2350/hardware_regs/include -isystem /home/gpu/het68/pico-sdk/src/rp2_common/hardware_base/include -isystem /home/gpu/het68/pico-sdk/src/rp2_common/pico_platform_common/include -isystem /home/gpu/het68/pico-sdk/src/rp2_common/pico_platform_compiler/include -isystem /home/gpu/het68/pico-sdk/src/rp2_common/pico_platform_panic/include -isystem /home/gpu/het68/pico-sdk/src/rp2_common/pico_platform_sections/include -isystem /home/gpu/het68/pico-sdk/src/rp2_common/hardware_dcp/include -isystem /home/gpu/het68/pico-sdk/src/rp2350/hardware_structs/include -isystem /home/gpu/het68/pico-sdk/src/rp2_common/hardware_rcp/include -isystem /home/gpu/het68/pico-sdk/src/common/hardware_claim/include -isystem /home/gpu/het68/pico-sdk/src/rp2_common/hardware_sync/include -isystem /home/gpu/het68/pico-sdk/src/rp2_common/hardware_sync_spin_lock/include -isystem /home/gpu/het68/pico-sdk/src/rp2_common/hardware_irq/include -isystem /home/gpu/het68/pico-sdk/src/rp2_common/hardware_uart/include -isystem /home/gpu/het68/pico-sdk/src/rp2_common/hardware_resets/include -isystem /home/gpu/het68/pico-sdk/src/rp2_common/hardware_clocks/include -isystem /home/gpu/het68/pico-sdk/src/rp2_common/hardware_pll/include -isystem /home/gpu/het68/pico-sdk/src/rp2_common/hardware_vreg/include -isystem /home/gpu/het68/pico-sdk/src/rp2_common/hardware_watchdog/include -isystem /home/gpu/het68/pico-sdk/src/rp2_common/hardware_ticks/include -isystem /home/gpu/het68/pico-sdk/src/rp2_common/pico_bootrom/include -isystem /home/gpu/het68/pico-sdk/src/common/boot_picoboot_headers/include -isystem /home/gpu/het68/pico-sdk/src/rp2_common/boot_bootrom_headers/include -isystem /home/gpu/het68/pico-sdk/src/rp2_common/hardware_boot_lock/include -isystem /home/gpu/het68/pico-sdk/src/rp2_common/pico_flash/include -isystem /home/gpu/het68/pico-sdk/src/common/pico_time/include -isystem /home/gpu/het68/pico-sdk/src/rp2_common/hardware_timer/include -isystem /home/gpu/het68/pico-sdk/src/common/pico_sync/include -isystem /home/gpu/het68/pico-sdk/src/common/pico_util/include -isystem /home/gpu/het68/pico-sdk/src/rp2_common/pico_time_adapter/include -isystem /home/gpu/het68/pico-sdk/src/rp2_common/hardware_xosc/include -isystem /home/gpu/het68/pico-sdk/src/rp2_common/hardware_divider/include -isystem /home/gpu/het68/pico-sdk/src/rp2_common/pico_runtime/include -isystem /home/gpu/het68/pico-sdk/src/rp2_common/pico_runtime_init/include -isystem /home/gpu/het68/pico-sdk/src/common/pico_bit_ops_headers/include -isystem /home/gpu/het68/pico-sdk/src/common/pico_divider_headers/include -isystem /home/gpu/het68/pico-sdk/src/rp2_common/pico_double/include -isystem /home/gpu/het68/pico-sdk/src/rp2_common/pico_float/include -isystem /home/gpu/het68/pico-sdk/src/rp2_common/pico_malloc/include -isystem /home/gpu/het68/pico-sdk/src/common/pico_binary_info/include -isystem /home/gpu/het68/pico-sdk/src/rp2_common/pico_printf/include -isystem /home/gpu/het68/pico-sdk/src/rp2_common/pico_stdio/include -isystem /home/gpu/het68/pico-sdk/src/rp2_common/pico_multicore/include -isystem /home/gpu/het68/pico-sdk/src/common/boot_picobin_headers/include -isystem /home/gpu/het68/pico-sdk/src/rp2350/boot_stage2/include -isystem /home/gpu/het68/pico-sdk/src/rp2_common/hardware_pio/include -isystem /home/gpu/het68/pico-sdk/src/rp2_common/hardware_dma/include -isystem /home/gpu/het68/pico-sdk/src/rp2_common/pico_fix/rp2040_usb_device_enumeration/include -isystem /home/gpu/het68/pico-sdk/src/rp2_common/pico_unique_id/include -isystem /home/gpu/het68/pico-sdk/src/rp2_common/hardware_flash/include -isystem /home/gpu/het68/pico-sdk/src/rp2_common/hardware_xip_cache/include -mcpu=cortex-m33 -mthumb -march=armv8-m.main+fp+dsp -mfloat-abi=softfp -mcmse -g -O3 -DNDEBUG -ffunction-sections -fdata-sections -MD -MT CMakeFiles/pico_6mic_soundcard.dir/pico-sdk/lib/tinyusb/src/class/vendor/vendor_device.c.o -MF CMakeFiles/pico_6mic_soundcard.dir/pico-sdk/lib/tinyusb/src/class/vendor/vendor_device.c.o.d -o CMakeFiles/pico_6mic_soundcard.dir/pico-sdk/lib/tinyusb/src/class/vendor/vendor_device.c.o -c /home/gpu/het68/pico-sdk/lib/tinyusb/src/class/vendor/vendor_device.c
/usr/bin/arm-none-eabi-gcc -DCFG_TUSB_DEBUG=0 -DCFG_TUSB_MCU=OPT_MCU_RP2040 -DCFG_TUSB_OS=OPT_OS_PICO -DLIB_BOOT_STAGE2_HEADERS=1 -DLIB_PICO_ATOMIC=1 -DLIB_PICO_BIT_OPS=1 -DLIB_PICO_BIT_OPS_PICO=1 -DLIB_PICO_CLIB_INTERFACE=1 -DLIB_PICO_CRT0=1 -DLIB_PICO_CXX_OPTIONS=1 -DLIB_PICO_DIVIDER=1 -DLIB_PICO_DIVIDER_COMPILER=1 -DLIB_PICO_DOUBLE=1 -DLIB_PICO_DOUBLE_PICO=1 -DLIB_PICO_FIX_RP2040_USB_DEVICE_ENUMERATION=1 -DLIB_PICO_FLASH=1 -DLIB_PICO_FLOAT=1 -DLIB_PICO_FLOAT_PICO=1 -DLIB_PICO_FLOAT_PICO_VFP=1 -DLIB_PICO_INT64_OPS=1 -DLIB_PICO_INT64_OPS_COMPILER=1 -DLIB_PICO_MALLOC=1 -DLIB_PICO_MEM_OPS=1 -DLIB_PICO_MEM_OPS_COMPILER=1 -DLIB_PICO_NEWLIB_INTERFACE=1 -DLIB_PICO_PLATFORM=1 -DLIB_PICO_PLATFORM_COMMON=1 -DLIB_PICO_PLATFORM_COMPILER=1 -DLIB_PICO_PLATFORM_PANIC=1 -DLIB_PICO_PLATFORM_SECTIONS=1 -DLIB_PICO_PRINTF=1 -DLIB_PICO_PRINTF_PICO=1 -DLIB_PICO_RUNTIME=1 -DLIB_PICO_RUNTIME_INIT=1 -DLIB_PICO_STANDARD_BINARY_INFO=1 -DLIB_PICO_STANDARD_LINK=1 -DLIB_PICO_STDIO=1 -DLIB_PICO_STDLIB=1 -DLIB_PICO_SYNC=1 -DLIB_PICO_SYNC_CRITICAL_SECTION=1 -DLIB_PICO_SYNC_MUTEX=1 -DLIB_PICO_SYNC_SEM=1 -DLIB_PICO_TIME=1 -DLIB_PICO_TIME_ADAPTER=1 -DLIB_PICO_UNIQUE_ID=1 -DLIB_PICO_UTIL=1 -DLIB_TINYUSB_BOARD=1 -DLIB_TINYUSB_DEVICE=1 -DPICO_32BIT=1 -DPICO_BOARD=\"pico2\" -DPICO_BUILD=1 -DPICO_CMAKE_BUILD_TYPE=\"Release\" -DPICO_COPY_TO_RAM=0 -DPICO_CXX_ENABLE_EXCEPTIONS=0 -DPICO_NO_FLASH=0 -DPICO_NO_HARDWARE=0 -DPICO_ON_DEVICE=1 -DPICO_RP2040_USB_DEVICE_UFRAME_FIX=1 -DPICO_RP2350=1 -DPICO_TARGET_NAME=\"pico_6mic_soundcard\" -DPICO_USE_BLOCKED_RAM=0 -I/home/gpu/het68/build -I/home/gpu/het68 -I/home/gpu/het68/pico-sdk/src/rp2_common/pico_atomic/include -I/home/gpu/het68/pico-sdk/lib/tinyusb/src -I/home/gpu/het68/pico-sdk/src/rp2_common/tinyusb/include -I/home/gpu/het68/pico-sdk/lib/tinyusb/hw -isystem /home/gpu/het68/pico-sdk/src/common/pico_stdlib_headers/include -isystem /home/gpu/het68/pico-sdk/src/rp2_common/hardware_gpio/include -isystem /home/gpu/het68/pico-sdk/src/common/pico_base_headers/include -isystem /home/gpu/het68/build/generated/pico_base -isystem /home/gpu/het68/pico-sdk/src/boards/include -isystem /home/gpu/het68/pico-sdk/src/rp2350/pico_platform/include -isystem /home/gpu/het68/pico-sdk/src/rp2350/hardware_regs/include -isystem /home/gpu/het68/pico-sdk/src/rp2_common/hardware_base/include -isystem /home/gpu/het68/pico-sdk/src/rp2_common/pico_platform_common/include -isystem /home/gpu/het68/pico-sdk/src/rp2_common/pico_platform_compiler/include -isystem /home/gpu/het68/pico-sdk/src/rp2_common/pico_platform_panic/include -isystem /home/gpu/het68/pico-sdk/src/rp2_common/pico_platform_sections/include -isystem /home/gpu/het68/pico-sdk/src/rp2_common/hardware_dcp/include -isystem /home/gpu/het68/pico-sdk/src/rp2350/hardware_structs/include -isystem /home/gpu/het68/pico-sdk/src/rp2_common/hardware_rcp/include -isystem /home/gpu/het68/pico-sdk/src/common/hardware_claim/include -isystem /home/gpu/het68/pico-sdk/src/rp2_common/hardware_sync/include -isystem /home/gpu/het68/pico-sdk/src/rp2_common/hardware_sync_spin_lock/include -isystem /home/gpu/het68/pico-sdk/src/rp2_common/hardware_irq/include -isystem /home/gpu/het68/pico-sdk/src/rp2_common/hardware_uart/include -isystem /home/gpu/het68/pico-sdk/src/rp2_common/hardware_resets/include -isystem /home/gpu/het68/pico-sdk/src/rp2_common/hardware_clocks/include -isystem /home/gpu/het68/pico-sdk/src/rp2_common/hardware_pll/include -isystem /home/gpu/het68/pico-sdk/src/rp2_common/hardware_vreg/include -isystem /home/gpu/het68/pico-sdk/src/rp2_common/hardware_watchdog/include -isystem /home/gpu/het68/pico-sdk/src/rp2_common/hardware_ticks/include -isystem /home/gpu/het68/pico-sdk/src/rp2_common/pico_bootrom/include -isystem /home/gpu/het68/pico-sdk/src/common/boot_picoboot_headers/include -isystem /home/gpu/het68/pico-sdk/src/rp2_common/boot_bootrom_headers/include -isystem /home/gpu/het68/pico-sdk/src/rp2_common/hardware_boot_lock/include -isystem /home/gpu/het68/pico-sdk/src/rp2_common/pico_flash/include -isystem /home/gpu/het68/pico-sdk/src/common/pico_time/include -isystem /home/gpu/het68/pico-sdk/src/rp2_common/hardware_timer/include -isystem /home/gpu/het68/pico-sdk/src/common/pico_sync/include -isystem /home/gpu/het68/pico-sdk/src/common/pico_util/include -isystem /home/gpu/het68/pico-sdk/src/rp2_common/pico_time_adapter/include -isystem /home/gpu/het68/pico-sdk/src/rp2_common/hardware_xosc/include -isystem /home/gpu/het68/pico-sdk/src/rp2_common/hardware_divider/include -isystem /home/gpu/het68/pico-sdk/src/rp2_common/pico_runtime/include -isystem /home/gpu/het68/pico-sdk/src/rp2_common/pico_runtime_init/include -isystem /home/gpu/het68/pico-sdk/src/common/pico_bit_ops_headers/include -isystem /home/gpu/het68/pico-sdk/src/common/pico_divider_headers/include -isystem /home/gpu/het68/pico-sdk/src/rp2_common/pico_double/include -isystem /home/gpu/het68/pico-sdk/src/rp2_common/pico_float/include -isystem /home/gpu/het68/pico-sdk/src/rp2_common/pico_malloc/include -isystem /home/gpu/het68/pico-sdk/src/common/pico_binary_info/include -isystem /home/gpu/het68/pico-sdk/src/rp2_common/pico_printf/include -isystem /home/gpu/het68/pico-sdk/src/rp2_common/pico_stdio/include -isystem /home/gpu/het68/pico-sdk/src/rp2_common/pico_multicore/include -isystem /home/gpu/het68/pico-sdk/src/common/boot_picobin_headers/include -isystem /home/gpu/het68/pico-sdk/src/rp2350/boot_stage2/include -isystem /home/gpu/het68/pico-sdk/src/rp2_common/hardware_pio/include -isystem /home/gpu/het68/pico-sdk/src/rp2_common/hardware_dma/include -isystem /home/gpu/het68/pico-sdk/src/rp2_common/pico_fix/rp2040_usb_device_enumeration/include -isystem /home/gpu/het68/pico-sdk/src/rp2_common/pico_unique_id/include -isystem /home/gpu/het68/pico-sdk/src/rp2_common/hardware_flash/include -isystem /home/gpu/het68/pico-sdk/src/rp2_common/hardware_xip_cache/include -mcpu=cortex-m33 -mthumb -march=armv8-m.main+fp+dsp -mfloat-abi=softfp -mcmse -g -O3 -DNDEBUG -ffunction-sections -fdata-sections -MD -MT CMakeFiles/pico_6mic_soundcard.dir/pico-sdk/src/rp2_common/hardware_xip_cache/xip_cache.c.o -MF CMakeFiles/pico_6mic_soundcard.dir/pico-sdk/src/rp2_common/hardware_xip_cache/xip_cache.c.o.d -o CMakeFiles/pico_6mic_soundcard.dir/pico-sdk/src/rp2_common/hardware_xip_cache/xip_cache.c.o -c /home/gpu/het68/pico-sdk/src/rp2_common/hardware_xip_cache/xip_cache.c
/usr/bin/arm-none-eabi-gcc -DCFG_TUSB_DEBUG=0 -DCFG_TUSB_MCU=OPT_MCU_RP2040 -DCFG_TUSB_OS=OPT_OS_PICO -DLIB_BOOT_STAGE2_HEADERS=1 -DLIB_PICO_ATOMIC=1 -DLIB_PICO_BIT_OPS=1 -DLIB_PICO_BIT_OPS_PICO=1 -DLIB_PICO_CLIB_INTERFACE=1 -DLIB_PICO_CRT0=1 -DLIB_PICO_CXX_OPTIONS=1 -DLIB_PICO_DIVIDER=1 -DLIB_PICO_DIVIDER_COMPILER=1 -DLIB_PICO_DOUBLE=1 -DLIB_PICO_DOUBLE_PICO=1 -DLIB_PICO_FIX_RP2040_USB_DEVICE_ENUMERATION=1 -DLIB_PICO_FLASH=1 -DLIB_PICO_FLOAT=1 -DLIB_PICO_FLOAT_PICO=1 -DLIB_PICO_FLOAT_PICO_VFP=1 -DLIB_PICO_INT64_OPS=1 -DLIB_PICO_INT64_OPS_COMPILER=1 -DLIB_PICO_MALLOC=1 -DLIB_PICO_MEM_OPS=1 -DLIB_PICO_MEM_OPS_COMPILER=1 -DLIB_PICO_NEWLIB_INTERFACE=1 -DLIB_PICO_PLATFORM=1 -DLIB_PICO_PLATFORM_COMMON=1 -DLIB_PICO_PLATFORM_COMPILER=1 -DLIB_PICO_PLATFORM_PANIC=1 -DLIB_PICO_PLATFORM_SECTIONS=1 -DLIB_PICO_PRINTF=1 -DLIB_PICO_PRINTF_PICO=1 -DLIB_PICO_RUNTIME=1 -DLIB_PICO_RUNTIME_INIT=1 -DLIB_PICO_STANDARD_BINARY_INFO=1 -DLIB_PICO_STANDARD_LINK=1 -DLIB_PICO_STDIO=1 -DLIB_PICO_STDLIB=1 -DLIB_PICO_SYNC=1 -DLIB_PICO_SYNC_CRITICAL_SECTION=1 -DLIB_PICO_SYNC_MUTEX=1 -DLIB_PICO_SYNC_SEM=1 -DLIB_PICO_TIME=1 -DLIB_PICO_TIME_ADAPTER=1 -DLIB_PICO_UNIQUE_ID=1 -DLIB_PICO_UTIL=1 -DLIB_TINYUSB_BOARD=1 -DLIB_TINYUSB_DEVICE=1 -DPICO_32BIT=1 -DPICO_BOARD=\"pico2\" -DPICO_BUILD=1 -DPICO_CMAKE_BUILD_TYPE=\"Release\" -DPICO_COPY_TO_RAM=0 -DPICO_CXX_ENABLE_EXCEPTIONS=0 -DPICO_NO_FLASH=0 -DPICO_NO_HARDWARE=0 -DPICO_ON_DEVICE=1 -DPICO_RP2040_USB_DEVICE_UFRAME_FIX=1 -DPICO_RP2350=1 -DPICO_TARGET_NAME=\"pico_6mic_soundcard\" -DPICO_USE_BLOCKED_RAM=0 -I/home/gpu/het68/build -I/home/gpu/het68 -I/home/gpu/het68/pico-sdk/src/rp2_common/pico_atomic/include -I/home/gpu/het68/pico-sdk/lib/tinyusb/src -I/home/gpu/het68/pico-sdk/src/rp2_common/tinyusb/include -I/home/gpu/het68/pico-sdk/lib/tinyusb/hw -isystem /home/gpu/het68/pico-sdk/src/common/pico_stdlib_headers/include -isystem /home/gpu/het68/pico-sdk/src/rp2_common/hardware_gpio/include -isystem /home/gpu/het68/pico-sdk/src/common/pico_base_headers/include -isystem /home/gpu/het68/build/generated/pico_base -isystem /home/gpu/het68/pico-sdk/src/boards/include -isystem /home/gpu/het68/pico-sdk/src/rp2350/pico_platform/include -isystem /home/gpu/het68/pico-sdk/src/rp2350/hardware_regs/include -isystem /home/gpu/het68/pico-sdk/src/rp2_common/hardware_base/include -isystem /home/gpu/het68/pico-sdk/src/rp2_common/pico_platform_common/include -isystem /home/gpu/het68/pico-sdk/src/rp2_common/pico_platform_compiler/include -isystem /home/gpu/het68/pico-sdk/src/rp2_common/pico_platform_panic/include -isystem /home/gpu/het68/pico-sdk/src/rp2_common/pico_platform_sections/include -isystem /home/gpu/het68/pico-sdk/src/rp2_common/hardware_dcp/include -isystem /home/gpu/het68/pico-sdk/src/rp2350/hardware_structs/include -isystem /home/gpu/het68/pico-sdk/src/rp2_common/hardware_rcp/include -isystem /home/gpu/het68/pico-sdk/src/common/hardware_claim/include -isystem /home/gpu/het68/pico-sdk/src/rp2_common/hardware_sync/include -isystem /home/gpu/het68/pico-sdk/src/rp2_common/hardware_sync_spin_lock/include -isystem /home/gpu/het68/pico-sdk/src/rp2_common/hardware_irq/include -isystem /home/gpu/het68/pico-sdk/src/rp2_common/hardware_uart/include -isystem /home/gpu/het68/pico-sdk/src/rp2_common/hardware_resets/include -isystem /home/gpu/het68/pico-sdk/src/rp2_common/hardware_clocks/include -isystem /home/gpu/het68/pico-sdk/src/rp2_common/hardware_pll/include -isystem /home/gpu/het68/pico-sdk/src/rp2_common/hardware_vreg/include -isystem /home/gpu/het68/pico-sdk/src/rp2_common/hardware_watchdog/include -isystem /home/gpu/het68/pico-sdk/src/rp2_common/hardware_ticks/include -isystem /home/gpu/het68/pico-sdk/src/rp2_common/pico_bootrom/include -isystem /home/gpu/het68/pico-sdk/src/common/boot_picoboot_headers/include -isystem /home/gpu/het68/pico-sdk/src/rp2_common/boot_bootrom_headers/include -isystem /home/gpu/het68/pico-sdk/src/rp2_common/hardware_boot_lock/include -isystem /home/gpu/het68/pico-sdk/src/rp2_common/pico_flash/include -isystem /home/gpu/het68/pico-sdk/src/common/pico_time/include -isystem /home/gpu/het68/pico-sdk/src/rp2_common/hardware_timer/include -isystem /home/gpu/het68/pico-sdk/src/common/pico_sync/include -isystem /home/gpu/het68/pico-sdk/src/common/pico_util/include -isystem /home/gpu/het68/pico-sdk/src/rp2_common/pico_time_adapter/include -isystem /home/gpu/het68/pico-sdk/src/rp2_common/hardware_xosc/include -isystem /home/gpu/het68/pico-sdk/src/rp2_common/hardware_divider/include -isystem /home/gpu/het68/pico-sdk/src/rp2_common/pico_runtime/include -isystem /home/gpu/het68/pico-sdk/src/rp2_common/pico_runtime_init/include -isystem /home/gpu/het68/pico-sdk/src/common/pico_bit_ops_headers/include -isystem /home/gpu/het68/pico-sdk/src/common/pico_divider_headers/include -isystem /home/gpu/het68/pico-sdk/src/rp2_common/pico_double/include -isystem /home/gpu/het68/pico-sdk/src/rp2_common/pico_float/include -isystem /home/gpu/het68/pico-sdk/src/rp2_common/pico_malloc/include -isystem /home/gpu/het68/pico-sdk/src/common/pico_binary_info/include -isystem /home/gpu/het68/pico-sdk/src/rp2_common/pico_printf/include -isystem /home/gpu/het68/pico-sdk/src/rp2_common/pico_stdio/include -isystem /home/gpu/het68/pico-sdk/src/rp2_common/pico_multicore/include -isystem /home/gpu/het68/pico-sdk/src/common/boot_picobin_headers/include -isystem /home/gpu/het68/pico-sdk/src/rp2350/boot_stage2/include -isystem /home/gpu/het68/pico-sdk/src/rp2_common/hardware_pio/include -isystem /home/gpu/het68/pico-sdk/src/rp2_common/hardware_dma/include -isystem /home/gpu/het68/pico-sdk/src/rp2_common/pico_fix/rp2040_usb_device_enumeration/include -isystem /home/gpu/het68/pico-sdk/src/rp2_common/pico_unique_id/include -isystem /home/gpu/het68/pico-sdk/src/rp2_common/hardware_flash/include -isystem /home/gpu/het68/pico-sdk/src/rp2_common/hardware_xip_cache/include -mcpu=cortex-m33 -mthumb -march=armv8-m.main+fp+dsp -mfloat-abi=softfp -mcmse -g -O3 -DNDEBUG -ffunction-sections -fdata-sections -MD -MT CMakeFiles/pico_6mic_soundcard.dir/pico-sdk/lib/tinyusb/src/class/net/ecm_rndis_device.c.o -MF CMakeFiles/pico_6mic_soundcard.dir/pico-sdk/lib/tinyusb/src/class/net/ecm_rndis_device.c.o.d -o CMakeFiles/pico_6mic_soundcard.dir/pico-sdk/lib/tinyusb/src/class/net/ecm_rndis_device.c.o -c /home/gpu/het68/pico-sdk/lib/tinyusb/src/class/net/ecm_rndis_device.c
/usr/bin/arm-none-eabi-gcc -DCFG_TUSB_DEBUG=0 -DCFG_TUSB_MCU=OPT_MCU_RP2040 -DCFG_TUSB_OS=OPT_OS_PICO -DLIB_BOOT_STAGE2_HEADERS=1 -DLIB_PICO_ATOMIC=1 -DLIB_PICO_BIT_OPS=1 -DLIB_PICO_BIT_OPS_PICO=1 -DLIB_PICO_CLIB_INTERFACE=1 -DLIB_PICO_CRT0=1 -DLIB_PICO_CXX_OPTIONS=1 -DLIB_PICO_DIVIDER=1 -DLIB_PICO_DIVIDER_COMPILER=1 -DLIB_PICO_DOUBLE=1 -DLIB_PICO_DOUBLE_PICO=1 -DLIB_PICO_FIX_RP2040_USB_DEVICE_ENUMERATION=1 -DLIB_PICO_FLASH=1 -DLIB_PICO_FLOAT=1 -DLIB_PICO_FLOAT_PICO=1 -DLIB_PICO_FLOAT_PICO_VFP=1 -DLIB_PICO_INT64_OPS=1 -DLIB_PICO_INT64_OPS_COMPILER=1 -DLIB_PICO_MALLOC=1 -DLIB_PICO_MEM_OPS=1 -DLIB_PICO_MEM_OPS_COMPILER=1 -DLIB_PICO_NEWLIB_INTERFACE=1 -DLIB_PICO_PLATFORM=1 -DLIB_PICO_PLATFORM_COMMON=1 -DLIB_PICO_PLATFORM_COMPILER=1 -DLIB_PICO_PLATFORM_PANIC=1 -DLIB_PICO_PLATFORM_SECTIONS=1 -DLIB_PICO_PRINTF=1 -DLIB_PICO_PRINTF_PICO=1 -DLIB_PICO_RUNTIME=1 -DLIB_PICO_RUNTIME_INIT=1 -DLIB_PICO_STANDARD_BINARY_INFO=1 -DLIB_PICO_STANDARD_LINK=1 -DLIB_PICO_STDIO=1 -DLIB_PICO_STDLIB=1 -DLIB_PICO_SYNC=1 -DLIB_PICO_SYNC_CRITICAL_SECTION=1 -DLIB_PICO_SYNC_MUTEX=1 -DLIB_PICO_SYNC_SEM=1 -DLIB_PICO_TIME=1 -DLIB_PICO_TIME_ADAPTER=1 -DLIB_PICO_UNIQUE_ID=1 -DLIB_PICO_UTIL=1 -DLIB_TINYUSB_BOARD=1 -DLIB_TINYUSB_DEVICE=1 -DPICO_32BIT=1 -DPICO_BOARD=\"pico2\" -DPICO_BUILD=1 -DPICO_CMAKE_BUILD_TYPE=\"Release\" -DPICO_COPY_TO_RAM=0 -DPICO_CXX_ENABLE_EXCEPTIONS=0 -DPICO_NO_FLASH=0 -DPICO_NO_HARDWARE=0 -DPICO_ON_DEVICE=1 -DPICO_RP2040_USB_DEVICE_UFRAME_FIX=1 -DPICO_RP2350=1 -DPICO_TARGET_NAME=\"pico_6mic_soundcard\" -DPICO_USE_BLOCKED_RAM=0 -I/home/gpu/het68/build -I/home/gpu/het68 -I/home/gpu/het68/pico-sdk/src/rp2_common/pico_atomic/include -I/home/gpu/het68/pico-sdk/lib/tinyusb/src -I/home/gpu/het68/pico-sdk/src/rp2_common/tinyusb/include -I/home/gpu/het68/pico-sdk/lib/tinyusb/hw -isystem /home/gpu/het68/pico-sdk/src/common/pico_stdlib_headers/include -isystem /home/gpu/het68/pico-sdk/src/rp2_common/hardware_gpio/include -isystem /home/gpu/het68/pico-sdk/src/common/pico_base_headers/include -isystem /home/gpu/het68/build/generated/pico_base -isystem /home/gpu/het68/pico-sdk/src/boards/include -isystem /home/gpu/het68/pico-sdk/src/rp2350/pico_platform/include -isystem /home/gpu/het68/pico-sdk/src/rp2350/hardware_regs/include -isystem /home/gpu/het68/pico-sdk/src/rp2_common/hardware_base/include -isystem /home/gpu/het68/pico-sdk/src/rp2_common/pico_platform_common/include -isystem /home/gpu/het68/pico-sdk/src/rp2_common/pico_platform_compiler/include -isystem /home/gpu/het68/pico-sdk/src/rp2_common/pico_platform_panic/include -isystem /home/gpu/het68/pico-sdk/src/rp2_common/pico_platform_sections/include -isystem /home/gpu/het68/pico-sdk/src/rp2_common/hardware_dcp/include -isystem /home/gpu/het68/pico-sdk/src/rp2350/hardware_structs/include -isystem /home/gpu/het68/pico-sdk/src/rp2_common/hardware_rcp/include -isystem /home/gpu/het68/pico-sdk/src/common/hardware_claim/include -isystem /home/gpu/het68/pico-sdk/src/rp2_common/hardware_sync/include -isystem /home/gpu/het68/pico-sdk/src/rp2_common/hardware_sync_spin_lock/include -isystem /home/gpu/het68/pico-sdk/src/rp2_common/hardware_irq/include -isystem /home/gpu/het68/pico-sdk/src/rp2_common/hardware_uart/include -isystem /home/gpu/het68/pico-sdk/src/rp2_common/hardware_resets/include -isystem /home/gpu/het68/pico-sdk/src/rp2_common/hardware_clocks/include -isystem /home/gpu/het68/pico-sdk/src/rp2_common/hardware_pll/include -isystem /home/gpu/het68/pico-sdk/src/rp2_common/hardware_vreg/include -isystem /home/gpu/het68/pico-sdk/src/rp2_common/hardware_watchdog/include -isystem /home/gpu/het68/pico-sdk/src/rp2_common/hardware_ticks/include -isystem /home/gpu/het68/pico-sdk/src/rp2_common/pico_bootrom/include -isystem /home/gpu/het68/pico-sdk/src/common/boot_picoboot_headers/include -isystem /home/gpu/het68/pico-sdk/src/rp2_common/boot_bootrom_headers/include -isystem /home/gpu/het68/pico-sdk/src/rp2_common/hardware_boot_lock/include -isystem /home/gpu/het68/pico-sdk/src/rp2_common/pico_flash/include -isystem /home/gpu/het68/pico-sdk/src/common/pico_time/include -isystem /home/gpu/het68/pico-sdk/src/rp2_common/hardware_timer/include -isystem /home/gpu/het68/pico-sdk/src/common/pico_sync/include -isystem /home/gpu/het68/pico-sdk/src/common/pico_util/include -isystem /home/gpu/het68/pico-sdk/src/rp2_common/pico_time_adapter/include -isystem /home/gpu/het68/pico-sdk/src/rp2_common/hardware_xosc/include -isystem /home/gpu/het68/pico-sdk/src/rp2_common/hardware_divider/include -isystem /home/gpu/het68/pico-sdk/src/rp2_common/pico_runtime/include -isystem /home/gpu/het68/pico-sdk/src/rp2_common/pico_runtime_init/include -isystem /home/gpu/het68/pico-sdk/src/common/pico_bit_ops_headers/include -isystem /home/gpu/het68/pico-sdk/src/common/pico_divider_headers/include -isystem /home/gpu/het68/pico-sdk/src/rp2_common/pico_double/include -isystem /home/gpu/het68/pico-sdk/src/rp2_common/pico_float/include -isystem /home/gpu/het68/pico-sdk/src/rp2_common/pico_malloc/include -isystem /home/gpu/het68/pico-sdk/src/common/pico_binary_info/include -isystem /home/gpu/het68/pico-sdk/src/rp2_common/pico_printf/include -isystem /home/gpu/het68/pico-sdk/src/rp2_common/pico_stdio/include -isystem /home/gpu/het68/pico-sdk/src/rp2_common/pico_multicore/include -isystem /home/gpu/het68/pico-sdk/src/common/boot_picobin_headers/include -isystem /home/gpu/het68/pico-sdk/src/rp2350/boot_stage2/include -isystem /home/gpu/het68/pico-sdk/src/rp2_common/hardware_pio/include -isystem /home/gpu/het68/pico-sdk/src/rp2_common/hardware_dma/include -isystem /home/gpu/het68/pico-sdk/src/rp2_common/pico_fix/rp2040_usb_device_enumeration/include -isystem /home/gpu/het68/pico-sdk/src/rp2_common/pico_unique_id/include -isystem /home/gpu/het68/pico-sdk/src/rp2_common/hardware_flash/include -isystem /home/gpu/het68/pico-sdk/src/rp2_common/hardware_xip_cache/include -mcpu=cortex-m33 -mthumb -march=armv8-m.main+fp+dsp -mfloat-abi=softfp -mcmse -g -O3 -DNDEBUG -ffunction-sections -fdata-sections -MD -MT CMakeFiles/pico_6mic_soundcard.dir/pico-sdk/src/rp2_common/pico_unique_id/unique_id.c.o -MF CMakeFiles/pico_6mic_soundcard.dir/pico-sdk/src/rp2_common/pico_unique_id/unique_id.c.o.d -o CMakeFiles/pico_6mic_soundcard.dir/pico-sdk/src/rp2_common/pico_unique_id/unique_id.c.o -c /home/gpu/het68/pico-sdk/src/rp2_common/pico_unique_id/unique_id.c
/usr/bin/arm-none-eabi-gcc -DCFG_TUSB_DEBUG=0 -DCFG_TUSB_MCU=OPT_MCU_RP2040 -DCFG_TUSB_OS=OPT_OS_PICO -DLIB_BOOT_STAGE2_HEADERS=1 -DLIB_PICO_ATOMIC=1 -DLIB_PICO_BIT_OPS=1 -DLIB_PICO_BIT_OPS_PICO=1 -DLIB_PICO_CLIB_INTERFACE=1 -DLIB_PICO_CRT0=1 -DLIB_PICO_CXX_OPTIONS=1 -DLIB_PICO_DIVIDER=1 -DLIB_PICO_DIVIDER_COMPILER=1 -DLIB_PICO_DOUBLE=1 -DLIB_PICO_DOUBLE_PICO=1 -DLIB_PICO_FIX_RP2040_USB_DEVICE_ENUMERATION=1 -DLIB_PICO_FLASH=1 -DLIB_PICO_FLOAT=1 -DLIB_PICO_FLOAT_PICO=1 -DLIB_PICO_FLOAT_PICO_VFP=1 -DLIB_PICO_INT64_OPS=1 -DLIB_PICO_INT64_OPS_COMPILER=1 -DLIB_PICO_MALLOC=1 -DLIB_PICO_MEM_OPS=1 -DLIB_PICO_MEM_OPS_COMPILER=1 -DLIB_PICO_NEWLIB_INTERFACE=1 -DLIB_PICO_PLATFORM=1 -DLIB_PICO_PLATFORM_COMMON=1 -DLIB_PICO_PLATFORM_COMPILER=1 -DLIB_PICO_PLATFORM_PANIC=1 -DLIB_PICO_PLATFORM_SECTIONS=1 -DLIB_PICO_PRINTF=1 -DLIB_PICO_PRINTF_PICO=1 -DLIB_PICO_RUNTIME=1 -DLIB_PICO_RUNTIME_INIT=1 -DLIB_PICO_STANDARD_BINARY_INFO=1 -DLIB_PICO_STANDARD_LINK=1 -DLIB_PICO_STDIO=1 -DLIB_PICO_STDLIB=1 -DLIB_PICO_SYNC=1 -DLIB_PICO_SYNC_CRITICAL_SECTION=1 -DLIB_PICO_SYNC_MUTEX=1 -DLIB_PICO_SYNC_SEM=1 -DLIB_PICO_TIME=1 -DLIB_PICO_TIME_ADAPTER=1 -DLIB_PICO_UNIQUE_ID=1 -DLIB_PICO_UTIL=1 -DLIB_TINYUSB_BOARD=1 -DLIB_TINYUSB_DEVICE=1 -DPICO_32BIT=1 -DPICO_BOARD=\"pico2\" -DPICO_BUILD=1 -DPICO_CMAKE_BUILD_TYPE=\"Release\" -DPICO_COPY_TO_RAM=0 -DPICO_CXX_ENABLE_EXCEPTIONS=0 -DPICO_NO_FLASH=0 -DPICO_NO_HARDWARE=0 -DPICO_ON_DEVICE=1 -DPICO_RP2040_USB_DEVICE_UFRAME_FIX=1 -DPICO_RP2350=1 -DPICO_TARGET_NAME=\"pico_6mic_soundcard\" -DPICO_USE_BLOCKED_RAM=0 -I/home/gpu/het68/build -I/home/gpu/het68 -I/home/gpu/het68/pico-sdk/src/rp2_common/pico_atomic/include -I/home/gpu/het68/pico-sdk/lib/tinyusb/src -I/home/gpu/het68/pico-sdk/src/rp2_common/tinyusb/include -I/home/gpu/het68/pico-sdk/lib/tinyusb/hw -isystem /home/gpu/het68/pico-sdk/src/common/pico_stdlib_headers/include -isystem /home/gpu/het68/pico-sdk/src/rp2_common/hardware_gpio/include -isystem /home/gpu/het68/pico-sdk/src/common/pico_base_headers/include -isystem /home/gpu/het68/build/generated/pico_base -isystem /home/gpu/het68/pico-sdk/src/boards/include -isystem /home/gpu/het68/pico-sdk/src/rp2350/pico_platform/include -isystem /home/gpu/het68/pico-sdk/src/rp2350/hardware_regs/include -isystem /home/gpu/het68/pico-sdk/src/rp2_common/hardware_base/include -isystem /home/gpu/het68/pico-sdk/src/rp2_common/pico_platform_common/include -isystem /home/gpu/het68/pico-sdk/src/rp2_common/pico_platform_compiler/include -isystem /home/gpu/het68/pico-sdk/src/rp2_common/pico_platform_panic/include -isystem /home/gpu/het68/pico-sdk/src/rp2_common/pico_platform_sections/include -isystem /home/gpu/het68/pico-sdk/src/rp2_common/hardware_dcp/include -isystem /home/gpu/het68/pico-sdk/src/rp2350/hardware_structs/include -isystem /home/gpu/het68/pico-sdk/src/rp2_common/hardware_rcp/include -isystem /home/gpu/het68/pico-sdk/src/common/hardware_claim/include -isystem /home/gpu/het68/pico-sdk/src/rp2_common/hardware_sync/include -isystem /home/gpu/het68/pico-sdk/src/rp2_common/hardware_sync_spin_lock/include -isystem /home/gpu/het68/pico-sdk/src/rp2_common/hardware_irq/include -isystem /home/gpu/het68/pico-sdk/src/rp2_common/hardware_uart/include -isystem /home/gpu/het68/pico-sdk/src/rp2_common/hardware_resets/include -isystem /home/gpu/het68/pico-sdk/src/rp2_common/hardware_clocks/include -isystem /home/gpu/het68/pico-sdk/src/rp2_common/hardware_pll/include -isystem /home/gpu/het68/pico-sdk/src/rp2_common/hardware_vreg/include -isystem /home/gpu/het68/pico-sdk/src/rp2_common/hardware_watchdog/include -isystem /home/gpu/het68/pico-sdk/src/rp2_common/hardware_ticks/include -isystem /home/gpu/het68/pico-sdk/src/rp2_common/pico_bootrom/include -isystem /home/gpu/het68/pico-sdk/src/common/boot_picoboot_headers/include -isystem /home/gpu/het68/pico-sdk/src/rp2_common/boot_bootrom_headers/include -isystem /home/gpu/het68/pico-sdk/src/rp2_common/hardware_boot_lock/include -isystem /home/gpu/het68/pico-sdk/src/rp2_common/pico_flash/include -isystem /home/gpu/het68/pico-sdk/src/common/pico_time/include -isystem /home/gpu/het68/pico-sdk/src/rp2_common/hardware_timer/include -isystem /home/gpu/het68/pico-sdk/src/common/pico_sync/include -isystem /home/gpu/het68/pico-sdk/src/common/pico_util/include -isystem /home/gpu/het68/pico-sdk/src/rp2_common/pico_time_adapter/include -isystem /home/gpu/het68/pico-sdk/src/rp2_common/hardware_xosc/include -isystem /home/gpu/het68/pico-sdk/src/rp2_common/hardware_divider/include -isystem /home/gpu/het68/pico-sdk/src/rp2_common/pico_runtime/include -isystem /home/gpu/het68/pico-sdk/src/rp2_common/pico_runtime_init/include -isystem /home/gpu/het68/pico-sdk/src/common/pico_bit_ops_headers/include -isystem /home/gpu/het68/pico-sdk/src/common/pico_divider_headers/include -isystem /home/gpu/het68/pico-sdk/src/rp2_common/pico_double/include -isystem /home/gpu/het68/pico-sdk/src/rp2_common/pico_float/include -isystem /home/gpu/het68/pico-sdk/src/rp2_common/pico_malloc/include -isystem /home/gpu/het68/pico-sdk/src/common/pico_binary_info/include -isystem /home/gpu/het68/pico-sdk/src/rp2_common/pico_printf/include -isystem /home/gpu/het68/pico-sdk/src/rp2_common/pico_stdio/include -isystem /home/gpu/het68/pico-sdk/src/rp2_common/pico_multicore/include -isystem /home/gpu/het68/pico-sdk/src/common/boot_picobin_headers/include -isystem /home/gpu/het68/pico-sdk/src/rp2350/boot_stage2/include -isystem /home/gpu/het68/pico-sdk/src/rp2_common/hardware_pio/include -isystem /home/gpu/het68/pico-sdk/src/rp2_common/hardware_dma/include -isystem /home/gpu/het68/pico-sdk/src/rp2_common/pico_fix/rp2040_usb_device_enumeration/include -isystem /home/gpu/het68/pico-sdk/src/rp2_common/pico_unique_id/include -isystem /home/gpu/het68/pico-sdk/src/rp2_common/hardware_flash/include -isystem /home/gpu/het68/pico-sdk/src/rp2_common/hardware_xip_cache/include -mcpu=cortex-m33 -mthumb -march=armv8-m.main+fp+dsp -mfloat-abi=softfp -mcmse -g -O3 -DNDEBUG -ffunction-sections -fdata-sections -MD -MT CMakeFiles/pico_6mic_soundcard.dir/pico-sdk/lib/tinyusb/src/common/tusb_fifo.c.o -MF CMakeFiles/pico_6mic_soundcard.dir/pico-sdk/lib/tinyusb/src/common/tusb_fifo.c.o.d -o CMakeFiles/pico_6mic_soundcard.dir/pico-sdk/lib/tinyusb/src/common/tusb_fifo.c.o -c /home/gpu/het68/pico-sdk/lib/tinyusb/src/common/tusb_fifo.c
/usr/bin/arm-none-eabi-gcc -DCFG_TUSB_DEBUG=0 -DCFG_TUSB_MCU=OPT_MCU_RP2040 -DCFG_TUSB_OS=OPT_OS_PICO -DLIB_BOOT_STAGE2_HEADERS=1 -DLIB_PICO_ATOMIC=1 -DLIB_PICO_BIT_OPS=1 -DLIB_PICO_BIT_OPS_PICO=1 -DLIB_PICO_CLIB_INTERFACE=1 -DLIB_PICO_CRT0=1 -DLIB_PICO_CXX_OPTIONS=1 -DLIB_PICO_DIVIDER=1 -DLIB_PICO_DIVIDER_COMPILER=1 -DLIB_PICO_DOUBLE=1 -DLIB_PICO_DOUBLE_PICO=1 -DLIB_PICO_FIX_RP2040_USB_DEVICE_ENUMERATION=1 -DLIB_PICO_FLASH=1 -DLIB_PICO_FLOAT=1 -DLIB_PICO_FLOAT_PICO=1 -DLIB_PICO_FLOAT_PICO_VFP=1 -DLIB_PICO_INT64_OPS=1 -DLIB_PICO_INT64_OPS_COMPILER=1 -DLIB_PICO_MALLOC=1 -DLIB_PICO_MEM_OPS=1 -DLIB_PICO_MEM_OPS_COMPILER=1 -DLIB_PICO_NEWLIB_INTERFACE=1 -DLIB_PICO_PLATFORM=1 -DLIB_PICO_PLATFORM_COMMON=1 -DLIB_PICO_PLATFORM_COMPILER=1 -DLIB_PICO_PLATFORM_PANIC=1 -DLIB_PICO_PLATFORM_SECTIONS=1 -DLIB_PICO_PRINTF=1 -DLIB_PICO_PRINTF_PICO=1 -DLIB_PICO_RUNTIME=1 -DLIB_PICO_RUNTIME_INIT=1 -DLIB_PICO_STANDARD_BINARY_INFO=1 -DLIB_PICO_STANDARD_LINK=1 -DLIB_PICO_STDIO=1 -DLIB_PICO_STDLIB=1 -DLIB_PICO_SYNC=1 -DLIB_PICO_SYNC_CRITICAL_SECTION=1 -DLIB_PICO_SYNC_MUTEX=1 -DLIB_PICO_SYNC_SEM=1 -DLIB_PICO_TIME=1 -DLIB_PICO_TIME_ADAPTER=1 -DLIB_PICO_UNIQUE_ID=1 -DLIB_PICO_UTIL=1 -DLIB_TINYUSB_BOARD=1 -DLIB_TINYUSB_DEVICE=1 -DPICO_32BIT=1 -DPICO_BOARD=\"pico2\" -DPICO_BUILD=1 -DPICO_CMAKE_BUILD_TYPE=\"Release\" -DPICO_COPY_TO_RAM=0 -DPICO_CXX_ENABLE_EXCEPTIONS=0 -DPICO_NO_FLASH=0 -DPICO_NO_HARDWARE=0 -DPICO_ON_DEVICE=1 -DPICO_RP2040_USB_DEVICE_UFRAME_FIX=1 -DPICO_RP2350=1 -DPICO_TARGET_NAME=\"pico_6mic_soundcard\" -DPICO_USE_BLOCKED_RAM=0 -I/home/gpu/het68/build -I/home/gpu/het68 -I/home/gpu/het68/pico-sdk/src/rp2_common/pico_atomic/include -I/home/gpu/het68/pico-sdk/lib/tinyusb/src -I/home/gpu/het68/pico-sdk/src/rp2_common/tinyusb/include -I/home/gpu/het68/pico-sdk/lib/tinyusb/hw -isystem /home/gpu/het68/pico-sdk/src/common/pico_stdlib_headers/include -isystem /home/gpu/het68/pico-sdk/src/rp2_common/hardware_gpio/include -isystem /home/gpu/het68/pico-sdk/src/common/pico_base_headers/include -isystem /home/gpu/het68/build/generated/pico_base -isystem /home/gpu/het68/pico-sdk/src/boards/include -isystem /home/gpu/het68/pico-sdk/src/rp2350/pico_platform/include -isystem /home/gpu/het68/pico-sdk/src/rp2350/hardware_regs/include -isystem /home/gpu/het68/pico-sdk/src/rp2_common/hardware_base/include -isystem /home/gpu/het68/pico-sdk/src/rp2_common/pico_platform_common/include -isystem /home/gpu/het68/pico-sdk/src/rp2_common/pico_platform_compiler/include -isystem /home/gpu/het68/pico-sdk/src/rp2_common/pico_platform_panic/include -isystem /home/gpu/het68/pico-sdk/src/rp2_common/pico_platform_sections/include -isystem /home/gpu/het68/pico-sdk/src/rp2_common/hardware_dcp/include -isystem /home/gpu/het68/pico-sdk/src/rp2350/hardware_structs/include -isystem /home/gpu/het68/pico-sdk/src/rp2_common/hardware_rcp/include -isystem /home/gpu/het68/pico-sdk/src/common/hardware_claim/include -isystem /home/gpu/het68/pico-sdk/src/rp2_common/hardware_sync/include -isystem /home/gpu/het68/pico-sdk/src/rp2_common/hardware_sync_spin_lock/include -isystem /home/gpu/het68/pico-sdk/src/rp2_common/hardware_irq/include -isystem /home/gpu/het68/pico-sdk/src/rp2_common/hardware_uart/include -isystem /home/gpu/het68/pico-sdk/src/rp2_common/hardware_resets/include -isystem /home/gpu/het68/pico-sdk/src/rp2_common/hardware_clocks/include -isystem /home/gpu/het68/pico-sdk/src/rp2_common/hardware_pll/include -isystem /home/gpu/het68/pico-sdk/src/rp2_common/hardware_vreg/include -isystem /home/gpu/het68/pico-sdk/src/rp2_common/hardware_watchdog/include -isystem /home/gpu/het68/pico-sdk/src/rp2_common/hardware_ticks/include -isystem /home/gpu/het68/pico-sdk/src/rp2_common/pico_bootrom/include -isystem /home/gpu/het68/pico-sdk/src/common/boot_picoboot_headers/include -isystem /home/gpu/het68/pico-sdk/src/rp2_common/boot_bootrom_headers/include -isystem /home/gpu/het68/pico-sdk/src/rp2_common/hardware_boot_lock/include -isystem /home/gpu/het68/pico-sdk/src/rp2_common/pico_flash/include -isystem /home/gpu/het68/pico-sdk/src/common/pico_time/include -isystem /home/gpu/het68/pico-sdk/src/rp2_common/hardware_timer/include -isystem /home/gpu/het68/pico-sdk/src/common/pico_sync/include -isystem /home/gpu/het68/pico-sdk/src/common/pico_util/include -isystem /home/gpu/het68/pico-sdk/src/rp2_common/pico_time_adapter/include -isystem /home/gpu/het68/pico-sdk/src/rp2_common/hardware_xosc/include -isystem /home/gpu/het68/pico-sdk/src/rp2_common/hardware_divider/include -isystem /home/gpu/het68/pico-sdk/src/rp2_common/pico_runtime/include -isystem /home/gpu/het68/pico-sdk/src/rp2_common/pico_runtime_init/include -isystem /home/gpu/het68/pico-sdk/src/common/pico_bit_ops_headers/include -isystem /home/gpu/het68/pico-sdk/src/common/pico_divider_headers/include -isystem /home/gpu/het68/pico-sdk/src/rp2_common/pico_double/include -isystem /home/gpu/het68/pico-sdk/src/rp2_common/pico_float/include -isystem /home/gpu/het68/pico-sdk/src/rp2_common/pico_malloc/include -isystem /home/gpu/het68/pico-sdk/src/common/pico_binary_info/include -isystem /home/gpu/het68/pico-sdk/src/rp2_common/pico_printf/include -isystem /home/gpu/het68/pico-sdk/src/rp2_common/pico_stdio/include -isystem /home/gpu/het68/pico-sdk/src/rp2_common/pico_multicore/include -isystem /home/gpu/het68/pico-sdk/src/common/boot_picobin_headers/include -isystem /home/gpu/het68/pico-sdk/src/rp2350/boot_stage2/include -isystem /home/gpu/het68/pico-sdk/src/rp2_common/hardware_pio/include -isystem /home/gpu/het68/pico-sdk/src/rp2_common/hardware_dma/include -isystem /home/gpu/het68/pico-sdk/src/rp2_common/pico_fix/rp2040_usb_device_enumeration/include -isystem /home/gpu/het68/pico-sdk/src/rp2_common/pico_unique_id/include -isystem /home/gpu/het68/pico-sdk/src/rp2_common/hardware_flash/include -isystem /home/gpu/het68/pico-sdk/src/rp2_common/hardware_xip_cache/include -mcpu=cortex-m33 -mthumb -march=armv8-m.main+fp+dsp -mfloat-abi=softfp -mcmse -g -O3 -DNDEBUG -ffunction-sections -fdata-sections -MD -MT CMakeFiles/pico_6mic_soundcard.dir/pico-sdk/src/rp2_common/hardware_flash/flash.c.o -MF CMakeFiles/pico_6mic_soundcard.dir/pico-sdk/src/rp2_common/hardware_flash/flash.c.o.d -o CMakeFiles/pico_6mic_soundcard.dir/pico-sdk/src/rp2_common/hardware_flash/flash.c.o -c /home/gpu/het68/pico-sdk/src/rp2_common/hardware_flash/flash.c
/usr/bin/arm-none-eabi-gcc -DCFG_TUSB_DEBUG=0 -DCFG_TUSB_MCU=OPT_MCU_RP2040 -DCFG_TUSB_OS=OPT_OS_PICO -DLIB_BOOT_STAGE2_HEADERS=1 -DLIB_PICO_ATOMIC=1 -DLIB_PICO_BIT_OPS=1 -DLIB_PICO_BIT_OPS_PICO=1 -DLIB_PICO_CLIB_INTERFACE=1 -DLIB_PICO_CRT0=1 -DLIB_PICO_CXX_OPTIONS=1 -DLIB_PICO_DIVIDER=1 -DLIB_PICO_DIVIDER_COMPILER=1 -DLIB_PICO_DOUBLE=1 -DLIB_PICO_DOUBLE_PICO=1 -DLIB_PICO_FIX_RP2040_USB_DEVICE_ENUMERATION=1 -DLIB_PICO_FLASH=1 -DLIB_PICO_FLOAT=1 -DLIB_PICO_FLOAT_PICO=1 -DLIB_PICO_FLOAT_PICO_VFP=1 -DLIB_PICO_INT64_OPS=1 -DLIB_PICO_INT64_OPS_COMPILER=1 -DLIB_PICO_MALLOC=1 -DLIB_PICO_MEM_OPS=1 -DLIB_PICO_MEM_OPS_COMPILER=1 -DLIB_PICO_NEWLIB_INTERFACE=1 -DLIB_PICO_PLATFORM=1 -DLIB_PICO_PLATFORM_COMMON=1 -DLIB_PICO_PLATFORM_COMPILER=1 -DLIB_PICO_PLATFORM_PANIC=1 -DLIB_PICO_PLATFORM_SECTIONS=1 -DLIB_PICO_PRINTF=1 -DLIB_PICO_PRINTF_PICO=1 -DLIB_PICO_RUNTIME=1 -DLIB_PICO_RUNTIME_INIT=1 -DLIB_PICO_STANDARD_BINARY_INFO=1 -DLIB_PICO_STANDARD_LINK=1 -DLIB_PICO_STDIO=1 -DLIB_PICO_STDLIB=1 -DLIB_PICO_SYNC=1 -DLIB_PICO_SYNC_CRITICAL_SECTION=1 -DLIB_PICO_SYNC_MUTEX=1 -DLIB_PICO_SYNC_SEM=1 -DLIB_PICO_TIME=1 -DLIB_PICO_TIME_ADAPTER=1 -DLIB_PICO_UNIQUE_ID=1 -DLIB_PICO_UTIL=1 -DLIB_TINYUSB_BOARD=1 -DLIB_TINYUSB_DEVICE=1 -DPICO_32BIT=1 -DPICO_BOARD=\"pico2\" -DPICO_BUILD=1 -DPICO_CMAKE_BUILD_TYPE=\"Release\" -DPICO_COPY_TO_RAM=0 -DPICO_CXX_ENABLE_EXCEPTIONS=0 -DPICO_NO_FLASH=0 -DPICO_NO_HARDWARE=0 -DPICO_ON_DEVICE=1 -DPICO_RP2040_USB_DEVICE_UFRAME_FIX=1 -DPICO_RP2350=1 -DPICO_TARGET_NAME=\"pico_6mic_soundcard\" -DPICO_USE_BLOCKED_RAM=0 -I/home/gpu/het68/build -I/home/gpu/het68 -I/home/gpu/het68/pico-sdk/src/rp2_common/pico_atomic/include -I/home/gpu/het68/pico-sdk/lib/tinyusb/src -I/home/gpu/het68/pico-sdk/src/rp2_common/tinyusb/include -I/home/gpu/het68/pico-sdk/lib/tinyusb/hw -isystem /home/gpu/het68/pico-sdk/src/common/pico_stdlib_headers/include -isystem /home/gpu/het68/pico-sdk/src/rp2_common/hardware_gpio/include -isystem /home/gpu/het68/pico-sdk/src/common/pico_base_headers/include -isystem /home/gpu/het68/build/generated/pico_base -isystem /home/gpu/het68/pico-sdk/src/boards/include -isystem /home/gpu/het68/pico-sdk/src/rp2350/pico_platform/include -isystem /home/gpu/het68/pico-sdk/src/rp2350/hardware_regs/include -isystem /home/gpu/het68/pico-sdk/src/rp2_common/hardware_base/include -isystem /home/gpu/het68/pico-sdk/src/rp2_common/pico_platform_common/include -isystem /home/gpu/het68/pico-sdk/src/rp2_common/pico_platform_compiler/include -isystem /home/gpu/het68/pico-sdk/src/rp2_common/pico_platform_panic/include -isystem /home/gpu/het68/pico-sdk/src/rp2_common/pico_platform_sections/include -isystem /home/gpu/het68/pico-sdk/src/rp2_common/hardware_dcp/include -isystem /home/gpu/het68/pico-sdk/src/rp2350/hardware_structs/include -isystem /home/gpu/het68/pico-sdk/src/rp2_common/hardware_rcp/include -isystem /home/gpu/het68/pico-sdk/src/common/hardware_claim/include -isystem /home/gpu/het68/pico-sdk/src/rp2_common/hardware_sync/include -isystem /home/gpu/het68/pico-sdk/src/rp2_common/hardware_sync_spin_lock/include -isystem /home/gpu/het68/pico-sdk/src/rp2_common/hardware_irq/include -isystem /home/gpu/het68/pico-sdk/src/rp2_common/hardware_uart/include -isystem /home/gpu/het68/pico-sdk/src/rp2_common/hardware_resets/include -isystem /home/gpu/het68/pico-sdk/src/rp2_common/hardware_clocks/include -isystem /home/gpu/het68/pico-sdk/src/rp2_common/hardware_pll/include -isystem /home/gpu/het68/pico-sdk/src/rp2_common/hardware_vreg/include -isystem /home/gpu/het68/pico-sdk/src/rp2_common/hardware_watchdog/include -isystem /home/gpu/het68/pico-sdk/src/rp2_common/hardware_ticks/include -isystem /home/gpu/het68/pico-sdk/src/rp2_common/pico_bootrom/include -isystem /home/gpu/het68/pico-sdk/src/common/boot_picoboot_headers/include -isystem /home/gpu/het68/pico-sdk/src/rp2_common/boot_bootrom_headers/include -isystem /home/gpu/het68/pico-sdk/src/rp2_common/hardware_boot_lock/include -isystem /home/gpu/het68/pico-sdk/src/rp2_common/pico_flash/include -isystem /home/gpu/het68/pico-sdk/src/common/pico_time/include -isystem /home/gpu/het68/pico-sdk/src/rp2_common/hardware_timer/include -isystem /home/gpu/het68/pico-sdk/src/common/pico_sync/include -isystem /home/gpu/het68/pico-sdk/src/common/pico_util/include -isystem /home/gpu/het68/pico-sdk/src/rp2_common/pico_time_adapter/include -isystem /home/gpu/het68/pico-sdk/src/rp2_common/hardware_xosc/include -isystem /home/gpu/het68/pico-sdk/src/rp2_common/hardware_divider/include -isystem /home/gpu/het68/pico-sdk/src/rp2_common/pico_runtime/include -isystem /home/gpu/het68/pico-sdk/src/rp2_common/pico_runtime_init/include -isystem /home/gpu/het68/pico-sdk/src/common/pico_bit_ops_headers/include -isystem /home/gpu/het68/pico-sdk/src/common/pico_divider_headers/include -isystem /home/gpu/het68/pico-sdk/src/rp2_common/pico_double/include -isystem /home/gpu/het68/pico-sdk/src/rp2_common/pico_float/include -isystem /home/gpu/het68/pico-sdk/src/rp2_common/pico_malloc/include -isystem /home/gpu/het68/pico-sdk/src/common/pico_binary_info/include -isystem /home/gpu/het68/pico-sdk/src/rp2_common/pico_printf/include -isystem /home/gpu/het68/pico-sdk/src/rp2_common/pico_stdio/include -isystem /home/gpu/het68/pico-sdk/src/rp2_common/pico_multicore/include -isystem /home/gpu/het68/pico-sdk/src/common/boot_picobin_headers/include -isystem /home/gpu/het68/pico-sdk/src/rp2350/boot_stage2/include -isystem /home/gpu/het68/pico-sdk/src/rp2_common/hardware_pio/include -isystem /home/gpu/het68/pico-sdk/src/rp2_common/hardware_dma/include -isystem /home/gpu/het68/pico-sdk/src/rp2_common/pico_fix/rp2040_usb_device_enumeration/include -isystem /home/gpu/het68/pico-sdk/src/rp2_common/pico_unique_id/include -isystem /home/gpu/het68/pico-sdk/src/rp2_common/hardware_flash/include -isystem /home/gpu/het68/pico-sdk/src/rp2_common/hardware_xip_cache/include -mcpu=cortex-m33 -mthumb -march=armv8-m.main+fp+dsp -mfloat-abi=softfp -mcmse -g -O3 -DNDEBUG -ffunction-sections -fdata-sections -MD -MT CMakeFiles/pico_6mic_soundcard.dir/pico-sdk/lib/tinyusb/hw/bsp/rp2040/family.c.o -MF CMakeFiles/pico_6mic_soundcard.dir/pico-sdk/lib/tinyusb/hw/bsp/rp2040/family.c.o.d -o CMakeFiles/pico_6mic_soundcard.dir/pico-sdk/lib/tinyusb/hw/bsp/rp2040/family.c.o -c /home/gpu/het68/pico-sdk/lib/tinyusb/hw/bsp/rp2040/family.c
[ 98%] Building C object CMakeFiles/pico_6mic_soundcard.dir/pico-sdk/src/rp2_common/pico_fix/rp2040_usb_device_enumeration/rp2040_usb_device_enumeration.c.o
/usr/bin/arm-none-eabi-gcc -DCFG_TUSB_DEBUG=0 -DCFG_TUSB_MCU=OPT_MCU_RP2040 -DCFG_TUSB_OS=OPT_OS_PICO -DLIB_BOOT_STAGE2_HEADERS=1 -DLIB_PICO_ATOMIC=1 -DLIB_PICO_BIT_OPS=1 -DLIB_PICO_BIT_OPS_PICO=1 -DLIB_PICO_CLIB_INTERFACE=1 -DLIB_PICO_CRT0=1 -DLIB_PICO_CXX_OPTIONS=1 -DLIB_PICO_DIVIDER=1 -DLIB_PICO_DIVIDER_COMPILER=1 -DLIB_PICO_DOUBLE=1 -DLIB_PICO_DOUBLE_PICO=1 -DLIB_PICO_FIX_RP2040_USB_DEVICE_ENUMERATION=1 -DLIB_PICO_FLASH=1 -DLIB_PICO_FLOAT=1 -DLIB_PICO_FLOAT_PICO=1 -DLIB_PICO_FLOAT_PICO_VFP=1 -DLIB_PICO_INT64_OPS=1 -DLIB_PICO_INT64_OPS_COMPILER=1 -DLIB_PICO_MALLOC=1 -DLIB_PICO_MEM_OPS=1 -DLIB_PICO_MEM_OPS_COMPILER=1 -DLIB_PICO_NEWLIB_INTERFACE=1 -DLIB_PICO_PLATFORM=1 -DLIB_PICO_PLATFORM_COMMON=1 -DLIB_PICO_PLATFORM_COMPILER=1 -DLIB_PICO_PLATFORM_PANIC=1 -DLIB_PICO_PLATFORM_SECTIONS=1 -DLIB_PICO_PRINTF=1 -DLIB_PICO_PRINTF_PICO=1 -DLIB_PICO_RUNTIME=1 -DLIB_PICO_RUNTIME_INIT=1 -DLIB_PICO_STANDARD_BINARY_INFO=1 -DLIB_PICO_STANDARD_LINK=1 -DLIB_PICO_STDIO=1 -DLIB_PICO_STDLIB=1 -DLIB_PICO_SYNC=1 -DLIB_PICO_SYNC_CRITICAL_SECTION=1 -DLIB_PICO_SYNC_MUTEX=1 -DLIB_PICO_SYNC_SEM=1 -DLIB_PICO_TIME=1 -DLIB_PICO_TIME_ADAPTER=1 -DLIB_PICO_UNIQUE_ID=1 -DLIB_PICO_UTIL=1 -DLIB_TINYUSB_BOARD=1 -DLIB_TINYUSB_DEVICE=1 -DPICO_32BIT=1 -DPICO_BOARD=\"pico2\" -DPICO_BUILD=1 -DPICO_CMAKE_BUILD_TYPE=\"Release\" -DPICO_COPY_TO_RAM=0 -DPICO_CXX_ENABLE_EXCEPTIONS=0 -DPICO_NO_FLASH=0 -DPICO_NO_HARDWARE=0 -DPICO_ON_DEVICE=1 -DPICO_RP2040_USB_DEVICE_UFRAME_FIX=1 -DPICO_RP2350=1 -DPICO_TARGET_NAME=\"pico_6mic_soundcard\" -DPICO_USE_BLOCKED_RAM=0 -I/home/gpu/het68/build -I/home/gpu/het68 -I/home/gpu/het68/pico-sdk/src/rp2_common/pico_atomic/include -I/home/gpu/het68/pico-sdk/lib/tinyusb/src -I/home/gpu/het68/pico-sdk/src/rp2_common/tinyusb/include -I/home/gpu/het68/pico-sdk/lib/tinyusb/hw -isystem /home/gpu/het68/pico-sdk/src/common/pico_stdlib_headers/include -isystem /home/gpu/het68/pico-sdk/src/rp2_common/hardware_gpio/include -isystem /home/gpu/het68/pico-sdk/src/common/pico_base_headers/include -isystem /home/gpu/het68/build/generated/pico_base -isystem /home/gpu/het68/pico-sdk/src/boards/include -isystem /home/gpu/het68/pico-sdk/src/rp2350/pico_platform/include -isystem /home/gpu/het68/pico-sdk/src/rp2350/hardware_regs/include -isystem /home/gpu/het68/pico-sdk/src/rp2_common/hardware_base/include -isystem /home/gpu/het68/pico-sdk/src/rp2_common/pico_platform_common/include -isystem /home/gpu/het68/pico-sdk/src/rp2_common/pico_platform_compiler/include -isystem /home/gpu/het68/pico-sdk/src/rp2_common/pico_platform_panic/include -isystem /home/gpu/het68/pico-sdk/src/rp2_common/pico_platform_sections/include -isystem /home/gpu/het68/pico-sdk/src/rp2_common/hardware_dcp/include -isystem /home/gpu/het68/pico-sdk/src/rp2350/hardware_structs/include -isystem /home/gpu/het68/pico-sdk/src/rp2_common/hardware_rcp/include -isystem /home/gpu/het68/pico-sdk/src/common/hardware_claim/include -isystem /home/gpu/het68/pico-sdk/src/rp2_common/hardware_sync/include -isystem /home/gpu/het68/pico-sdk/src/rp2_common/hardware_sync_spin_lock/include -isystem /home/gpu/het68/pico-sdk/src/rp2_common/hardware_irq/include -isystem /home/gpu/het68/pico-sdk/src/rp2_common/hardware_uart/include -isystem /home/gpu/het68/pico-sdk/src/rp2_common/hardware_resets/include -isystem /home/gpu/het68/pico-sdk/src/rp2_common/hardware_clocks/include -isystem /home/gpu/het68/pico-sdk/src/rp2_common/hardware_pll/include -isystem /home/gpu/het68/pico-sdk/src/rp2_common/hardware_vreg/include -isystem /home/gpu/het68/pico-sdk/src/rp2_common/hardware_watchdog/include -isystem /home/gpu/het68/pico-sdk/src/rp2_common/hardware_ticks/include -isystem /home/gpu/het68/pico-sdk/src/rp2_common/pico_bootrom/include -isystem /home/gpu/het68/pico-sdk/src/common/boot_picoboot_headers/include -isystem /home/gpu/het68/pico-sdk/src/rp2_common/boot_bootrom_headers/include -isystem /home/gpu/het68/pico-sdk/src/rp2_common/hardware_boot_lock/include -isystem /home/gpu/het68/pico-sdk/src/rp2_common/pico_flash/include -isystem /home/gpu/het68/pico-sdk/src/common/pico_time/include -isystem /home/gpu/het68/pico-sdk/src/rp2_common/hardware_timer/include -isystem /home/gpu/het68/pico-sdk/src/common/pico_sync/include -isystem /home/gpu/het68/pico-sdk/src/common/pico_util/include -isystem /home/gpu/het68/pico-sdk/src/rp2_common/pico_time_adapter/include -isystem /home/gpu/het68/pico-sdk/src/rp2_common/hardware_xosc/include -isystem /home/gpu/het68/pico-sdk/src/rp2_common/hardware_divider/include -isystem /home/gpu/het68/pico-sdk/src/rp2_common/pico_runtime/include -isystem /home/gpu/het68/pico-sdk/src/rp2_common/pico_runtime_init/include -isystem /home/gpu/het68/pico-sdk/src/common/pico_bit_ops_headers/include -isystem /home/gpu/het68/pico-sdk/src/common/pico_divider_headers/include -isystem /home/gpu/het68/pico-sdk/src/rp2_common/pico_double/include -isystem /home/gpu/het68/pico-sdk/src/rp2_common/pico_float/include -isystem /home/gpu/het68/pico-sdk/src/rp2_common/pico_malloc/include -isystem /home/gpu/het68/pico-sdk/src/common/pico_binary_info/include -isystem /home/gpu/het68/pico-sdk/src/rp2_common/pico_printf/include -isystem /home/gpu/het68/pico-sdk/src/rp2_common/pico_stdio/include -isystem /home/gpu/het68/pico-sdk/src/rp2_common/pico_multicore/include -isystem /home/gpu/het68/pico-sdk/src/common/boot_picobin_headers/include -isystem /home/gpu/het68/pico-sdk/src/rp2350/boot_stage2/include -isystem /home/gpu/het68/pico-sdk/src/rp2_common/hardware_pio/include -isystem /home/gpu/het68/pico-sdk/src/rp2_common/hardware_dma/include -isystem /home/gpu/het68/pico-sdk/src/rp2_common/pico_fix/rp2040_usb_device_enumeration/include -isystem /home/gpu/het68/pico-sdk/src/rp2_common/pico_unique_id/include -isystem /home/gpu/het68/pico-sdk/src/rp2_common/hardware_flash/include -isystem /home/gpu/het68/pico-sdk/src/rp2_common/hardware_xip_cache/include -mcpu=cortex-m33 -mthumb -march=armv8-m.main+fp+dsp -mfloat-abi=softfp -mcmse -g -O3 -DNDEBUG -ffunction-sections -fdata-sections -MD -MT CMakeFiles/pico_6mic_soundcard.dir/pico-sdk/src/rp2_common/pico_fix/rp2040_usb_device_enumeration/rp2040_usb_device_enumeration.c.o -MF CMakeFiles/pico_6mic_soundcard.dir/pico-sdk/src/rp2_common/pico_fix/rp2040_usb_device_enumeration/rp2040_usb_device_enumeration.c.o.d -o CMakeFiles/pico_6mic_soundcard.dir/pico-sdk/src/rp2_common/pico_fix/rp2040_usb_device_enumeration/rp2040_usb_device_enumeration.c.o -c /home/gpu/het68/pico-sdk/src/rp2_common/pico_fix/rp2040_usb_device_enumeration/rp2040_usb_device_enumeration.c
[100%] Linking CXX executable pico_6mic_soundcard.elf
/usr/bin/cmake -E cmake_link_script CMakeFiles/pico_6mic_soundcard.dir/link.txt --verbose=1
/usr/bin/arm-none-eabi-g++ -mcpu=cortex-m33 -mthumb -march=armv8-m.main+fp+dsp -mfloat-abi=softfp -mcmse -g -O3 -DNDEBUG -Wl,--build-id=none -Wl,-Map=/home/gpu/het68/build/pico_6mic_soundcard.elf.map --specs=nosys.specs -Wl,--wrap=__ctzdi2 -Wl,--wrap=__aeabi_dadd -Wl,--wrap=__aeabi_ddiv -Wl,--wrap=__aeabi_dmul -Wl,--wrap=__aeabi_drsub -Wl,--wrap=__aeabi_dsub -Wl,--wrap=__aeabi_cdcmpeq -Wl,--wrap=__aeabi_cdrcmple -Wl,--wrap=__aeabi_cdcmple -Wl,--wrap=__aeabi_dcmpeq -Wl,--wrap=__aeabi_dcmplt -Wl,--wrap=__aeabi_dcmple -Wl,--wrap=__aeabi_dcmpge -Wl,--wrap=__aeabi_dcmpgt -Wl,--wrap=__aeabi_dcmpun -Wl,--wrap=__aeabi_i2d -Wl,--wrap=__aeabi_l2d -Wl,--wrap=__aeabi_ui2d -Wl,--wrap=__aeabi_ul2d -Wl,--wrap=__aeabi_d2iz -Wl,--wrap=__aeabi_d2lz -Wl,--wrap=__aeabi_d2uiz -Wl,--wrap=__aeabi_d2ulz -Wl,--wrap=__aeabi_d2f -Wl,--wrap=sqrt -Wl,--wrap=cos -Wl,--wrap=sin -Wl,--wrap=tan -Wl,--wrap=atan2 -Wl,--wrap=exp -Wl,--wrap=log -Wl,--wrap=ldexp -Wl,--wrap=copysign -Wl,--wrap=trunc -Wl,--wrap=floor -Wl,--wrap=ceil -Wl,--wrap=round -Wl,--wrap=sincos -Wl,--wrap=asin -Wl,--wrap=acos -Wl,--wrap=atan -Wl,--wrap=sinh -Wl,--wrap=cosh -Wl,--wrap=tanh -Wl,--wrap=asinh -Wl,--wrap=acosh -Wl,--wrap=atanh -Wl,--wrap=exp2 -Wl,--wrap=log2 -Wl,--wrap=exp10 -Wl,--wrap=log10 -Wl,--wrap=pow -Wl,--wrap=powint -Wl,--wrap=hypot -Wl,--wrap=cbrt -Wl,--wrap=fmod -Wl,--wrap=drem -Wl,--wrap=remainder -Wl,--wrap=remquo -Wl,--wrap=expm1 -Wl,--wrap=log1p -Wl,--wrap=fma -Wl,--wrap=__aeabi_l2f -Wl,--wrap=__aeabi_ul2f -Wl,--wrap=__aeabi_f2lz -Wl,--wrap=__aeabi_f2ulz -Wl,--wrap=cosf -Wl,--wrap=sinf -Wl,--wrap=tanf -Wl,--wrap=atan2f -Wl,--wrap=expf -Wl,--wrap=logf -Wl,--wrap=sincosf -Wl,--wrap=ldexpf -Wl,--wrap=copysignf -Wl,--wrap=truncf -Wl,--wrap=floorf -Wl,--wrap=ceilf -Wl,--wrap=roundf -Wl,--wrap=asinf -Wl,--wrap=acosf -Wl,--wrap=atanf -Wl,--wrap=sinhf -Wl,--wrap=coshf -Wl,--wrap=tanhf -Wl,--wrap=asinhf -Wl,--wrap=acoshf -Wl,--wrap=atanhf -Wl,--wrap=exp2f -Wl,--wrap=log2f -Wl,--wrap=exp10f -Wl,--wrap=log10f -Wl,--wrap=powf -Wl,--wrap=powintf -Wl,--wrap=hypotf -Wl,--wrap=cbrtf -Wl,--wrap=fmodf -Wl,--wrap=dremf -Wl,--wrap=remainderf -Wl,--wrap=remquof -Wl,--wrap=expm1f -Wl,--wrap=log1pf -Wl,--wrap=fmaf -Wl,--wrap=malloc -Wl,--wrap=calloc -Wl,--wrap=realloc -Wl,--wrap=free -Wl,-L/home/gpu/het68/build -Wl,--script=/home/gpu/het68/pico-sdk/src/rp2_common/pico_crt0/rp2350/memmap_default.ld -Wl,-z,max-page-size=4096 -Wl,--gc-sections -Wl,--no-warn-rwx-segments -Wl,--wrap=sprintf -Wl,--wrap=snprintf -Wl,--wrap=vsnprintf -Wl,--wrap=printf -Wl,--wrap=vprintf -Wl,--wrap=puts -Wl,--wrap=putchar -Wl,--wrap=getchar CMakeFiles/pico_6mic_soundcard.dir/main.c.o CMakeFiles/pico_6mic_soundcard.dir/usb_descriptors.c.o "CMakeFiles/pico_6mic_soundcard.dir/pico-sdk/src/rp2_common/pico_stdlib/stdlib.c.o" "CMakeFiles/pico_6mic_soundcard.dir/pico-sdk/src/rp2_common/hardware_gpio/gpio.c.o" "CMakeFiles/pico_6mic_soundcard.dir/pico-sdk/src/rp2350/pico_platform/platform.c.o" "CMakeFiles/pico_6mic_soundcard.dir/pico-sdk/src/rp2_common/pico_platform_common/common.c.o" "CMakeFiles/pico_6mic_soundcard.dir/pico-sdk/src/rp2_common/pico_platform_panic/panic.c.o" "CMakeFiles/pico_6mic_soundcard.dir/pico-sdk/src/common/hardware_claim/claim.c.o" "CMakeFiles/pico_6mic_soundcard.dir/pico-sdk/src/rp2_common/hardware_sync/sync.c.o" "CMakeFiles/pico_6mic_soundcard.dir/pico-sdk/src/rp2_common/hardware_sync_spin_lock/sync_spin_lock.c.o" "CMakeFiles/pico_6mic_soundcard.dir/pico-sdk/src/rp2_common/hardware_irq/irq.c.o" "CMakeFiles/pico_6mic_soundcard.dir/pico-sdk/src/rp2_common/hardware_irq/irq_handler_chain.S.o" "CMakeFiles/pico_6mic_soundcard.dir/pico-sdk/src/common/pico_sync/sem.c.o" "CMakeFiles/pico_6mic_soundcard.dir/pico-sdk/src/common/pico_sync/lock_core.c.o" "CMakeFiles/pico_6mic_soundcard.dir/pico-sdk/src/common/pico_sync/mutex.c.o" "CMakeFiles/pico_6mic_soundcard.dir/pico-sdk/src/common/pico_sync/critical_section.c.o" "CMakeFiles/pico_6mic_soundcard.dir/pico-sdk/src/common/pico_time/time.c.o" "CMakeFiles/pico_6mic_soundcard.dir/pico-sdk/src/common/pico_time/timeout_helper.c.o" "CMakeFiles/pico_6mic_soundcard.dir/pico-sdk/src/rp2_common/hardware_timer/timer.c.o" "CMakeFiles/pico_6mic_soundcard.dir/pico-sdk/src/common/pico_util/datetime.c.o" "CMakeFiles/pico_6mic_soundcard.dir/pico-sdk/src/common/pico_util/pheap.c.o" "CMakeFiles/pico_6mic_soundcard.dir/pico-sdk/src/common/pico_util/queue.c.o" "CMakeFiles/pico_6mic_soundcard.dir/pico-sdk/src/rp2_common/hardware_uart/uart.c.o" "CMakeFiles/pico_6mic_soundcard.dir/pico-sdk/src/rp2_common/hardware_clocks/clocks.c.o" "CMakeFiles/pico_6mic_soundcard.dir/pico-sdk/src/rp2_common/hardware_pll/pll.c.o" "CMakeFiles/pico_6mic_soundcard.dir/pico-sdk/src/rp2_common/hardware_vreg/vreg.c.o" "CMakeFiles/pico_6mic_soundcard.dir/pico-sdk/src/rp2_common/hardware_watchdog/watchdog.c.o" "CMakeFiles/pico_6mic_soundcard.dir/pico-sdk/src/rp2_common/hardware_ticks/ticks.c.o" "CMakeFiles/pico_6mic_soundcard.dir/pico-sdk/src/rp2_common/pico_bootrom/bootrom.c.o" "CMakeFiles/pico_6mic_soundcard.dir/pico-sdk/src/rp2_common/pico_bootrom/bootrom_lock.c.o" "CMakeFiles/pico_6mic_soundcard.dir/pico-sdk/src/rp2_common/hardware_boot_lock/boot_lock.c.o" "CMakeFiles/pico_6mic_soundcard.dir/pico-sdk/src/rp2_common/pico_flash/flash.c.o" "CMakeFiles/pico_6mic_soundcard.dir/pico-sdk/src/rp2_common/hardware_xosc/xosc.c.o" "CMakeFiles/pico_6mic_soundcard.dir/pico-sdk/src/rp2_common/hardware_divider/divider.c.o" "CMakeFiles/pico_6mic_soundcard.dir/pico-sdk/src/rp2_common/pico_runtime/runtime.c.o" "CMakeFiles/pico_6mic_soundcard.dir/pico-sdk/src/rp2_common/pico_runtime_init/runtime_init.c.o" "CMakeFiles/pico_6mic_soundcard.dir/pico-sdk/src/rp2_common/pico_runtime_init/runtime_init_clocks.c.o" "CMakeFiles/pico_6mic_soundcard.dir/pico-sdk/src/rp2_common/pico_runtime_init/runtime_init_stack_guard.c.o" "CMakeFiles/pico_6mic_soundcard.dir/pico-sdk/src/rp2_common/pico_bit_ops/bit_ops_aeabi.S.o" "CMakeFiles/pico_6mic_soundcard.dir/pico-sdk/src/rp2_common/pico_divider/divider_compiler.c.o" "CMakeFiles/pico_6mic_soundcard.dir/pico-sdk/src/rp2_common/pico_double/double_math.c.o" "CMakeFiles/pico_6mic_soundcard.dir/pico-sdk/src/rp2_common/pico_double/double_aeabi_dcp.S.o" "CMakeFiles/pico_6mic_soundcard.dir/pico-sdk/src/rp2_common/pico_double/double_fma_dcp.S.o" "CMakeFiles/pico_6mic_soundcard.dir/pico-sdk/src/rp2_common/pico_double/double_sci_m33.S.o" "CMakeFiles/pico_6mic_soundcard.dir/pico-sdk/src/rp2_common/pico_double/double_conv_m33.S.o" "CMakeFiles/pico_6mic_soundcard.dir/pico-sdk/src/rp2_common/pico_float/float_math.c.o" "CMakeFiles/pico_6mic_soundcard.dir/pico-sdk/src/rp2_common/pico_float/float_conv32_vfp.S.o" "CMakeFiles/pico_6mic_soundcard.dir/pico-sdk/src/rp2_common/pico_float/float_common_m33.S.o" "CMakeFiles/pico_6mic_soundcard.dir/pico-sdk/src/rp2_common/pico_float/float_sci_m33_vfp.S.o" "CMakeFiles/pico_6mic_soundcard.dir/pico-sdk/src/rp2_common/pico_malloc/malloc.c.o" "CMakeFiles/pico_6mic_soundcard.dir/pico-sdk/src/rp2_common/pico_atomic/atomic.c.o" "CMakeFiles/pico_6mic_soundcard.dir/pico-sdk/src/rp2_common/pico_cxx_options/new_delete.cpp.o" "CMakeFiles/pico_6mic_soundcard.dir/pico-sdk/src/rp2_common/pico_standard_binary_info/standard_binary_info.c.o" "CMakeFiles/pico_6mic_soundcard.dir/pico-sdk/src/rp2_common/pico_printf/printf.c.o" "CMakeFiles/pico_6mic_soundcard.dir/pico-sdk/src/rp2_common/pico_crt0/crt0.S.o" "CMakeFiles/pico_6mic_soundcard.dir/pico-sdk/src/rp2_common/pico_clib_interface/newlib_interface.c.o" "CMakeFiles/pico_6mic_soundcard.dir/pico-sdk/src/rp2_common/pico_stdio/stdio.c.o" "CMakeFiles/pico_6mic_soundcard.dir/pico-sdk/src/rp2_common/hardware_pio/pio.c.o" "CMakeFiles/pico_6mic_soundcard.dir/pico-sdk/src/rp2_common/hardware_dma/dma.c.o" "CMakeFiles/pico_6mic_soundcard.dir/pico-sdk/lib/tinyusb/src/portable/raspberrypi/rp2040/dcd_rp2040.c.o" "CMakeFiles/pico_6mic_soundcard.dir/pico-sdk/lib/tinyusb/src/portable/raspberrypi/rp2040/rp2040_usb.c.o" "CMakeFiles/pico_6mic_soundcard.dir/pico-sdk/lib/tinyusb/src/device/usbd.c.o" "CMakeFiles/pico_6mic_soundcard.dir/pico-sdk/lib/tinyusb/src/device/usbd_control.c.o" "CMakeFiles/pico_6mic_soundcard.dir/pico-sdk/lib/tinyusb/src/class/audio/audio_device.c.o" "CMakeFiles/pico_6mic_soundcard.dir/pico-sdk/lib/tinyusb/src/class/cdc/cdc_device.c.o" "CMakeFiles/pico_6mic_soundcard.dir/pico-sdk/lib/tinyusb/src/class/dfu/dfu_device.c.o" "CMakeFiles/pico_6mic_soundcard.dir/pico-sdk/lib/tinyusb/src/class/dfu/dfu_rt_device.c.o" "CMakeFiles/pico_6mic_soundcard.dir/pico-sdk/lib/tinyusb/src/class/hid/hid_device.c.o" "CMakeFiles/pico_6mic_soundcard.dir/pico-sdk/lib/tinyusb/src/class/midi/midi_device.c.o" "CMakeFiles/pico_6mic_soundcard.dir/pico-sdk/lib/tinyusb/src/class/msc/msc_device.c.o" "CMakeFiles/pico_6mic_soundcard.dir/pico-sdk/lib/tinyusb/src/class/net/ecm_rndis_device.c.o" "CMakeFiles/pico_6mic_soundcard.dir/pico-sdk/lib/tinyusb/src/class/net/ncm_device.c.o" "CMakeFiles/pico_6mic_soundcard.dir/pico-sdk/lib/tinyusb/src/class/usbtmc/usbtmc_device.c.o" "CMakeFiles/pico_6mic_soundcard.dir/pico-sdk/lib/tinyusb/src/class/vendor/vendor_device.c.o" "CMakeFiles/pico_6mic_soundcard.dir/pico-sdk/lib/tinyusb/src/class/video/video_device.c.o" "CMakeFiles/pico_6mic_soundcard.dir/pico-sdk/lib/tinyusb/src/tusb.c.o" "CMakeFiles/pico_6mic_soundcard.dir/pico-sdk/lib/tinyusb/src/common/tusb_fifo.c.o" "CMakeFiles/pico_6mic_soundcard.dir/pico-sdk/src/rp2_common/pico_fix/rp2040_usb_device_enumeration/rp2040_usb_device_enumeration.c.o" "CMakeFiles/pico_6mic_soundcard.dir/pico-sdk/lib/tinyusb/hw/bsp/rp2040/family.c.o" "CMakeFiles/pico_6mic_soundcard.dir/pico-sdk/src/rp2_common/pico_unique_id/unique_id.c.o" "CMakeFiles/pico_6mic_soundcard.dir/pico-sdk/src/rp2_common/hardware_flash/flash.c.o" "CMakeFiles/pico_6mic_soundcard.dir/pico-sdk/src/rp2_common/hardware_xip_cache/xip_cache.c.o" -o pico_6mic_soundcard.elf  pico-sdk/src/rp2350/boot_stage2/CMakeFiles/bs2_default_library.dir/bs2_default_padded_checksummed.S.o 
/usr/bin/arm-none-eabi-objdump -h /home/gpu/het68/build/pico_6mic_soundcard.elf > pico_6mic_soundcard.dis
/usr/bin/arm-none-eabi-objdump -d /home/gpu/het68/build/pico_6mic_soundcard.elf >> pico_6mic_soundcard.dis
_deps/picotool/picotool coprodis --quiet pico_6mic_soundcard.dis pico_6mic_soundcard.dis
/usr/bin/arm-none-eabi-objcopy -Oihex /home/gpu/het68/build/pico_6mic_soundcard.elf pico_6mic_soundcard.hex
/usr/bin/arm-none-eabi-objcopy -Obinary /home/gpu/het68/build/pico_6mic_soundcard.elf pico_6mic_soundcard.bin
_deps/picotool/picotool uf2 convert --quiet /home/gpu/het68/build/pico_6mic_soundcard.elf pico_6mic_soundcard.uf2 --family rp2350-arm-s --abs-block
gmake[2]: Leaving directory '/home/gpu/het68/build'
[100%] Built target pico_6mic_soundcard
gmake[1]: Leaving directory '/home/gpu/het68/build'
/usr/bin/cmake -E cmake_progress_start /home/gpu/het68/build/CMakeFiles 0

